{"docente":{"nome":"Ingrid","departamento":"IQ","id":1035},"atividades":[{"id":23,"peso":1},{"id":45,"peso":19},{"id":138,"peso":8},{"id":170,"peso":9},{"id":80,"peso":17},{"id":35,"peso":20},{"id":86,"peso":13},{"id":147,"peso":18},{"id":89,"peso":1},{"id":195,"peso":14},{"id":17,"peso":2},{"id":50,"peso":3},{"id":69,"peso":18},{"id":57,"peso":17},{"id":150,"peso":5},{"id":182,"peso":3},{"id":65,"peso":1},{"id":191,"peso":7},{"id":41,"peso":10},{"id":145,"peso":2},{"id":84,"peso":3},{"id":101,"peso":4},{"id":96,"peso":18},{"id":22,"peso":17},{"id":37,"peso":0},{"id":131,"peso":3},{"id":125,"peso":11},{"id":178,"peso":10},{"id":114,"peso":12},{"id":121,"peso":1},{"id":179,"peso":2},{"id":100,"peso":10},{"id":124,"peso":13},{"id":192,"peso":9},{"id":60,"peso":10},{"id":20,"peso":20},{"id":92,"peso":8},{"id":158,"peso":9},{"id":68,"peso":2},{"id":18,"peso":14},{"id":28,"peso":7},{"id":90,"peso":15},{"id":14,"peso":13},{"id":98,"peso":9},{"id":141,"peso":0},{"id":49,"peso":14},{"id":54,"peso":17},{"id":113,"peso":13},{"id":77,"peso":6},{"id":48,"peso":9},{"id":162,"peso":14},{"id":128,"peso":16},{"id":76,"peso":4},{"id":39,"peso":14},{"id":160,"peso":6},{"id":34,"peso":16},{"id":116,"peso":18},{"id":181,"peso":14},{"id":52,"peso":11},{"id":8,"peso":11},{"id":61,"peso":5},{"id":82,"peso":15},{"id":105,"peso":4},{"id":59,"peso":11},{"id":161,"peso":8},{"id":153,"peso":1},{"id":95,"peso":13},{"id":152,"peso":10},{"id":70,"peso":7},{"id":183,"peso":15},{"id":103,"peso":4},{"id":117,"peso":0},{"id":149,"peso":15},{"id":151,"peso":2},{"id":11,"peso":0},{"id":33,"peso":9},{"id":189,"peso":10},{"id":74,"peso":0},{"id":163,"peso":19}]}