{"docente":{"nome":"Ingrid","departamento":"ICB","id":1072},"atividades":[{"id":175,"peso":9},{"id":139,"peso":10},{"id":122,"peso":0},{"id":183,"peso":2},{"id":166,"peso":13},{"id":123,"peso":1},{"id":11,"peso":16},{"id":73,"peso":11},{"id":124,"peso":9},{"id":194,"peso":1},{"id":137,"peso":12},{"id":138,"peso":5},{"id":198,"peso":4},{"id":172,"peso":18},{"id":109,"peso":10},{"id":169,"peso":14},{"id":129,"peso":7},{"id":21,"peso":6},{"id":26,"peso":8},{"id":44,"peso":0},{"id":184,"peso":11},{"id":146,"peso":0},{"id":173,"peso":0},{"id":24,"peso":14},{"id":168,"peso":2},{"id":182,"peso":13},{"id":153,"peso":4},{"id":170,"peso":4},{"id":3,"peso":13},{"id":53,"peso":1},{"id":98,"peso":0},{"id":33,"peso":16},{"id":119,"peso":19},{"id":63,"peso":19},{"id":188,"peso":9},{"id":144,"peso":10},{"id":179,"peso":6},{"id":152,"peso":6},{"id":43,"peso":19},{"id":171,"peso":13},{"id":9,"peso":19},{"id":115,"peso":0},{"id":76,"peso":9},{"id":23,"peso":1},{"id":74,"peso":6},{"id":17,"peso":9},{"id":106,"peso":5},{"id":78,"peso":11},{"id":107,"peso":20},{"id":190,"peso":7},{"id":81,"peso":18},{"id":154,"peso":1},{"id":6,"peso":8},{"id":67,"peso":1},{"id":111,"peso":9},{"id":147,"peso":9},{"id":88,"peso":3},{"id":13,"peso":15},{"id":85,"peso":5},{"id":195,"peso":20},{"id":35,"peso":1},{"id":46,"peso":18},{"id":141,"peso":3},{"id":149,"peso":14},{"id":131,"peso":20},{"id":95,"peso":3},{"id":186,"peso":6},{"id":29,"peso":13},{"id":185,"peso":8},{"id":187,"peso":17},{"id":180,"peso":15},{"id":90,"peso":15},{"id":71,"peso":14},{"id":84,"peso":5},{"id":72,"peso":17},{"id":132,"peso":5},{"id":97,"peso":3},{"id":22,"peso":4},{"id":108,"peso":6}]}