{"docente":{"nome":"Marcelo","departamento":"IQ","id":1139},"atividades":[{"id":107,"peso":12},{"id":176,"peso":16},{"id":94,"peso":5},{"id":92,"peso":13},{"id":127,"peso":3},{"id":150,"peso":6},{"id":184,"peso":7},{"id":98,"peso":10},{"id":180,"peso":6},{"id":30,"peso":1},{"id":91,"peso":20},{"id":102,"peso":15},{"id":6,"peso":8},{"id":175,"peso":4},{"id":148,"peso":10},{"id":26,"peso":7},{"id":39,"peso":9},{"id":161,"peso":0},{"id":183,"peso":15},{"id":166,"peso":3},{"id":84,"peso":10},{"id":135,"peso":3},{"id":74,"peso":3},{"id":106,"peso":4},{"id":8,"peso":5},{"id":42,"peso":8},{"id":4,"peso":12},{"id":158,"peso":2},{"id":193,"peso":0},{"id":174,"peso":8},{"id":194,"peso":3},{"id":112,"peso":10},{"id":14,"peso":2},{"id":191,"peso":16},{"id":20,"peso":4},{"id":129,"peso":16},{"id":141,"peso":1},{"id":156,"peso":19},{"id":51,"peso":18},{"id":10,"peso":2},{"id":187,"peso":12},{"id":96,"peso":2},{"id":195,"peso":14},{"id":157,"peso":0},{"id":130,"peso":17},{"id":3,"peso":18},{"id":13,"peso":11},{"id":38,"peso":5},{"id":140,"peso":6},{"id":22,"peso":5},{"id":122,"peso":19},{"id":1,"peso":6},{"id":83,"peso":19},{"id":9,"peso":17},{"id":163,"peso":2},{"id":154,"peso":0},{"id":153,"peso":13},{"id":165,"peso":14},{"id":61,"peso":13},{"id":118,"peso":15},{"id":185,"peso":9},{"id":146,"peso":2},{"id":177,"peso":1},{"id":134,"peso":11},{"id":192,"peso":9},{"id":143,"peso":18},{"id":89,"peso":20},{"id":162,"peso":7},{"id":132,"peso":16},{"id":113,"peso":19},{"id":70,"peso":4},{"id":53,"peso":8},{"id":85,"peso":16},{"id":168,"peso":3},{"id":23,"peso":8},{"id":7,"peso":20},{"id":63,"peso":7},{"id":137,"peso":10},{"id":173,"peso":16},{"id":147,"peso":10},{"id":76,"peso":19},{"id":170,"peso":18},{"id":179,"peso":7},{"id":40,"peso":16}]}