{"docente":{"nome":"Paulo","departamento":"ICB","id":1397},"atividades":[{"id":49,"peso":14},{"id":154,"peso":7},{"id":2,"peso":11},{"id":41,"peso":1},{"id":117,"peso":1},{"id":130,"peso":20},{"id":192,"peso":10},{"id":16,"peso":15},{"id":124,"peso":7},{"id":67,"peso":20},{"id":136,"peso":3},{"id":132,"peso":15},{"id":163,"peso":10},{"id":65,"peso":20},{"id":101,"peso":15},{"id":133,"peso":10},{"id":144,"peso":10},{"id":118,"peso":9},{"id":171,"peso":16},{"id":34,"peso":14},{"id":75,"peso":3},{"id":89,"peso":19},{"id":125,"peso":19},{"id":94,"peso":13},{"id":150,"peso":18},{"id":15,"peso":2},{"id":140,"peso":9},{"id":165,"peso":20},{"id":95,"peso":15},{"id":92,"peso":12},{"id":58,"peso":5},{"id":147,"peso":14},{"id":3,"peso":2},{"id":157,"peso":4},{"id":63,"peso":17},{"id":194,"peso":14},{"id":57,"peso":0},{"id":155,"peso":10},{"id":181,"peso":18},{"id":61,"peso":7},{"id":113,"peso":13},{"id":195,"peso":20},{"id":197,"peso":13},{"id":73,"peso":10},{"id":83,"peso":20},{"id":153,"peso":6},{"id":114,"peso":15},{"id":84,"peso":19},{"id":134,"peso":19},{"id":43,"peso":14},{"id":128,"peso":15},{"id":168,"peso":19},{"id":111,"peso":3},{"id":42,"peso":2},{"id":9,"peso":6},{"id":110,"peso":7},{"id":143,"peso":5},{"id":26,"peso":4},{"id":44,"peso":12},{"id":158,"peso":9},{"id":68,"peso":14},{"id":198,"peso":9},{"id":77,"peso":7},{"id":47,"peso":6},{"id":190,"peso":5},{"id":21,"peso":6},{"id":17,"peso":15},{"id":131,"peso":8},{"id":156,"peso":11},{"id":159,"peso":17},{"id":137,"peso":13},{"id":115,"peso":20},{"id":25,"peso":20},{"id":151,"peso":14},{"id":166,"peso":1},{"id":7,"peso":16},{"id":70,"peso":19},{"id":164,"peso":12},{"id":52,"peso":16},{"id":178,"peso":5},{"id":37,"peso":8},{"id":120,"peso":17}]}