{"docente":{"nome":"Pedro","departamento":"ICB","id":1145},"atividades":[{"id":132,"peso":17},{"id":194,"peso":11},{"id":14,"peso":11},{"id":130,"peso":15},{"id":68,"peso":15},{"id":176,"peso":18},{"id":175,"peso":8},{"id":101,"peso":17},{"id":123,"peso":14},{"id":195,"peso":20},{"id":95,"peso":10},{"id":153,"peso":15},{"id":92,"peso":19},{"id":43,"peso":0},{"id":82,"peso":10},{"id":48,"peso":10},{"id":128,"peso":11},{"id":110,"peso":0},{"id":187,"peso":18},{"id":111,"peso":15},{"id":133,"peso":16},{"id":32,"peso":2},{"id":192,"peso":11},{"id":99,"peso":20},{"id":2,"peso":9},{"id":52,"peso":13},{"id":96,"peso":0},{"id":161,"peso":10},{"id":19,"peso":11},{"id":145,"peso":13},{"id":64,"peso":8},{"id":125,"peso":20},{"id":172,"peso":19},{"id":77,"peso":18},{"id":122,"peso":15},{"id":178,"peso":15},{"id":188,"peso":16},{"id":81,"peso":5},{"id":84,"peso":10},{"id":47,"peso":13},{"id":181,"peso":3},{"id":55,"peso":7},{"id":72,"peso":11},{"id":70,"peso":2},{"id":166,"peso":0},{"id":137,"peso":12},{"id":76,"peso":5},{"id":67,"peso":3},{"id":100,"peso":10},{"id":165,"peso":7},{"id":13,"peso":11},{"id":31,"peso":16},{"id":74,"peso":18},{"id":24,"peso":12},{"id":69,"peso":20},{"id":134,"peso":6},{"id":73,"peso":4},{"id":197,"peso":18},{"id":105,"peso":14},{"id":3,"peso":20},{"id":65,"peso":8},{"id":26,"peso":15},{"id":18,"peso":11},{"id":57,"peso":16},{"id":107,"peso":20},{"id":63,"peso":18},{"id":108,"peso":20},{"id":114,"peso":18},{"id":98,"peso":9},{"id":53,"peso":0},{"id":163,"peso":6},{"id":183,"peso":12},{"id":28,"peso":0},{"id":79,"peso":13},{"id":10,"peso":13},{"id":88,"peso":1},{"id":15,"peso":8},{"id":30,"peso":6},{"id":83,"peso":2},{"id":180,"peso":1},{"id":20,"peso":15}]}