{"docente":{"nome":"Maria","departamento":"IQ","id":124},"atividades":[{"id":174,"peso":8},{"id":154,"peso":20},{"id":80,"peso":7},{"id":96,"peso":16},{"id":104,"peso":3},{"id":112,"peso":16},{"id":166,"peso":3},{"id":3,"peso":6},{"id":85,"peso":1},{"id":14,"peso":18},{"id":67,"peso":18},{"id":59,"peso":12},{"id":149,"peso":8},{"id":10,"peso":14},{"id":69,"peso":17},{"id":52,"peso":12},{"id":135,"peso":5},{"id":170,"peso":10},{"id":111,"peso":14},{"id":68,"peso":2},{"id":172,"peso":17},{"id":22,"peso":12},{"id":119,"peso":6},{"id":2,"peso":3},{"id":73,"peso":11},{"id":78,"peso":3},{"id":134,"peso":16},{"id":99,"peso":4},{"id":142,"peso":14},{"id":24,"peso":4},{"id":156,"peso":10},{"id":181,"peso":5},{"id":47,"peso":15},{"id":165,"peso":13},{"id":44,"peso":17},{"id":72,"peso":10},{"id":1,"peso":18},{"id":16,"peso":3},{"id":40,"peso":20},{"id":64,"peso":10},{"id":118,"peso":3},{"id":195,"peso":11},{"id":20,"peso":1},{"id":101,"peso":17},{"id":122,"peso":4},{"id":138,"peso":0},{"id":150,"peso":0},{"id":42,"peso":4},{"id":183,"peso":3},{"id":152,"peso":6},{"id":53,"peso":19},{"id":198,"peso":5},{"id":92,"peso":16},{"id":77,"peso":12},{"id":192,"peso":17},{"id":98,"peso":4},{"id":146,"peso":6},{"id":89,"peso":5},{"id":184,"peso":11},{"id":141,"peso":14},{"id":185,"peso":9},{"id":94,"peso":10},{"id":123,"peso":12},{"id":151,"peso":0},{"id":6,"peso":12},{"id":189,"peso":20},{"id":178,"peso":14},{"id":38,"peso":8},{"id":86,"peso":14},{"id":43,"peso":14},{"id":97,"peso":13},{"id":161,"peso":16},{"id":137,"peso":4},{"id":139,"peso":18},{"id":145,"peso":18},{"id":155,"peso":10},{"id":49,"peso":5},{"id":147,"peso":2},{"id":4,"peso":15},{"id":90,"peso":17},{"id":177,"peso":15}]}