{"docente":{"nome":"Karla","departamento":"IQ","id":1183},"atividades":[{"id":114,"peso":12},{"id":69,"peso":14},{"id":102,"peso":15},{"id":94,"peso":0},{"id":36,"peso":13},{"id":170,"peso":10},{"id":59,"peso":13},{"id":67,"peso":6},{"id":145,"peso":13},{"id":148,"peso":9},{"id":177,"peso":15},{"id":174,"peso":9},{"id":25,"peso":17},{"id":119,"peso":15},{"id":105,"peso":0},{"id":52,"peso":16},{"id":131,"peso":17},{"id":47,"peso":20},{"id":152,"peso":4},{"id":30,"peso":6},{"id":1,"peso":8},{"id":70,"peso":10},{"id":197,"peso":15},{"id":157,"peso":5},{"id":107,"peso":11},{"id":101,"peso":8},{"id":45,"peso":4},{"id":64,"peso":5},{"id":136,"peso":9},{"id":98,"peso":19},{"id":55,"peso":20},{"id":194,"peso":2},{"id":58,"peso":19},{"id":103,"peso":10},{"id":92,"peso":1},{"id":7,"peso":12},{"id":57,"peso":12},{"id":21,"peso":9},{"id":121,"peso":2},{"id":189,"peso":12},{"id":35,"peso":13},{"id":163,"peso":8},{"id":23,"peso":20},{"id":9,"peso":4},{"id":29,"peso":8},{"id":124,"peso":19},{"id":186,"peso":6},{"id":13,"peso":4},{"id":93,"peso":0},{"id":41,"peso":15},{"id":127,"peso":13},{"id":96,"peso":2},{"id":79,"peso":18},{"id":77,"peso":5},{"id":151,"peso":20},{"id":149,"peso":5},{"id":109,"peso":9},{"id":15,"peso":4},{"id":34,"peso":12},{"id":115,"peso":8},{"id":195,"peso":18},{"id":133,"peso":1},{"id":143,"peso":6},{"id":53,"peso":19},{"id":61,"peso":18},{"id":122,"peso":8},{"id":132,"peso":19},{"id":180,"peso":8},{"id":16,"peso":13},{"id":71,"peso":4},{"id":5,"peso":8},{"id":50,"peso":20},{"id":49,"peso":5},{"id":62,"peso":4},{"id":150,"peso":20},{"id":26,"peso":20},{"id":3,"peso":17},{"id":135,"peso":14},{"id":168,"peso":1},{"id":19,"peso":11},{"id":44,"peso":5},{"id":161,"peso":20}]}