{"docente":{"nome":"Joao","departamento":"INF","id":1108},"atividades":[{"id":90,"peso":6},{"id":8,"peso":8},{"id":168,"peso":19},{"id":174,"peso":6},{"id":88,"peso":8},{"id":136,"peso":18},{"id":154,"peso":19},{"id":17,"peso":8},{"id":44,"peso":11},{"id":56,"peso":8},{"id":117,"peso":4},{"id":32,"peso":12},{"id":198,"peso":3},{"id":99,"peso":5},{"id":76,"peso":14},{"id":29,"peso":9},{"id":2,"peso":13},{"id":16,"peso":11},{"id":176,"peso":13},{"id":28,"peso":12},{"id":116,"peso":4},{"id":39,"peso":20},{"id":64,"peso":19},{"id":118,"peso":7},{"id":185,"peso":19},{"id":164,"peso":8},{"id":41,"peso":5},{"id":30,"peso":1},{"id":197,"peso":3},{"id":165,"peso":20},{"id":27,"peso":0},{"id":52,"peso":5},{"id":104,"peso":18},{"id":190,"peso":20},{"id":9,"peso":1},{"id":184,"peso":20},{"id":84,"peso":12},{"id":93,"peso":11},{"id":83,"peso":18},{"id":177,"peso":9},{"id":172,"peso":16},{"id":141,"peso":17},{"id":40,"peso":4},{"id":85,"peso":15},{"id":132,"peso":0},{"id":144,"peso":2},{"id":115,"peso":3},{"id":110,"peso":16},{"id":19,"peso":0},{"id":156,"peso":0},{"id":24,"peso":14},{"id":142,"peso":6},{"id":102,"peso":10},{"id":121,"peso":4},{"id":152,"peso":6},{"id":57,"peso":19},{"id":108,"peso":15},{"id":47,"peso":4},{"id":123,"peso":6},{"id":14,"peso":17},{"id":186,"peso":12},{"id":194,"peso":1},{"id":196,"peso":7},{"id":70,"peso":18},{"id":62,"peso":16},{"id":107,"peso":10},{"id":149,"peso":13},{"id":13,"peso":8},{"id":130,"peso":6},{"id":109,"peso":13},{"id":146,"peso":10},{"id":105,"peso":9},{"id":145,"peso":1},{"id":49,"peso":15},{"id":3,"peso":10},{"id":35,"peso":6},{"id":58,"peso":11},{"id":192,"peso":0},{"id":128,"peso":2},{"id":68,"peso":3}]}