{"docente":{"nome":"Murilo","departamento":"INF","id":122},"atividades":[{"id":137,"peso":13},{"id":156,"peso":14},{"id":194,"peso":3},{"id":76,"peso":4},{"id":47,"peso":9},{"id":124,"peso":3},{"id":144,"peso":19},{"id":57,"peso":17},{"id":186,"peso":17},{"id":93,"peso":13},{"id":121,"peso":4},{"id":63,"peso":3},{"id":114,"peso":11},{"id":18,"peso":15},{"id":53,"peso":11},{"id":88,"peso":4},{"id":151,"peso":9},{"id":117,"peso":8},{"id":45,"peso":3},{"id":115,"peso":4},{"id":26,"peso":9},{"id":7,"peso":20},{"id":87,"peso":8},{"id":39,"peso":1},{"id":83,"peso":16},{"id":167,"peso":9},{"id":168,"peso":3},{"id":127,"peso":8},{"id":178,"peso":3},{"id":136,"peso":16},{"id":189,"peso":10},{"id":130,"peso":15},{"id":146,"peso":9},{"id":198,"peso":8},{"id":90,"peso":15},{"id":4,"peso":20},{"id":197,"peso":6},{"id":162,"peso":19},{"id":19,"peso":10},{"id":173,"peso":19},{"id":196,"peso":5},{"id":106,"peso":2},{"id":37,"peso":20},{"id":82,"peso":7},{"id":75,"peso":8},{"id":46,"peso":9},{"id":192,"peso":0},{"id":2,"peso":6},{"id":29,"peso":3},{"id":138,"peso":7},{"id":66,"peso":19},{"id":41,"peso":12},{"id":165,"peso":19},{"id":188,"peso":12},{"id":25,"peso":0},{"id":187,"peso":6},{"id":59,"peso":2},{"id":132,"peso":1},{"id":125,"peso":13},{"id":62,"peso":2},{"id":78,"peso":5},{"id":84,"peso":18},{"id":21,"peso":19},{"id":3,"peso":0},{"id":141,"peso":5},{"id":11,"peso":2},{"id":68,"peso":20},{"id":171,"peso":9},{"id":118,"peso":11},{"id":140,"peso":15},{"id":105,"peso":11},{"id":13,"peso":4},{"id":85,"peso":11},{"id":166,"peso":13},{"id":161,"peso":5},{"id":184,"peso":11},{"id":96,"peso":7},{"id":177,"peso":13}]}