{"docente":{"nome":"Berenice","departamento":"IF","id":1270},"atividades":[{"id":89,"peso":1},{"id":42,"peso":5},{"id":87,"peso":3},{"id":174,"peso":19},{"id":90,"peso":14},{"id":31,"peso":15},{"id":91,"peso":9},{"id":48,"peso":15},{"id":131,"peso":7},{"id":22,"peso":9},{"id":36,"peso":20},{"id":190,"peso":16},{"id":77,"peso":18},{"id":185,"peso":6},{"id":76,"peso":1},{"id":80,"peso":12},{"id":133,"peso":15},{"id":64,"peso":5},{"id":20,"peso":14},{"id":52,"peso":10},{"id":32,"peso":9},{"id":195,"peso":6},{"id":92,"peso":6},{"id":141,"peso":4},{"id":155,"peso":3},{"id":197,"peso":1},{"id":191,"peso":17},{"id":2,"peso":11},{"id":166,"peso":20},{"id":111,"peso":18},{"id":58,"peso":6},{"id":60,"peso":3},{"id":162,"peso":1},{"id":88,"peso":11},{"id":193,"peso":5},{"id":110,"peso":11},{"id":140,"peso":1},{"id":192,"peso":5},{"id":75,"peso":7},{"id":11,"peso":1},{"id":82,"peso":12},{"id":135,"peso":16},{"id":24,"peso":7},{"id":30,"peso":12},{"id":159,"peso":15},{"id":194,"peso":15},{"id":73,"peso":0},{"id":37,"peso":10},{"id":143,"peso":3},{"id":114,"peso":3},{"id":39,"peso":15},{"id":145,"peso":18},{"id":154,"peso":9},{"id":125,"peso":12},{"id":67,"peso":0},{"id":93,"peso":9},{"id":171,"peso":13},{"id":183,"peso":19},{"id":198,"peso":8},{"id":144,"peso":15},{"id":113,"peso":16},{"id":158,"peso":2},{"id":51,"peso":10},{"id":103,"peso":5},{"id":19,"peso":10},{"id":102,"peso":3},{"id":4,"peso":12},{"id":101,"peso":11},{"id":43,"peso":16},{"id":5,"peso":15},{"id":170,"peso":7},{"id":23,"peso":6},{"id":14,"peso":17},{"id":26,"peso":12},{"id":45,"peso":12},{"id":69,"peso":12},{"id":57,"peso":16},{"id":35,"peso":8},{"id":123,"peso":9},{"id":172,"peso":2},{"id":100,"peso":11},{"id":98,"peso":4},{"id":136,"peso":8}]}