{"docente":{"nome":"Ana","departamento":"FEF","id":1054},"atividades":[{"id":157,"peso":8},{"id":85,"peso":7},{"id":71,"peso":17},{"id":115,"peso":10},{"id":78,"peso":12},{"id":90,"peso":17},{"id":180,"peso":13},{"id":84,"peso":12},{"id":134,"peso":16},{"id":35,"peso":10},{"id":192,"peso":10},{"id":182,"peso":3},{"id":88,"peso":3},{"id":11,"peso":0},{"id":37,"peso":4},{"id":112,"peso":20},{"id":81,"peso":15},{"id":164,"peso":7},{"id":58,"peso":0},{"id":117,"peso":3},{"id":132,"peso":3},{"id":172,"peso":0},{"id":30,"peso":7},{"id":197,"peso":0},{"id":184,"peso":14},{"id":154,"peso":6},{"id":110,"peso":11},{"id":183,"peso":5},{"id":106,"peso":14},{"id":189,"peso":1},{"id":65,"peso":8},{"id":38,"peso":8},{"id":76,"peso":7},{"id":143,"peso":7},{"id":141,"peso":7},{"id":97,"peso":15},{"id":36,"peso":5},{"id":34,"peso":5},{"id":104,"peso":14},{"id":165,"peso":10},{"id":6,"peso":15},{"id":64,"peso":14},{"id":188,"peso":16},{"id":8,"peso":1},{"id":92,"peso":6},{"id":146,"peso":10},{"id":176,"peso":13},{"id":160,"peso":16},{"id":83,"peso":7},{"id":135,"peso":15},{"id":98,"peso":0},{"id":155,"peso":19},{"id":31,"peso":16},{"id":181,"peso":4},{"id":25,"peso":7},{"id":56,"peso":17},{"id":198,"peso":1},{"id":191,"peso":14},{"id":111,"peso":15},{"id":109,"peso":11},{"id":148,"peso":6},{"id":50,"peso":9},{"id":75,"peso":14},{"id":69,"peso":10},{"id":21,"peso":10},{"id":9,"peso":7},{"id":119,"peso":6},{"id":4,"peso":1},{"id":63,"peso":3},{"id":124,"peso":9},{"id":162,"peso":10},{"id":79,"peso":13},{"id":19,"peso":15},{"id":101,"peso":1},{"id":93,"peso":5},{"id":144,"peso":17},{"id":185,"peso":13},{"id":96,"peso":5}]}