{"docente":{"nome":"Joao","departamento":"FEF","id":1045},"atividades":[{"id":52,"peso":3},{"id":176,"peso":7},{"id":194,"peso":8},{"id":178,"peso":19},{"id":32,"peso":19},{"id":10,"peso":4},{"id":93,"peso":19},{"id":143,"peso":8},{"id":29,"peso":15},{"id":183,"peso":19},{"id":125,"peso":12},{"id":159,"peso":5},{"id":185,"peso":9},{"id":195,"peso":0},{"id":46,"peso":13},{"id":33,"peso":7},{"id":35,"peso":0},{"id":164,"peso":0},{"id":114,"peso":8},{"id":62,"peso":6},{"id":54,"peso":5},{"id":90,"peso":3},{"id":59,"peso":18},{"id":131,"peso":6},{"id":24,"peso":20},{"id":188,"peso":0},{"id":68,"peso":5},{"id":73,"peso":18},{"id":113,"peso":3},{"id":135,"peso":7},{"id":72,"peso":10},{"id":47,"peso":6},{"id":119,"peso":11},{"id":137,"peso":2},{"id":162,"peso":3},{"id":26,"peso":14},{"id":161,"peso":16},{"id":41,"peso":14},{"id":92,"peso":0},{"id":155,"peso":12},{"id":61,"peso":9},{"id":173,"peso":2},{"id":165,"peso":2},{"id":95,"peso":9},{"id":13,"peso":3},{"id":79,"peso":3},{"id":172,"peso":7},{"id":7,"peso":9},{"id":21,"peso":17},{"id":192,"peso":15},{"id":146,"peso":17},{"id":181,"peso":7},{"id":40,"peso":3},{"id":34,"peso":11},{"id":8,"peso":18},{"id":190,"peso":3},{"id":42,"peso":12},{"id":39,"peso":1},{"id":70,"peso":13},{"id":17,"peso":14},{"id":122,"peso":13},{"id":74,"peso":19},{"id":57,"peso":5},{"id":1,"peso":3},{"id":147,"peso":11},{"id":84,"peso":8},{"id":49,"peso":8},{"id":66,"peso":5},{"id":157,"peso":17},{"id":3,"peso":14},{"id":76,"peso":8},{"id":82,"peso":15},{"id":187,"peso":14},{"id":6,"peso":4},{"id":186,"peso":11}]}