{"docente":{"nome":"Luiz","departamento":"FEF","id":1102},"atividades":[{"id":30,"peso":19},{"id":48,"peso":20},{"id":118,"peso":3},{"id":17,"peso":6},{"id":50,"peso":3},{"id":75,"peso":17},{"id":91,"peso":19},{"id":161,"peso":13},{"id":23,"peso":9},{"id":120,"peso":17},{"id":163,"peso":4},{"id":65,"peso":18},{"id":70,"peso":20},{"id":97,"peso":1},{"id":68,"peso":15},{"id":180,"peso":9},{"id":171,"peso":8},{"id":131,"peso":3},{"id":58,"peso":16},{"id":42,"peso":8},{"id":14,"peso":0},{"id":116,"peso":13},{"id":145,"peso":18},{"id":144,"peso":17},{"id":127,"peso":19},{"id":189,"peso":11},{"id":20,"peso":20},{"id":62,"peso":0},{"id":39,"peso":12},{"id":4,"peso":2},{"id":186,"peso":1},{"id":175,"peso":16},{"id":94,"peso":17},{"id":109,"peso":6},{"id":13,"peso":7},{"id":117,"peso":19},{"id":148,"peso":9},{"id":60,"peso":3},{"id":113,"peso":8},{"id":110,"peso":16},{"id":138,"peso":1},{"id":87,"peso":16},{"id":164,"peso":12},{"id":10,"peso":12},{"id":162,"peso":14},{"id":80,"peso":18},{"id":160,"peso":19},{"id":36,"peso":15},{"id":86,"peso":8},{"id":155,"peso":10},{"id":195,"peso":2},{"id":167,"peso":13},{"id":43,"peso":8},{"id":29,"peso":17},{"id":156,"peso":7},{"id":194,"peso":10},{"id":121,"peso":4},{"id":190,"peso":19},{"id":54,"peso":5},{"id":191,"peso":16},{"id":67,"peso":16},{"id":168,"peso":4},{"id":126,"peso":13},{"id":135,"peso":11},{"id":89,"peso":10},{"id":56,"peso":6},{"id":147,"peso":7},{"id":7,"peso":1},{"id":183,"peso":1},{"id":112,"peso":10},{"id":66,"peso":18},{"id":15,"peso":14},{"id":88,"peso":6},{"id":157,"peso":5},{"id":47,"peso":11},{"id":133,"peso":5},{"id":115,"peso":2},{"id":123,"peso":4},{"id":53,"peso":12},{"id":137,"peso":15}]}