{"docente":{"nome":"Paulo","departamento":"IQ","id":1290},"atividades":[{"id":91,"peso":6},{"id":128,"peso":1},{"id":68,"peso":12},{"id":154,"peso":14},{"id":19,"peso":9},{"id":144,"peso":19},{"id":115,"peso":9},{"id":109,"peso":11},{"id":24,"peso":0},{"id":61,"peso":4},{"id":123,"peso":3},{"id":143,"peso":0},{"id":130,"peso":11},{"id":117,"peso":19},{"id":33,"peso":1},{"id":50,"peso":8},{"id":167,"peso":20},{"id":54,"peso":16},{"id":49,"peso":13},{"id":58,"peso":12},{"id":4,"peso":3},{"id":3,"peso":12},{"id":35,"peso":1},{"id":21,"peso":19},{"id":34,"peso":6},{"id":116,"peso":2},{"id":169,"peso":17},{"id":86,"peso":13},{"id":12,"peso":9},{"id":23,"peso":18},{"id":185,"peso":14},{"id":93,"peso":5},{"id":197,"peso":18},{"id":79,"peso":4},{"id":194,"peso":10},{"id":36,"peso":8},{"id":28,"peso":10},{"id":163,"peso":16},{"id":112,"peso":10},{"id":125,"peso":3},{"id":94,"peso":10},{"id":63,"peso":8},{"id":189,"peso":5},{"id":15,"peso":5},{"id":114,"peso":10},{"id":51,"peso":6},{"id":92,"peso":16},{"id":6,"peso":7},{"id":105,"peso":2},{"id":172,"peso":18},{"id":45,"peso":5},{"id":16,"peso":5},{"id":198,"peso":12},{"id":25,"peso":5},{"id":176,"peso":20},{"id":181,"peso":14},{"id":165,"peso":9},{"id":131,"peso":19},{"id":1,"peso":16},{"id":139,"peso":15},{"id":120,"peso":4},{"id":186,"peso":17},{"id":183,"peso":20},{"id":177,"peso":4},{"id":166,"peso":15},{"id":122,"peso":15},{"id":67,"peso":3},{"id":121,"peso":9},{"id":42,"peso":10},{"id":118,"peso":15},{"id":140,"peso":3},{"id":64,"peso":19},{"id":146,"peso":13},{"id":66,"peso":15},{"id":17,"peso":8},{"id":29,"peso":9},{"id":119,"peso":4},{"id":187,"peso":5},{"id":133,"peso":12},{"id":155,"peso":0},{"id":193,"peso":8},{"id":62,"peso":0}]}