{"docente":{"nome":"Ingrid","departamento":"INF","id":1345},"atividades":[{"id":188,"peso":19},{"id":59,"peso":10},{"id":9,"peso":3},{"id":18,"peso":15},{"id":22,"peso":0},{"id":158,"peso":6},{"id":70,"peso":3},{"id":193,"peso":9},{"id":12,"peso":4},{"id":57,"peso":4},{"id":186,"peso":20},{"id":73,"peso":7},{"id":150,"peso":15},{"id":104,"peso":5},{"id":20,"peso":6},{"id":64,"peso":1},{"id":45,"peso":18},{"id":132,"peso":13},{"id":47,"peso":13},{"id":126,"peso":6},{"id":125,"peso":13},{"id":36,"peso":10},{"id":74,"peso":6},{"id":143,"peso":4},{"id":117,"peso":9},{"id":144,"peso":7},{"id":95,"peso":3},{"id":44,"peso":7},{"id":40,"peso":18},{"id":176,"peso":7},{"id":84,"peso":13},{"id":109,"peso":8},{"id":179,"peso":16},{"id":119,"peso":2},{"id":48,"peso":2},{"id":86,"peso":3},{"id":91,"peso":2},{"id":69,"peso":19},{"id":60,"peso":17},{"id":147,"peso":6},{"id":107,"peso":10},{"id":39,"peso":7},{"id":62,"peso":18},{"id":145,"peso":2},{"id":29,"peso":11},{"id":133,"peso":2},{"id":159,"peso":7},{"id":169,"peso":2},{"id":81,"peso":13},{"id":90,"peso":20},{"id":83,"peso":9},{"id":71,"peso":2},{"id":2,"peso":19},{"id":154,"peso":17},{"id":108,"peso":17},{"id":24,"peso":13},{"id":192,"peso":8},{"id":103,"peso":4},{"id":13,"peso":4},{"id":77,"peso":11},{"id":33,"peso":13},{"id":190,"peso":12},{"id":121,"peso":2},{"id":46,"peso":18},{"id":191,"peso":14},{"id":102,"peso":1},{"id":76,"peso":10},{"id":123,"peso":19},{"id":88,"peso":17},{"id":94,"peso":7},{"id":197,"peso":0},{"id":189,"peso":19},{"id":28,"peso":15},{"id":80,"peso":7},{"id":72,"peso":20},{"id":65,"peso":15},{"id":37,"peso":14}]}