{"docente":{"nome":"Auri","departamento":"IF","id":1094},"atividades":[{"id":43,"peso":12},{"id":178,"peso":5},{"id":196,"peso":13},{"id":11,"peso":17},{"id":5,"peso":15},{"id":121,"peso":1},{"id":64,"peso":4},{"id":187,"peso":11},{"id":23,"peso":20},{"id":163,"peso":16},{"id":190,"peso":17},{"id":20,"peso":14},{"id":24,"peso":19},{"id":75,"peso":15},{"id":185,"peso":2},{"id":137,"peso":16},{"id":100,"peso":15},{"id":74,"peso":2},{"id":76,"peso":3},{"id":90,"peso":9},{"id":50,"peso":14},{"id":44,"peso":13},{"id":119,"peso":1},{"id":175,"peso":7},{"id":8,"peso":13},{"id":113,"peso":13},{"id":184,"peso":14},{"id":15,"peso":0},{"id":131,"peso":7},{"id":81,"peso":3},{"id":55,"peso":13},{"id":73,"peso":2},{"id":156,"peso":3},{"id":112,"peso":0},{"id":60,"peso":0},{"id":109,"peso":0},{"id":79,"peso":14},{"id":41,"peso":2},{"id":82,"peso":11},{"id":3,"peso":20},{"id":27,"peso":20},{"id":49,"peso":8},{"id":117,"peso":19},{"id":101,"peso":16},{"id":180,"peso":7},{"id":141,"peso":8},{"id":102,"peso":1},{"id":63,"peso":9},{"id":135,"peso":6},{"id":47,"peso":17},{"id":65,"peso":10},{"id":127,"peso":10},{"id":91,"peso":3},{"id":71,"peso":17},{"id":164,"peso":2},{"id":170,"peso":4},{"id":54,"peso":16},{"id":87,"peso":18},{"id":172,"peso":20},{"id":128,"peso":19},{"id":183,"peso":2},{"id":30,"peso":3},{"id":17,"peso":4},{"id":125,"peso":18},{"id":150,"peso":7},{"id":179,"peso":4},{"id":118,"peso":17},{"id":98,"peso":1},{"id":144,"peso":18},{"id":186,"peso":15},{"id":146,"peso":5},{"id":151,"peso":2},{"id":97,"peso":2},{"id":169,"peso":6},{"id":197,"peso":11},{"id":166,"peso":17},{"id":36,"peso":20},{"id":32,"peso":6},{"id":139,"peso":14}]}