{"docente":{"nome":"Berenice","departamento":"IF","id":1223},"atividades":[{"id":110,"peso":12},{"id":77,"peso":8},{"id":155,"peso":17},{"id":7,"peso":19},{"id":178,"peso":6},{"id":34,"peso":10},{"id":35,"peso":19},{"id":184,"peso":13},{"id":111,"peso":13},{"id":96,"peso":3},{"id":196,"peso":20},{"id":118,"peso":20},{"id":84,"peso":16},{"id":89,"peso":18},{"id":38,"peso":8},{"id":69,"peso":10},{"id":82,"peso":17},{"id":98,"peso":9},{"id":152,"peso":18},{"id":154,"peso":6},{"id":115,"peso":0},{"id":33,"peso":5},{"id":79,"peso":7},{"id":21,"peso":10},{"id":171,"peso":4},{"id":168,"peso":14},{"id":117,"peso":12},{"id":29,"peso":11},{"id":185,"peso":20},{"id":142,"peso":2},{"id":52,"peso":14},{"id":48,"peso":8},{"id":91,"peso":2},{"id":63,"peso":18},{"id":93,"peso":20},{"id":136,"peso":7},{"id":181,"peso":15},{"id":103,"peso":15},{"id":162,"peso":3},{"id":31,"peso":6},{"id":186,"peso":14},{"id":49,"peso":0},{"id":43,"peso":13},{"id":30,"peso":1},{"id":54,"peso":0},{"id":194,"peso":14},{"id":148,"peso":13},{"id":164,"peso":12},{"id":37,"peso":7},{"id":167,"peso":13},{"id":81,"peso":1},{"id":97,"peso":10},{"id":61,"peso":5},{"id":39,"peso":10},{"id":6,"peso":6},{"id":108,"peso":13},{"id":59,"peso":15},{"id":57,"peso":15},{"id":175,"peso":8},{"id":191,"peso":2},{"id":56,"peso":14},{"id":74,"peso":1},{"id":17,"peso":16},{"id":51,"peso":19},{"id":128,"peso":8},{"id":189,"peso":20},{"id":187,"peso":13},{"id":24,"peso":4},{"id":129,"peso":8},{"id":169,"peso":4},{"id":109,"peso":4},{"id":172,"peso":19},{"id":32,"peso":9},{"id":73,"peso":5},{"id":85,"peso":0},{"id":147,"peso":4}]}