{"docente":{"nome":"Fernanda","departamento":"ICB","id":1417},"atividades":[{"id":19,"peso":10},{"id":34,"peso":3},{"id":82,"peso":9},{"id":8,"peso":6},{"id":139,"peso":19},{"id":187,"peso":9},{"id":127,"peso":12},{"id":106,"peso":17},{"id":109,"peso":18},{"id":39,"peso":19},{"id":166,"peso":2},{"id":64,"peso":19},{"id":27,"peso":4},{"id":182,"peso":1},{"id":66,"peso":1},{"id":149,"peso":12},{"id":22,"peso":4},{"id":75,"peso":7},{"id":81,"peso":16},{"id":57,"peso":2},{"id":113,"peso":14},{"id":36,"peso":17},{"id":60,"peso":14},{"id":65,"peso":12},{"id":77,"peso":10},{"id":124,"peso":13},{"id":185,"peso":11},{"id":69,"peso":14},{"id":104,"peso":12},{"id":44,"peso":5},{"id":162,"peso":19},{"id":161,"peso":16},{"id":94,"peso":1},{"id":125,"peso":3},{"id":119,"peso":4},{"id":128,"peso":19},{"id":134,"peso":6},{"id":191,"peso":14},{"id":7,"peso":8},{"id":148,"peso":5},{"id":42,"peso":4},{"id":131,"peso":8},{"id":33,"peso":11},{"id":115,"peso":17},{"id":92,"peso":8},{"id":23,"peso":14},{"id":163,"peso":2},{"id":138,"peso":12},{"id":18,"peso":12},{"id":145,"peso":10},{"id":105,"peso":12},{"id":15,"peso":13},{"id":58,"peso":10},{"id":172,"peso":7},{"id":61,"peso":4},{"id":157,"peso":4},{"id":30,"peso":15},{"id":101,"peso":11},{"id":84,"peso":0},{"id":47,"peso":2},{"id":152,"peso":3},{"id":80,"peso":0},{"id":184,"peso":5},{"id":100,"peso":14},{"id":137,"peso":15},{"id":37,"peso":1},{"id":130,"peso":15},{"id":5,"peso":16},{"id":49,"peso":8},{"id":6,"peso":0},{"id":129,"peso":10},{"id":168,"peso":13},{"id":89,"peso":16},{"id":117,"peso":5},{"id":79,"peso":5},{"id":91,"peso":1},{"id":178,"peso":4}]}