{"docente":{"nome":"Marcelo","departamento":"INF","id":1168},"atividades":[{"id":194,"peso":4},{"id":7,"peso":11},{"id":104,"peso":2},{"id":97,"peso":19},{"id":37,"peso":14},{"id":136,"peso":11},{"id":84,"peso":11},{"id":47,"peso":0},{"id":158,"peso":10},{"id":8,"peso":10},{"id":86,"peso":19},{"id":159,"peso":17},{"id":100,"peso":13},{"id":3,"peso":8},{"id":64,"peso":13},{"id":165,"peso":6},{"id":147,"peso":7},{"id":157,"peso":13},{"id":58,"peso":1},{"id":130,"peso":5},{"id":108,"peso":18},{"id":174,"peso":6},{"id":21,"peso":18},{"id":78,"peso":14},{"id":137,"peso":1},{"id":44,"peso":18},{"id":91,"peso":7},{"id":79,"peso":7},{"id":12,"peso":7},{"id":50,"peso":6},{"id":191,"peso":9},{"id":192,"peso":1},{"id":150,"peso":9},{"id":149,"peso":13},{"id":162,"peso":9},{"id":29,"peso":17},{"id":152,"peso":4},{"id":45,"peso":18},{"id":187,"peso":15},{"id":30,"peso":14},{"id":57,"peso":12},{"id":156,"peso":15},{"id":177,"peso":16},{"id":111,"peso":16},{"id":124,"peso":0},{"id":171,"peso":9},{"id":153,"peso":11},{"id":52,"peso":8},{"id":141,"peso":16},{"id":73,"peso":13},{"id":178,"peso":11},{"id":62,"peso":7},{"id":60,"peso":4},{"id":43,"peso":16},{"id":74,"peso":4},{"id":160,"peso":6},{"id":85,"peso":19},{"id":161,"peso":4},{"id":25,"peso":17},{"id":19,"peso":11},{"id":93,"peso":12},{"id":10,"peso":12},{"id":20,"peso":17},{"id":14,"peso":1},{"id":128,"peso":20},{"id":92,"peso":20},{"id":109,"peso":17},{"id":67,"peso":4},{"id":83,"peso":10},{"id":54,"peso":4},{"id":107,"peso":17},{"id":11,"peso":3},{"id":198,"peso":3},{"id":26,"peso":8},{"id":89,"peso":16},{"id":66,"peso":5},{"id":142,"peso":0},{"id":76,"peso":12}]}