{"docente":{"nome":"Ana","departamento":"ICB","id":1272},"atividades":[{"id":74,"peso":3},{"id":198,"peso":5},{"id":191,"peso":0},{"id":109,"peso":20},{"id":69,"peso":15},{"id":90,"peso":12},{"id":67,"peso":18},{"id":89,"peso":16},{"id":142,"peso":6},{"id":186,"peso":1},{"id":152,"peso":12},{"id":30,"peso":20},{"id":106,"peso":20},{"id":165,"peso":20},{"id":139,"peso":5},{"id":29,"peso":2},{"id":12,"peso":4},{"id":56,"peso":7},{"id":153,"peso":2},{"id":85,"peso":11},{"id":80,"peso":1},{"id":99,"peso":9},{"id":92,"peso":2},{"id":178,"peso":13},{"id":37,"peso":14},{"id":122,"peso":7},{"id":68,"peso":17},{"id":45,"peso":0},{"id":57,"peso":13},{"id":79,"peso":6},{"id":77,"peso":19},{"id":65,"peso":15},{"id":188,"peso":19},{"id":31,"peso":17},{"id":62,"peso":13},{"id":23,"peso":0},{"id":75,"peso":17},{"id":144,"peso":3},{"id":51,"peso":4},{"id":49,"peso":20},{"id":114,"peso":3},{"id":53,"peso":18},{"id":96,"peso":14},{"id":129,"peso":15},{"id":36,"peso":19},{"id":39,"peso":1},{"id":38,"peso":8},{"id":162,"peso":2},{"id":161,"peso":8},{"id":133,"peso":16},{"id":174,"peso":16},{"id":83,"peso":1},{"id":66,"peso":3},{"id":124,"peso":0},{"id":155,"peso":18},{"id":102,"peso":7},{"id":126,"peso":5},{"id":19,"peso":17},{"id":156,"peso":3},{"id":87,"peso":20},{"id":148,"peso":3},{"id":47,"peso":4},{"id":159,"peso":6},{"id":73,"peso":9},{"id":172,"peso":13},{"id":32,"peso":20},{"id":52,"peso":19},{"id":11,"peso":14},{"id":134,"peso":12},{"id":171,"peso":9},{"id":100,"peso":9},{"id":16,"peso":13},{"id":33,"peso":19},{"id":141,"peso":16},{"id":184,"peso":18},{"id":185,"peso":8},{"id":173,"peso":12},{"id":50,"peso":9},{"id":125,"peso":18},{"id":136,"peso":0}]}