{"docente":{"nome":"Murilo","departamento":"IF","id":1440},"atividades":[{"id":20,"peso":5},{"id":133,"peso":14},{"id":189,"peso":2},{"id":10,"peso":0},{"id":12,"peso":14},{"id":48,"peso":7},{"id":25,"peso":9},{"id":9,"peso":19},{"id":83,"peso":6},{"id":96,"peso":7},{"id":107,"peso":18},{"id":76,"peso":2},{"id":58,"peso":2},{"id":115,"peso":5},{"id":163,"peso":15},{"id":77,"peso":18},{"id":171,"peso":12},{"id":142,"peso":12},{"id":28,"peso":3},{"id":109,"peso":6},{"id":168,"peso":8},{"id":113,"peso":14},{"id":108,"peso":2},{"id":11,"peso":15},{"id":40,"peso":10},{"id":2,"peso":7},{"id":32,"peso":18},{"id":53,"peso":4},{"id":140,"peso":7},{"id":161,"peso":13},{"id":121,"peso":17},{"id":102,"peso":5},{"id":42,"peso":11},{"id":100,"peso":18},{"id":147,"peso":2},{"id":87,"peso":3},{"id":196,"peso":7},{"id":4,"peso":20},{"id":16,"peso":1},{"id":72,"peso":3},{"id":86,"peso":4},{"id":183,"peso":6},{"id":180,"peso":3},{"id":123,"peso":5},{"id":184,"peso":16},{"id":15,"peso":2},{"id":59,"peso":14},{"id":41,"peso":14},{"id":153,"peso":12},{"id":29,"peso":20},{"id":173,"peso":12},{"id":137,"peso":17},{"id":69,"peso":3},{"id":146,"peso":9},{"id":52,"peso":3},{"id":24,"peso":18},{"id":174,"peso":9},{"id":144,"peso":19},{"id":30,"peso":4},{"id":47,"peso":17},{"id":179,"peso":12},{"id":151,"peso":19},{"id":3,"peso":14},{"id":136,"peso":18},{"id":84,"peso":12},{"id":37,"peso":3},{"id":98,"peso":13},{"id":55,"peso":3},{"id":129,"peso":1},{"id":79,"peso":14},{"id":95,"peso":4},{"id":145,"peso":5},{"id":31,"peso":0},{"id":148,"peso":20},{"id":60,"peso":14},{"id":159,"peso":17},{"id":143,"peso":2},{"id":99,"peso":2},{"id":17,"peso":7},{"id":155,"peso":0},{"id":157,"peso":11}]}