{"docente":{"nome":"Marcelo","departamento":"ICB","id":1378},"atividades":[{"id":82,"peso":0},{"id":115,"peso":0},{"id":55,"peso":3},{"id":193,"peso":1},{"id":194,"peso":16},{"id":22,"peso":9},{"id":24,"peso":14},{"id":5,"peso":10},{"id":146,"peso":16},{"id":62,"peso":13},{"id":148,"peso":10},{"id":101,"peso":9},{"id":2,"peso":15},{"id":149,"peso":20},{"id":34,"peso":13},{"id":154,"peso":19},{"id":74,"peso":17},{"id":17,"peso":10},{"id":23,"peso":2},{"id":126,"peso":15},{"id":53,"peso":18},{"id":16,"peso":2},{"id":179,"peso":13},{"id":189,"peso":11},{"id":80,"peso":18},{"id":44,"peso":4},{"id":108,"peso":17},{"id":133,"peso":5},{"id":153,"peso":19},{"id":102,"peso":8},{"id":192,"peso":8},{"id":33,"peso":7},{"id":59,"peso":16},{"id":89,"peso":11},{"id":114,"peso":0},{"id":135,"peso":4},{"id":118,"peso":5},{"id":197,"peso":10},{"id":119,"peso":3},{"id":49,"peso":8},{"id":43,"peso":4},{"id":110,"peso":7},{"id":83,"peso":17},{"id":174,"peso":0},{"id":160,"peso":20},{"id":113,"peso":7},{"id":103,"peso":16},{"id":26,"peso":15},{"id":132,"peso":18},{"id":95,"peso":16},{"id":1,"peso":9},{"id":180,"peso":1},{"id":152,"peso":8},{"id":91,"peso":14},{"id":66,"peso":7},{"id":10,"peso":14},{"id":92,"peso":14},{"id":183,"peso":11},{"id":111,"peso":7},{"id":131,"peso":7},{"id":129,"peso":5},{"id":67,"peso":14},{"id":40,"peso":6},{"id":81,"peso":2},{"id":109,"peso":16},{"id":138,"peso":14},{"id":52,"peso":12},{"id":121,"peso":9},{"id":168,"peso":12},{"id":127,"peso":11},{"id":27,"peso":15},{"id":107,"peso":14},{"id":30,"peso":6},{"id":186,"peso":14},{"id":167,"peso":5},{"id":169,"peso":1},{"id":125,"peso":10},{"id":124,"peso":9},{"id":163,"peso":2},{"id":21,"peso":17}]}