{"docente":{"nome":"Karla","departamento":"ICB","id":1067},"atividades":[{"id":132,"peso":11},{"id":70,"peso":9},{"id":39,"peso":18},{"id":117,"peso":16},{"id":175,"peso":0},{"id":69,"peso":7},{"id":2,"peso":8},{"id":35,"peso":8},{"id":95,"peso":1},{"id":102,"peso":19},{"id":1,"peso":8},{"id":185,"peso":16},{"id":144,"peso":3},{"id":121,"peso":7},{"id":48,"peso":1},{"id":133,"peso":19},{"id":167,"peso":20},{"id":112,"peso":8},{"id":114,"peso":2},{"id":131,"peso":7},{"id":73,"peso":9},{"id":22,"peso":13},{"id":163,"peso":18},{"id":27,"peso":2},{"id":151,"peso":9},{"id":171,"peso":16},{"id":21,"peso":14},{"id":174,"peso":12},{"id":194,"peso":18},{"id":125,"peso":0},{"id":165,"peso":0},{"id":71,"peso":0},{"id":178,"peso":3},{"id":75,"peso":14},{"id":25,"peso":17},{"id":164,"peso":12},{"id":42,"peso":20},{"id":149,"peso":20},{"id":138,"peso":19},{"id":155,"peso":1},{"id":177,"peso":19},{"id":50,"peso":15},{"id":150,"peso":9},{"id":158,"peso":9},{"id":154,"peso":17},{"id":19,"peso":16},{"id":107,"peso":14},{"id":192,"peso":9},{"id":16,"peso":15},{"id":72,"peso":18},{"id":118,"peso":3},{"id":103,"peso":6},{"id":106,"peso":20},{"id":116,"peso":4},{"id":11,"peso":15},{"id":33,"peso":18},{"id":159,"peso":2},{"id":136,"peso":0},{"id":196,"peso":15},{"id":38,"peso":3},{"id":57,"peso":5},{"id":82,"peso":0},{"id":183,"peso":14},{"id":93,"peso":20},{"id":67,"peso":1},{"id":111,"peso":1},{"id":156,"peso":14},{"id":89,"peso":1},{"id":91,"peso":17},{"id":127,"peso":6},{"id":68,"peso":1},{"id":176,"peso":10},{"id":26,"peso":18},{"id":126,"peso":10},{"id":195,"peso":14},{"id":59,"peso":20},{"id":197,"peso":2},{"id":115,"peso":17},{"id":10,"peso":12},{"id":9,"peso":10},{"id":5,"peso":12}]}