{"docente":{"nome":"Luiz","departamento":"ICB","id":1172},"atividades":[{"id":139,"peso":13},{"id":178,"peso":7},{"id":151,"peso":20},{"id":170,"peso":2},{"id":47,"peso":15},{"id":7,"peso":9},{"id":56,"peso":2},{"id":62,"peso":10},{"id":91,"peso":0},{"id":176,"peso":0},{"id":80,"peso":8},{"id":57,"peso":20},{"id":60,"peso":1},{"id":67,"peso":15},{"id":55,"peso":17},{"id":185,"peso":17},{"id":79,"peso":13},{"id":182,"peso":17},{"id":73,"peso":15},{"id":174,"peso":20},{"id":12,"peso":4},{"id":74,"peso":11},{"id":108,"peso":7},{"id":192,"peso":17},{"id":82,"peso":5},{"id":125,"peso":8},{"id":93,"peso":10},{"id":194,"peso":5},{"id":160,"peso":3},{"id":15,"peso":17},{"id":110,"peso":5},{"id":114,"peso":4},{"id":196,"peso":2},{"id":131,"peso":9},{"id":153,"peso":4},{"id":65,"peso":12},{"id":187,"peso":13},{"id":10,"peso":15},{"id":104,"peso":6},{"id":141,"peso":2},{"id":145,"peso":3},{"id":92,"peso":4},{"id":33,"peso":16},{"id":88,"peso":19},{"id":148,"peso":14},{"id":31,"peso":17},{"id":6,"peso":2},{"id":121,"peso":19},{"id":183,"peso":8},{"id":127,"peso":3},{"id":2,"peso":0},{"id":132,"peso":3},{"id":3,"peso":13},{"id":44,"peso":4},{"id":109,"peso":5},{"id":115,"peso":2},{"id":180,"peso":0},{"id":28,"peso":3},{"id":165,"peso":13},{"id":18,"peso":20},{"id":122,"peso":1},{"id":46,"peso":18},{"id":177,"peso":0},{"id":123,"peso":5},{"id":136,"peso":19},{"id":102,"peso":1},{"id":24,"peso":2},{"id":78,"peso":0},{"id":69,"peso":13},{"id":42,"peso":18},{"id":9,"peso":3},{"id":157,"peso":4},{"id":184,"peso":18},{"id":111,"peso":0},{"id":90,"peso":19},{"id":164,"peso":6},{"id":168,"peso":3},{"id":99,"peso":17}]}