{"docente":{"nome":"Renato","departamento":"FIC","id":1289},"atividades":[{"id":41,"peso":1},{"id":135,"peso":12},{"id":69,"peso":0},{"id":8,"peso":4},{"id":172,"peso":0},{"id":71,"peso":10},{"id":191,"peso":17},{"id":14,"peso":6},{"id":151,"peso":10},{"id":97,"peso":11},{"id":83,"peso":6},{"id":104,"peso":8},{"id":175,"peso":17},{"id":115,"peso":13},{"id":177,"peso":17},{"id":155,"peso":0},{"id":117,"peso":2},{"id":43,"peso":15},{"id":35,"peso":15},{"id":178,"peso":17},{"id":121,"peso":17},{"id":113,"peso":6},{"id":100,"peso":1},{"id":167,"peso":13},{"id":126,"peso":2},{"id":64,"peso":5},{"id":47,"peso":14},{"id":154,"peso":6},{"id":139,"peso":5},{"id":88,"peso":15},{"id":52,"peso":3},{"id":130,"peso":6},{"id":60,"peso":2},{"id":55,"peso":0},{"id":13,"peso":6},{"id":114,"peso":11},{"id":70,"peso":12},{"id":7,"peso":8},{"id":73,"peso":19},{"id":12,"peso":10},{"id":174,"peso":3},{"id":17,"peso":7},{"id":190,"peso":0},{"id":118,"peso":3},{"id":165,"peso":7},{"id":163,"peso":14},{"id":75,"peso":7},{"id":30,"peso":18},{"id":145,"peso":3},{"id":171,"peso":18},{"id":48,"peso":20},{"id":28,"peso":20},{"id":19,"peso":11},{"id":39,"peso":4},{"id":173,"peso":17},{"id":37,"peso":9},{"id":90,"peso":16},{"id":169,"peso":20},{"id":152,"peso":13},{"id":42,"peso":11},{"id":186,"peso":4},{"id":156,"peso":16},{"id":138,"peso":7},{"id":140,"peso":15},{"id":124,"peso":4},{"id":72,"peso":4},{"id":150,"peso":1},{"id":170,"peso":20},{"id":129,"peso":2},{"id":106,"peso":11},{"id":81,"peso":12},{"id":160,"peso":16},{"id":87,"peso":2},{"id":53,"peso":1},{"id":197,"peso":8},{"id":92,"peso":18},{"id":123,"peso":19},{"id":94,"peso":0},{"id":10,"peso":6},{"id":196,"peso":0},{"id":159,"peso":15},{"id":29,"peso":12}]}