{"docente":{"nome":"Guilherme","departamento":"IF","id":1265},"atividades":[{"id":9,"peso":8},{"id":24,"peso":12},{"id":66,"peso":10},{"id":27,"peso":15},{"id":176,"peso":7},{"id":29,"peso":0},{"id":61,"peso":1},{"id":37,"peso":12},{"id":25,"peso":4},{"id":13,"peso":8},{"id":134,"peso":20},{"id":65,"peso":4},{"id":55,"peso":20},{"id":87,"peso":4},{"id":117,"peso":1},{"id":52,"peso":15},{"id":142,"peso":17},{"id":183,"peso":2},{"id":101,"peso":14},{"id":17,"peso":6},{"id":1,"peso":10},{"id":124,"peso":6},{"id":38,"peso":10},{"id":88,"peso":13},{"id":180,"peso":9},{"id":178,"peso":7},{"id":141,"peso":15},{"id":10,"peso":17},{"id":110,"peso":12},{"id":169,"peso":4},{"id":92,"peso":10},{"id":103,"peso":3},{"id":143,"peso":8},{"id":40,"peso":12},{"id":11,"peso":11},{"id":138,"peso":14},{"id":56,"peso":5},{"id":193,"peso":12},{"id":75,"peso":9},{"id":181,"peso":14},{"id":77,"peso":0},{"id":195,"peso":8},{"id":185,"peso":4},{"id":35,"peso":16},{"id":41,"peso":2},{"id":179,"peso":15},{"id":130,"peso":9},{"id":112,"peso":2},{"id":49,"peso":11},{"id":127,"peso":11},{"id":114,"peso":14},{"id":53,"peso":0},{"id":59,"peso":19},{"id":158,"peso":9},{"id":148,"peso":4},{"id":98,"peso":4},{"id":4,"peso":5},{"id":139,"peso":11},{"id":150,"peso":6},{"id":30,"peso":11},{"id":21,"peso":18},{"id":22,"peso":17},{"id":79,"peso":3},{"id":167,"peso":18},{"id":157,"peso":1},{"id":7,"peso":19},{"id":159,"peso":16},{"id":146,"peso":13},{"id":85,"peso":11},{"id":145,"peso":16},{"id":164,"peso":11},{"id":62,"peso":8},{"id":191,"peso":6},{"id":71,"peso":4},{"id":100,"peso":9},{"id":113,"peso":1},{"id":188,"peso":16},{"id":107,"peso":19},{"id":161,"peso":11},{"id":73,"peso":19}]}