{"docente":{"nome":"Paulo","departamento":"IQ","id":1081},"atividades":[{"id":64,"peso":1},{"id":98,"peso":0},{"id":183,"peso":1},{"id":4,"peso":19},{"id":51,"peso":13},{"id":100,"peso":19},{"id":25,"peso":15},{"id":20,"peso":15},{"id":180,"peso":0},{"id":59,"peso":0},{"id":58,"peso":3},{"id":174,"peso":3},{"id":53,"peso":12},{"id":177,"peso":19},{"id":147,"peso":12},{"id":168,"peso":3},{"id":148,"peso":19},{"id":54,"peso":17},{"id":187,"peso":4},{"id":109,"peso":15},{"id":115,"peso":13},{"id":139,"peso":6},{"id":12,"peso":10},{"id":138,"peso":13},{"id":37,"peso":4},{"id":40,"peso":5},{"id":159,"peso":0},{"id":110,"peso":5},{"id":105,"peso":15},{"id":15,"peso":2},{"id":181,"peso":12},{"id":126,"peso":16},{"id":66,"peso":14},{"id":91,"peso":7},{"id":29,"peso":18},{"id":32,"peso":7},{"id":127,"peso":8},{"id":99,"peso":2},{"id":71,"peso":9},{"id":75,"peso":5},{"id":95,"peso":17},{"id":165,"peso":4},{"id":45,"peso":1},{"id":68,"peso":4},{"id":108,"peso":9},{"id":70,"peso":12},{"id":90,"peso":2},{"id":178,"peso":9},{"id":137,"peso":13},{"id":170,"peso":17},{"id":123,"peso":18},{"id":31,"peso":11},{"id":136,"peso":20},{"id":78,"peso":5},{"id":112,"peso":14},{"id":175,"peso":13},{"id":142,"peso":6},{"id":79,"peso":16},{"id":191,"peso":10},{"id":46,"peso":15},{"id":65,"peso":8},{"id":121,"peso":1},{"id":11,"peso":1},{"id":67,"peso":7},{"id":154,"peso":16},{"id":172,"peso":15},{"id":198,"peso":7},{"id":140,"peso":5},{"id":61,"peso":12},{"id":122,"peso":19},{"id":5,"peso":17},{"id":14,"peso":2},{"id":3,"peso":15},{"id":38,"peso":13},{"id":48,"peso":13},{"id":133,"peso":15},{"id":158,"peso":5},{"id":6,"peso":11},{"id":107,"peso":17},{"id":182,"peso":10}]}