{"docente":{"nome":"Berenice","departamento":"ICB","id":143},"atividades":[{"id":46,"peso":13},{"id":131,"peso":7},{"id":57,"peso":12},{"id":3,"peso":20},{"id":31,"peso":1},{"id":122,"peso":19},{"id":89,"peso":19},{"id":23,"peso":9},{"id":178,"peso":13},{"id":88,"peso":5},{"id":49,"peso":7},{"id":44,"peso":3},{"id":113,"peso":10},{"id":26,"peso":6},{"id":106,"peso":17},{"id":30,"peso":4},{"id":56,"peso":5},{"id":126,"peso":19},{"id":7,"peso":0},{"id":190,"peso":4},{"id":179,"peso":7},{"id":36,"peso":14},{"id":2,"peso":9},{"id":135,"peso":2},{"id":79,"peso":7},{"id":165,"peso":12},{"id":197,"peso":20},{"id":95,"peso":16},{"id":5,"peso":8},{"id":103,"peso":5},{"id":19,"peso":13},{"id":97,"peso":8},{"id":173,"peso":6},{"id":124,"peso":7},{"id":150,"peso":9},{"id":71,"peso":4},{"id":128,"peso":9},{"id":52,"peso":6},{"id":29,"peso":4},{"id":107,"peso":18},{"id":33,"peso":12},{"id":193,"peso":0},{"id":47,"peso":2},{"id":22,"peso":18},{"id":73,"peso":10},{"id":82,"peso":18},{"id":166,"peso":1},{"id":35,"peso":9},{"id":158,"peso":19},{"id":123,"peso":2},{"id":51,"peso":1},{"id":129,"peso":5},{"id":192,"peso":11},{"id":145,"peso":11},{"id":175,"peso":17},{"id":191,"peso":14},{"id":101,"peso":0},{"id":12,"peso":2},{"id":132,"peso":10},{"id":93,"peso":20},{"id":1,"peso":3},{"id":4,"peso":13},{"id":161,"peso":0},{"id":139,"peso":9},{"id":39,"peso":14},{"id":143,"peso":5},{"id":157,"peso":15},{"id":14,"peso":1},{"id":169,"peso":19},{"id":43,"peso":15},{"id":20,"peso":20},{"id":78,"peso":13},{"id":81,"peso":7},{"id":189,"peso":10},{"id":67,"peso":16},{"id":168,"peso":19},{"id":9,"peso":6},{"id":69,"peso":14}]}