{"docente":{"nome":"Fernanda","departamento":"INF","id":1372},"atividades":[{"id":131,"peso":2},{"id":128,"peso":9},{"id":124,"peso":6},{"id":28,"peso":5},{"id":166,"peso":14},{"id":13,"peso":1},{"id":108,"peso":4},{"id":23,"peso":18},{"id":155,"peso":14},{"id":66,"peso":19},{"id":39,"peso":15},{"id":165,"peso":18},{"id":192,"peso":12},{"id":16,"peso":8},{"id":101,"peso":12},{"id":54,"peso":9},{"id":63,"peso":12},{"id":15,"peso":20},{"id":140,"peso":1},{"id":57,"peso":8},{"id":48,"peso":18},{"id":43,"peso":9},{"id":109,"peso":13},{"id":184,"peso":5},{"id":158,"peso":10},{"id":191,"peso":12},{"id":4,"peso":7},{"id":1,"peso":19},{"id":153,"peso":14},{"id":9,"peso":1},{"id":85,"peso":8},{"id":79,"peso":16},{"id":163,"peso":1},{"id":24,"peso":12},{"id":22,"peso":8},{"id":31,"peso":11},{"id":179,"peso":0},{"id":194,"peso":4},{"id":74,"peso":16},{"id":68,"peso":7},{"id":35,"peso":13},{"id":185,"peso":1},{"id":141,"peso":16},{"id":90,"peso":14},{"id":112,"peso":3},{"id":40,"peso":19},{"id":65,"peso":20},{"id":133,"peso":20},{"id":189,"peso":20},{"id":12,"peso":15},{"id":115,"peso":14},{"id":47,"peso":7},{"id":25,"peso":4},{"id":135,"peso":7},{"id":59,"peso":17},{"id":107,"peso":7},{"id":120,"peso":1},{"id":180,"peso":13},{"id":17,"peso":2},{"id":91,"peso":20},{"id":144,"peso":20},{"id":187,"peso":8},{"id":46,"peso":13},{"id":170,"peso":13},{"id":173,"peso":13},{"id":19,"peso":17},{"id":197,"peso":20},{"id":152,"peso":6},{"id":172,"peso":6},{"id":113,"peso":14},{"id":183,"peso":2},{"id":105,"peso":17},{"id":89,"peso":5},{"id":177,"peso":14},{"id":168,"peso":15},{"id":154,"peso":17},{"id":72,"peso":10}]}