{"docente":{"nome":"Pedro","departamento":"IF","id":1434},"atividades":[{"id":146,"peso":8},{"id":165,"peso":10},{"id":192,"peso":15},{"id":6,"peso":11},{"id":169,"peso":13},{"id":78,"peso":5},{"id":51,"peso":13},{"id":104,"peso":13},{"id":2,"peso":6},{"id":155,"peso":18},{"id":19,"peso":3},{"id":21,"peso":13},{"id":164,"peso":13},{"id":85,"peso":7},{"id":152,"peso":8},{"id":166,"peso":19},{"id":11,"peso":3},{"id":191,"peso":20},{"id":138,"peso":20},{"id":132,"peso":3},{"id":90,"peso":18},{"id":12,"peso":1},{"id":154,"peso":14},{"id":55,"peso":7},{"id":72,"peso":13},{"id":66,"peso":6},{"id":76,"peso":18},{"id":190,"peso":12},{"id":101,"peso":3},{"id":89,"peso":13},{"id":84,"peso":12},{"id":3,"peso":8},{"id":82,"peso":12},{"id":182,"peso":5},{"id":18,"peso":1},{"id":70,"peso":1},{"id":173,"peso":9},{"id":174,"peso":3},{"id":16,"peso":10},{"id":58,"peso":19},{"id":194,"peso":5},{"id":172,"peso":13},{"id":67,"peso":14},{"id":43,"peso":15},{"id":111,"peso":4},{"id":60,"peso":14},{"id":167,"peso":20},{"id":157,"peso":4},{"id":20,"peso":1},{"id":156,"peso":7},{"id":170,"peso":9},{"id":75,"peso":1},{"id":45,"peso":15},{"id":53,"peso":19},{"id":122,"peso":16},{"id":22,"peso":20},{"id":35,"peso":13},{"id":68,"peso":5},{"id":140,"peso":13},{"id":79,"peso":10},{"id":178,"peso":19},{"id":139,"peso":18},{"id":52,"peso":19},{"id":24,"peso":12},{"id":10,"peso":1},{"id":183,"peso":2},{"id":118,"peso":2},{"id":40,"peso":9},{"id":63,"peso":5},{"id":25,"peso":14},{"id":113,"peso":0},{"id":57,"peso":4},{"id":160,"peso":3},{"id":189,"peso":3},{"id":109,"peso":16},{"id":83,"peso":3},{"id":114,"peso":19},{"id":39,"peso":9},{"id":144,"peso":15}]}