{"docente":{"nome":"Maria","departamento":"INF","id":1414},"atividades":[{"id":173,"peso":1},{"id":66,"peso":9},{"id":72,"peso":13},{"id":125,"peso":14},{"id":121,"peso":4},{"id":135,"peso":20},{"id":123,"peso":11},{"id":147,"peso":14},{"id":126,"peso":5},{"id":17,"peso":15},{"id":33,"peso":16},{"id":151,"peso":8},{"id":111,"peso":15},{"id":27,"peso":6},{"id":26,"peso":6},{"id":113,"peso":14},{"id":190,"peso":12},{"id":134,"peso":3},{"id":9,"peso":6},{"id":172,"peso":6},{"id":93,"peso":10},{"id":1,"peso":12},{"id":130,"peso":14},{"id":142,"peso":2},{"id":19,"peso":0},{"id":188,"peso":0},{"id":18,"peso":13},{"id":152,"peso":10},{"id":24,"peso":5},{"id":56,"peso":17},{"id":141,"peso":16},{"id":6,"peso":20},{"id":63,"peso":4},{"id":133,"peso":10},{"id":101,"peso":0},{"id":144,"peso":17},{"id":65,"peso":7},{"id":182,"peso":6},{"id":62,"peso":3},{"id":78,"peso":17},{"id":166,"peso":3},{"id":180,"peso":14},{"id":156,"peso":14},{"id":124,"peso":5},{"id":37,"peso":7},{"id":77,"peso":4},{"id":170,"peso":16},{"id":89,"peso":2},{"id":107,"peso":2},{"id":160,"peso":4},{"id":20,"peso":1},{"id":193,"peso":17},{"id":154,"peso":5},{"id":88,"peso":9},{"id":91,"peso":6},{"id":187,"peso":14},{"id":61,"peso":6},{"id":143,"peso":5},{"id":64,"peso":1},{"id":80,"peso":9},{"id":179,"peso":10},{"id":97,"peso":7},{"id":53,"peso":16},{"id":59,"peso":6},{"id":50,"peso":9},{"id":2,"peso":9},{"id":153,"peso":17},{"id":8,"peso":12},{"id":196,"peso":18},{"id":158,"peso":8},{"id":167,"peso":10},{"id":7,"peso":11},{"id":30,"peso":14},{"id":13,"peso":19},{"id":114,"peso":12},{"id":104,"peso":1},{"id":48,"peso":16},{"id":185,"peso":15},{"id":41,"peso":19},{"id":73,"peso":15}]}