{"docente":{"nome":"Murilo","departamento":"INF","id":12},"atividades":[{"id":168,"peso":14},{"id":190,"peso":0},{"id":39,"peso":13},{"id":46,"peso":16},{"id":124,"peso":9},{"id":77,"peso":16},{"id":110,"peso":11},{"id":150,"peso":14},{"id":178,"peso":8},{"id":90,"peso":11},{"id":53,"peso":17},{"id":107,"peso":1},{"id":119,"peso":8},{"id":62,"peso":5},{"id":84,"peso":18},{"id":54,"peso":3},{"id":156,"peso":11},{"id":66,"peso":16},{"id":36,"peso":8},{"id":47,"peso":3},{"id":183,"peso":10},{"id":144,"peso":10},{"id":18,"peso":3},{"id":95,"peso":10},{"id":170,"peso":0},{"id":152,"peso":6},{"id":111,"peso":4},{"id":180,"peso":11},{"id":125,"peso":8},{"id":21,"peso":11},{"id":134,"peso":10},{"id":96,"peso":7},{"id":181,"peso":0},{"id":83,"peso":13},{"id":153,"peso":14},{"id":114,"peso":5},{"id":48,"peso":20},{"id":29,"peso":11},{"id":188,"peso":7},{"id":10,"peso":4},{"id":177,"peso":14},{"id":186,"peso":0},{"id":85,"peso":14},{"id":172,"peso":8},{"id":68,"peso":11},{"id":193,"peso":3},{"id":23,"peso":3},{"id":191,"peso":5},{"id":3,"peso":20},{"id":166,"peso":5},{"id":126,"peso":0},{"id":171,"peso":18},{"id":45,"peso":5},{"id":128,"peso":3},{"id":44,"peso":0},{"id":148,"peso":17},{"id":14,"peso":13},{"id":75,"peso":16},{"id":127,"peso":18},{"id":6,"peso":19},{"id":99,"peso":8},{"id":17,"peso":3},{"id":101,"peso":17},{"id":64,"peso":5},{"id":50,"peso":11},{"id":120,"peso":20},{"id":136,"peso":15},{"id":35,"peso":3},{"id":98,"peso":19},{"id":103,"peso":0},{"id":164,"peso":15},{"id":155,"peso":18},{"id":146,"peso":8},{"id":24,"peso":19},{"id":97,"peso":1},{"id":74,"peso":13},{"id":58,"peso":14},{"id":51,"peso":9}]}