{"docente":{"nome":"Maria","departamento":"ICB","id":1248},"atividades":[{"id":176,"peso":19},{"id":134,"peso":11},{"id":177,"peso":11},{"id":66,"peso":10},{"id":94,"peso":1},{"id":52,"peso":15},{"id":190,"peso":7},{"id":61,"peso":9},{"id":75,"peso":13},{"id":39,"peso":20},{"id":135,"peso":0},{"id":103,"peso":12},{"id":188,"peso":1},{"id":132,"peso":10},{"id":152,"peso":14},{"id":69,"peso":19},{"id":158,"peso":14},{"id":54,"peso":15},{"id":73,"peso":16},{"id":108,"peso":16},{"id":186,"peso":11},{"id":163,"peso":5},{"id":167,"peso":0},{"id":23,"peso":16},{"id":198,"peso":0},{"id":29,"peso":6},{"id":153,"peso":10},{"id":165,"peso":8},{"id":189,"peso":5},{"id":41,"peso":13},{"id":139,"peso":16},{"id":112,"peso":16},{"id":55,"peso":10},{"id":76,"peso":18},{"id":174,"peso":5},{"id":157,"peso":9},{"id":159,"peso":0},{"id":156,"peso":20},{"id":111,"peso":18},{"id":196,"peso":4},{"id":62,"peso":9},{"id":143,"peso":6},{"id":104,"peso":2},{"id":18,"peso":8},{"id":150,"peso":17},{"id":58,"peso":5},{"id":79,"peso":8},{"id":50,"peso":9},{"id":14,"peso":8},{"id":60,"peso":19},{"id":88,"peso":5},{"id":95,"peso":9},{"id":13,"peso":4},{"id":144,"peso":0},{"id":57,"peso":15},{"id":131,"peso":7},{"id":119,"peso":11},{"id":86,"peso":4},{"id":99,"peso":9},{"id":40,"peso":16},{"id":15,"peso":1},{"id":82,"peso":9},{"id":46,"peso":11},{"id":6,"peso":8},{"id":154,"peso":2},{"id":160,"peso":15},{"id":185,"peso":15},{"id":140,"peso":13},{"id":166,"peso":16},{"id":193,"peso":14},{"id":117,"peso":16},{"id":106,"peso":15},{"id":118,"peso":17},{"id":123,"peso":1},{"id":183,"peso":11},{"id":83,"peso":17},{"id":68,"peso":11},{"id":195,"peso":11}]}