{"docente":{"nome":"Joao","departamento":"ICB","id":1053},"atividades":[{"id":177,"peso":13},{"id":96,"peso":12},{"id":147,"peso":18},{"id":178,"peso":13},{"id":77,"peso":10},{"id":162,"peso":4},{"id":80,"peso":8},{"id":101,"peso":7},{"id":70,"peso":3},{"id":65,"peso":0},{"id":106,"peso":15},{"id":134,"peso":5},{"id":149,"peso":1},{"id":5,"peso":17},{"id":135,"peso":13},{"id":120,"peso":9},{"id":32,"peso":0},{"id":39,"peso":9},{"id":160,"peso":16},{"id":136,"peso":13},{"id":167,"peso":18},{"id":157,"peso":10},{"id":11,"peso":5},{"id":198,"peso":9},{"id":179,"peso":9},{"id":31,"peso":19},{"id":108,"peso":15},{"id":116,"peso":8},{"id":95,"peso":0},{"id":166,"peso":5},{"id":155,"peso":15},{"id":118,"peso":16},{"id":53,"peso":6},{"id":52,"peso":17},{"id":180,"peso":12},{"id":27,"peso":13},{"id":139,"peso":16},{"id":129,"peso":1},{"id":2,"peso":17},{"id":158,"peso":7},{"id":17,"peso":9},{"id":124,"peso":16},{"id":64,"peso":17},{"id":75,"peso":13},{"id":40,"peso":7},{"id":156,"peso":16},{"id":117,"peso":8},{"id":54,"peso":2},{"id":19,"peso":20},{"id":94,"peso":7},{"id":125,"peso":18},{"id":33,"peso":6},{"id":114,"peso":15},{"id":62,"peso":0},{"id":67,"peso":3},{"id":159,"peso":15},{"id":183,"peso":2},{"id":121,"peso":4},{"id":104,"peso":13},{"id":113,"peso":15},{"id":172,"peso":1},{"id":50,"peso":15},{"id":189,"peso":2},{"id":85,"peso":0},{"id":4,"peso":7},{"id":119,"peso":8},{"id":137,"peso":17},{"id":122,"peso":2},{"id":146,"peso":9},{"id":140,"peso":0},{"id":175,"peso":11},{"id":76,"peso":18},{"id":15,"peso":6},{"id":127,"peso":2},{"id":165,"peso":7},{"id":100,"peso":16},{"id":21,"peso":9}]}