{"docente":{"nome":"Murilo","departamento":"FIC","id":140},"atividades":[{"id":104,"peso":9},{"id":74,"peso":8},{"id":71,"peso":12},{"id":126,"peso":11},{"id":116,"peso":14},{"id":44,"peso":15},{"id":86,"peso":0},{"id":115,"peso":11},{"id":166,"peso":20},{"id":128,"peso":7},{"id":92,"peso":13},{"id":64,"peso":10},{"id":132,"peso":17},{"id":60,"peso":1},{"id":139,"peso":5},{"id":55,"peso":8},{"id":56,"peso":0},{"id":101,"peso":10},{"id":156,"peso":4},{"id":27,"peso":1},{"id":36,"peso":7},{"id":124,"peso":2},{"id":67,"peso":13},{"id":48,"peso":13},{"id":73,"peso":13},{"id":83,"peso":14},{"id":32,"peso":19},{"id":142,"peso":14},{"id":39,"peso":18},{"id":28,"peso":16},{"id":174,"peso":9},{"id":69,"peso":2},{"id":146,"peso":2},{"id":118,"peso":19},{"id":159,"peso":15},{"id":11,"peso":13},{"id":183,"peso":11},{"id":145,"peso":16},{"id":140,"peso":9},{"id":80,"peso":12},{"id":14,"peso":8},{"id":77,"peso":11},{"id":163,"peso":3},{"id":127,"peso":16},{"id":192,"peso":1},{"id":157,"peso":9},{"id":170,"peso":11},{"id":172,"peso":11},{"id":184,"peso":12},{"id":125,"peso":2},{"id":21,"peso":15},{"id":129,"peso":4},{"id":135,"peso":4},{"id":149,"peso":17},{"id":108,"peso":3},{"id":175,"peso":17},{"id":98,"peso":8},{"id":16,"peso":18},{"id":193,"peso":3},{"id":75,"peso":8},{"id":114,"peso":11},{"id":89,"peso":15},{"id":105,"peso":8},{"id":110,"peso":17},{"id":136,"peso":4},{"id":43,"peso":18},{"id":106,"peso":7},{"id":17,"peso":18},{"id":178,"peso":4},{"id":8,"peso":16},{"id":96,"peso":14},{"id":57,"peso":9},{"id":177,"peso":20},{"id":30,"peso":8},{"id":182,"peso":13},{"id":162,"peso":1},{"id":152,"peso":18},{"id":76,"peso":4},{"id":5,"peso":11}]}