{"docente":{"nome":"Murilo","departamento":"ICB","id":1317},"atividades":[{"id":94,"peso":0},{"id":70,"peso":5},{"id":128,"peso":3},{"id":148,"peso":2},{"id":9,"peso":11},{"id":101,"peso":20},{"id":24,"peso":16},{"id":176,"peso":10},{"id":61,"peso":14},{"id":102,"peso":10},{"id":167,"peso":0},{"id":20,"peso":17},{"id":121,"peso":20},{"id":134,"peso":20},{"id":1,"peso":12},{"id":117,"peso":10},{"id":157,"peso":13},{"id":171,"peso":17},{"id":147,"peso":18},{"id":177,"peso":0},{"id":190,"peso":13},{"id":152,"peso":9},{"id":85,"peso":1},{"id":156,"peso":19},{"id":168,"peso":12},{"id":29,"peso":19},{"id":62,"peso":10},{"id":11,"peso":17},{"id":89,"peso":10},{"id":44,"peso":10},{"id":196,"peso":12},{"id":66,"peso":0},{"id":84,"peso":8},{"id":28,"peso":1},{"id":93,"peso":18},{"id":136,"peso":1},{"id":92,"peso":18},{"id":164,"peso":13},{"id":3,"peso":4},{"id":13,"peso":0},{"id":86,"peso":18},{"id":151,"peso":2},{"id":130,"peso":18},{"id":10,"peso":12},{"id":180,"peso":6},{"id":103,"peso":4},{"id":8,"peso":5},{"id":90,"peso":16},{"id":191,"peso":3},{"id":144,"peso":6},{"id":56,"peso":12},{"id":154,"peso":15},{"id":30,"peso":5},{"id":150,"peso":12},{"id":106,"peso":15},{"id":23,"peso":13},{"id":57,"peso":8},{"id":95,"peso":19},{"id":48,"peso":4},{"id":149,"peso":16},{"id":188,"peso":17},{"id":181,"peso":4},{"id":18,"peso":12},{"id":50,"peso":20},{"id":99,"peso":20},{"id":112,"peso":9},{"id":37,"peso":6},{"id":91,"peso":20},{"id":139,"peso":15},{"id":42,"peso":16},{"id":178,"peso":15},{"id":184,"peso":12},{"id":82,"peso":12},{"id":131,"peso":6},{"id":51,"peso":16},{"id":74,"peso":8},{"id":79,"peso":17},{"id":45,"peso":6},{"id":46,"peso":14},{"id":68,"peso":12}]}