{"docente":{"nome":"Renato","departamento":"FIC","id":1110},"atividades":[{"id":66,"peso":16},{"id":114,"peso":17},{"id":108,"peso":10},{"id":6,"peso":16},{"id":160,"peso":10},{"id":1,"peso":16},{"id":14,"peso":8},{"id":73,"peso":11},{"id":16,"peso":10},{"id":33,"peso":12},{"id":32,"peso":17},{"id":133,"peso":19},{"id":9,"peso":18},{"id":113,"peso":18},{"id":189,"peso":19},{"id":142,"peso":7},{"id":39,"peso":19},{"id":178,"peso":0},{"id":120,"peso":11},{"id":140,"peso":18},{"id":55,"peso":13},{"id":123,"peso":0},{"id":17,"peso":11},{"id":192,"peso":1},{"id":72,"peso":1},{"id":151,"peso":5},{"id":18,"peso":6},{"id":63,"peso":6},{"id":65,"peso":3},{"id":50,"peso":13},{"id":193,"peso":20},{"id":20,"peso":5},{"id":89,"peso":4},{"id":116,"peso":11},{"id":157,"peso":4},{"id":93,"peso":12},{"id":161,"peso":3},{"id":56,"peso":14},{"id":36,"peso":4},{"id":10,"peso":2},{"id":81,"peso":4},{"id":127,"peso":6},{"id":167,"peso":8},{"id":98,"peso":13},{"id":67,"peso":8},{"id":176,"peso":12},{"id":179,"peso":20},{"id":182,"peso":10},{"id":59,"peso":11},{"id":60,"peso":18},{"id":147,"peso":6},{"id":137,"peso":15},{"id":154,"peso":11},{"id":131,"peso":16},{"id":177,"peso":2},{"id":100,"peso":8},{"id":11,"peso":1},{"id":37,"peso":16},{"id":90,"peso":14},{"id":194,"peso":9},{"id":97,"peso":2},{"id":46,"peso":10},{"id":188,"peso":14},{"id":62,"peso":12},{"id":150,"peso":12},{"id":117,"peso":5},{"id":86,"peso":14},{"id":128,"peso":2},{"id":124,"peso":15},{"id":64,"peso":1},{"id":52,"peso":10},{"id":158,"peso":19},{"id":31,"peso":1},{"id":187,"peso":13},{"id":15,"peso":10},{"id":24,"peso":6},{"id":13,"peso":9}]}