{"docente":{"nome":"Luiz","departamento":"INF","id":1204},"atividades":[{"id":160,"peso":18},{"id":120,"peso":2},{"id":104,"peso":5},{"id":23,"peso":3},{"id":135,"peso":12},{"id":116,"peso":4},{"id":10,"peso":20},{"id":175,"peso":6},{"id":41,"peso":18},{"id":31,"peso":9},{"id":92,"peso":18},{"id":173,"peso":1},{"id":174,"peso":13},{"id":33,"peso":3},{"id":28,"peso":18},{"id":115,"peso":10},{"id":3,"peso":2},{"id":58,"peso":1},{"id":198,"peso":13},{"id":2,"peso":13},{"id":114,"peso":2},{"id":187,"peso":20},{"id":191,"peso":16},{"id":63,"peso":1},{"id":49,"peso":2},{"id":146,"peso":4},{"id":145,"peso":0},{"id":117,"peso":20},{"id":8,"peso":5},{"id":65,"peso":11},{"id":81,"peso":4},{"id":40,"peso":3},{"id":149,"peso":11},{"id":51,"peso":4},{"id":35,"peso":9},{"id":4,"peso":3},{"id":164,"peso":9},{"id":134,"peso":3},{"id":105,"peso":3},{"id":184,"peso":9},{"id":99,"peso":4},{"id":17,"peso":15},{"id":158,"peso":10},{"id":54,"peso":20},{"id":9,"peso":19},{"id":46,"peso":8},{"id":138,"peso":5},{"id":170,"peso":14},{"id":157,"peso":19},{"id":77,"peso":16},{"id":74,"peso":2},{"id":69,"peso":19},{"id":36,"peso":6},{"id":83,"peso":9},{"id":84,"peso":0},{"id":32,"peso":3},{"id":75,"peso":9},{"id":152,"peso":2},{"id":71,"peso":2},{"id":38,"peso":17},{"id":72,"peso":7},{"id":90,"peso":0},{"id":196,"peso":14},{"id":110,"peso":13},{"id":94,"peso":5},{"id":67,"peso":16},{"id":125,"peso":19},{"id":178,"peso":1},{"id":47,"peso":6},{"id":86,"peso":15},{"id":57,"peso":20},{"id":136,"peso":17},{"id":64,"peso":4},{"id":100,"peso":20},{"id":11,"peso":4},{"id":37,"peso":3},{"id":56,"peso":18},{"id":59,"peso":6}]}