{"docente":{"nome":"Renato","departamento":"FEF","id":1180},"atividades":[{"id":151,"peso":7},{"id":81,"peso":20},{"id":14,"peso":7},{"id":161,"peso":6},{"id":155,"peso":0},{"id":156,"peso":16},{"id":66,"peso":13},{"id":113,"peso":1},{"id":37,"peso":15},{"id":144,"peso":12},{"id":177,"peso":10},{"id":193,"peso":20},{"id":26,"peso":2},{"id":79,"peso":8},{"id":167,"peso":19},{"id":54,"peso":15},{"id":98,"peso":2},{"id":115,"peso":5},{"id":188,"peso":12},{"id":117,"peso":7},{"id":70,"peso":9},{"id":180,"peso":7},{"id":25,"peso":1},{"id":125,"peso":14},{"id":162,"peso":12},{"id":72,"peso":7},{"id":9,"peso":3},{"id":191,"peso":4},{"id":11,"peso":20},{"id":181,"peso":2},{"id":136,"peso":4},{"id":106,"peso":11},{"id":56,"peso":4},{"id":65,"peso":0},{"id":51,"peso":11},{"id":194,"peso":3},{"id":46,"peso":1},{"id":83,"peso":18},{"id":22,"peso":19},{"id":57,"peso":7},{"id":19,"peso":2},{"id":67,"peso":14},{"id":89,"peso":2},{"id":112,"peso":11},{"id":148,"peso":12},{"id":174,"peso":10},{"id":13,"peso":3},{"id":29,"peso":5},{"id":21,"peso":16},{"id":110,"peso":0},{"id":114,"peso":17},{"id":42,"peso":12},{"id":137,"peso":11},{"id":31,"peso":9},{"id":105,"peso":3},{"id":141,"peso":4},{"id":43,"peso":0},{"id":5,"peso":13},{"id":129,"peso":5},{"id":88,"peso":12},{"id":3,"peso":10},{"id":120,"peso":18},{"id":192,"peso":3},{"id":147,"peso":1},{"id":134,"peso":5},{"id":82,"peso":6},{"id":99,"peso":15},{"id":58,"peso":9},{"id":12,"peso":0},{"id":87,"peso":1},{"id":152,"peso":19},{"id":169,"peso":20},{"id":77,"peso":15},{"id":92,"peso":14}]}