{"docente":{"nome":"Renato","departamento":"IQ","id":1251},"atividades":[{"id":135,"peso":7},{"id":79,"peso":12},{"id":41,"peso":15},{"id":9,"peso":20},{"id":134,"peso":16},{"id":148,"peso":12},{"id":45,"peso":17},{"id":165,"peso":19},{"id":107,"peso":5},{"id":149,"peso":17},{"id":60,"peso":14},{"id":166,"peso":3},{"id":182,"peso":11},{"id":32,"peso":9},{"id":114,"peso":8},{"id":14,"peso":17},{"id":92,"peso":8},{"id":118,"peso":1},{"id":84,"peso":5},{"id":116,"peso":11},{"id":198,"peso":18},{"id":192,"peso":6},{"id":54,"peso":4},{"id":64,"peso":1},{"id":130,"peso":2},{"id":44,"peso":8},{"id":93,"peso":6},{"id":127,"peso":17},{"id":33,"peso":11},{"id":42,"peso":20},{"id":100,"peso":11},{"id":190,"peso":5},{"id":67,"peso":7},{"id":69,"peso":13},{"id":122,"peso":0},{"id":16,"peso":10},{"id":171,"peso":11},{"id":52,"peso":9},{"id":12,"peso":15},{"id":119,"peso":12},{"id":176,"peso":17},{"id":145,"peso":16},{"id":169,"peso":16},{"id":181,"peso":11},{"id":101,"peso":10},{"id":61,"peso":5},{"id":161,"peso":7},{"id":26,"peso":7},{"id":172,"peso":5},{"id":137,"peso":7},{"id":76,"peso":2},{"id":162,"peso":20},{"id":39,"peso":3},{"id":97,"peso":2},{"id":103,"peso":2},{"id":110,"peso":10},{"id":21,"peso":16},{"id":15,"peso":2},{"id":112,"peso":18},{"id":19,"peso":18},{"id":184,"peso":17},{"id":155,"peso":9},{"id":115,"peso":11},{"id":91,"peso":8},{"id":7,"peso":17},{"id":34,"peso":8},{"id":189,"peso":17},{"id":62,"peso":18},{"id":4,"peso":20},{"id":48,"peso":0},{"id":40,"peso":14},{"id":88,"peso":13},{"id":180,"peso":6},{"id":51,"peso":2},{"id":140,"peso":19},{"id":58,"peso":1},{"id":8,"peso":14},{"id":158,"peso":7},{"id":124,"peso":1},{"id":111,"peso":6}]}