{"docente":{"nome":"Murilo","departamento":"FEF","id":1352},"atividades":[{"id":196,"peso":1},{"id":126,"peso":18},{"id":82,"peso":13},{"id":58,"peso":0},{"id":154,"peso":10},{"id":28,"peso":2},{"id":176,"peso":10},{"id":161,"peso":14},{"id":67,"peso":6},{"id":41,"peso":8},{"id":32,"peso":9},{"id":22,"peso":3},{"id":76,"peso":12},{"id":166,"peso":4},{"id":152,"peso":9},{"id":62,"peso":13},{"id":145,"peso":11},{"id":191,"peso":8},{"id":92,"peso":18},{"id":107,"peso":0},{"id":72,"peso":11},{"id":131,"peso":17},{"id":179,"peso":15},{"id":90,"peso":18},{"id":40,"peso":13},{"id":4,"peso":6},{"id":68,"peso":10},{"id":95,"peso":7},{"id":147,"peso":5},{"id":104,"peso":7},{"id":21,"peso":14},{"id":134,"peso":19},{"id":87,"peso":16},{"id":153,"peso":2},{"id":181,"peso":0},{"id":52,"peso":10},{"id":55,"peso":12},{"id":46,"peso":1},{"id":35,"peso":17},{"id":138,"peso":8},{"id":44,"peso":0},{"id":60,"peso":8},{"id":125,"peso":3},{"id":79,"peso":7},{"id":83,"peso":5},{"id":117,"peso":12},{"id":143,"peso":12},{"id":163,"peso":19},{"id":65,"peso":5},{"id":182,"peso":6},{"id":170,"peso":17},{"id":108,"peso":10},{"id":42,"peso":10},{"id":190,"peso":20},{"id":10,"peso":20},{"id":73,"peso":9},{"id":105,"peso":0},{"id":119,"peso":9},{"id":38,"peso":11},{"id":30,"peso":1},{"id":98,"peso":1},{"id":61,"peso":19},{"id":183,"peso":19},{"id":27,"peso":10},{"id":11,"peso":6},{"id":165,"peso":8},{"id":109,"peso":8},{"id":94,"peso":19},{"id":75,"peso":3},{"id":198,"peso":14},{"id":89,"peso":0},{"id":71,"peso":6},{"id":186,"peso":20},{"id":139,"peso":7},{"id":167,"peso":11},{"id":51,"peso":1},{"id":114,"peso":1},{"id":187,"peso":5},{"id":78,"peso":7},{"id":80,"peso":7}]}