{"docente":{"nome":"Ingrid","departamento":"INF","id":141},"atividades":[{"id":8,"peso":14},{"id":92,"peso":19},{"id":14,"peso":2},{"id":189,"peso":6},{"id":84,"peso":12},{"id":99,"peso":13},{"id":13,"peso":20},{"id":159,"peso":15},{"id":64,"peso":13},{"id":65,"peso":8},{"id":28,"peso":5},{"id":63,"peso":7},{"id":104,"peso":19},{"id":175,"peso":3},{"id":22,"peso":4},{"id":5,"peso":7},{"id":198,"peso":14},{"id":108,"peso":13},{"id":17,"peso":15},{"id":71,"peso":7},{"id":116,"peso":5},{"id":183,"peso":16},{"id":80,"peso":8},{"id":160,"peso":19},{"id":192,"peso":8},{"id":20,"peso":13},{"id":143,"peso":15},{"id":179,"peso":7},{"id":100,"peso":18},{"id":4,"peso":5},{"id":91,"peso":9},{"id":182,"peso":3},{"id":176,"peso":9},{"id":146,"peso":14},{"id":96,"peso":16},{"id":62,"peso":19},{"id":24,"peso":8},{"id":43,"peso":20},{"id":54,"peso":20},{"id":51,"peso":16},{"id":130,"peso":8},{"id":185,"peso":18},{"id":184,"peso":8},{"id":158,"peso":10},{"id":156,"peso":19},{"id":83,"peso":14},{"id":112,"peso":1},{"id":101,"peso":12},{"id":78,"peso":2},{"id":30,"peso":4},{"id":117,"peso":10},{"id":139,"peso":18},{"id":23,"peso":17},{"id":157,"peso":20},{"id":136,"peso":17},{"id":18,"peso":10},{"id":44,"peso":14},{"id":168,"peso":0},{"id":196,"peso":12},{"id":195,"peso":10},{"id":161,"peso":16},{"id":152,"peso":5},{"id":131,"peso":18},{"id":19,"peso":15},{"id":73,"peso":16},{"id":188,"peso":16},{"id":16,"peso":20},{"id":7,"peso":1},{"id":155,"peso":17},{"id":48,"peso":10},{"id":167,"peso":17},{"id":33,"peso":15},{"id":10,"peso":20},{"id":87,"peso":6},{"id":153,"peso":17},{"id":193,"peso":1},{"id":46,"peso":3},{"id":53,"peso":11},{"id":102,"peso":8},{"id":178,"peso":13},{"id":2,"peso":3},{"id":115,"peso":13}]}