{"docente":{"nome":"Karla","departamento":"IF","id":1017},"atividades":[{"id":18,"peso":16},{"id":15,"peso":2},{"id":168,"peso":1},{"id":43,"peso":19},{"id":196,"peso":7},{"id":26,"peso":16},{"id":170,"peso":3},{"id":146,"peso":13},{"id":21,"peso":18},{"id":181,"peso":18},{"id":105,"peso":17},{"id":19,"peso":17},{"id":85,"peso":14},{"id":117,"peso":14},{"id":190,"peso":10},{"id":45,"peso":17},{"id":2,"peso":2},{"id":87,"peso":19},{"id":44,"peso":13},{"id":141,"peso":20},{"id":101,"peso":10},{"id":158,"peso":13},{"id":47,"peso":3},{"id":154,"peso":3},{"id":29,"peso":3},{"id":99,"peso":10},{"id":179,"peso":19},{"id":92,"peso":20},{"id":66,"peso":16},{"id":162,"peso":9},{"id":67,"peso":10},{"id":55,"peso":1},{"id":133,"peso":14},{"id":128,"peso":15},{"id":144,"peso":12},{"id":127,"peso":1},{"id":60,"peso":11},{"id":182,"peso":3},{"id":72,"peso":10},{"id":50,"peso":15},{"id":96,"peso":0},{"id":97,"peso":14},{"id":148,"peso":1},{"id":122,"peso":0},{"id":123,"peso":15},{"id":138,"peso":2},{"id":184,"peso":5},{"id":111,"peso":20},{"id":8,"peso":14},{"id":4,"peso":0},{"id":124,"peso":14},{"id":169,"peso":0},{"id":159,"peso":19},{"id":152,"peso":11},{"id":183,"peso":4},{"id":125,"peso":6},{"id":98,"peso":11},{"id":160,"peso":16},{"id":5,"peso":6},{"id":7,"peso":19},{"id":119,"peso":5},{"id":176,"peso":12},{"id":63,"peso":0},{"id":195,"peso":20},{"id":28,"peso":9},{"id":191,"peso":5},{"id":13,"peso":18},{"id":172,"peso":19},{"id":91,"peso":8},{"id":171,"peso":15},{"id":102,"peso":18},{"id":185,"peso":1},{"id":113,"peso":16},{"id":52,"peso":2},{"id":11,"peso":18},{"id":40,"peso":17},{"id":167,"peso":19}]}