{"docente":{"nome":"Henrique","departamento":"IF","id":1261},"atividades":[{"id":73,"peso":7},{"id":74,"peso":14},{"id":127,"peso":19},{"id":152,"peso":12},{"id":191,"peso":20},{"id":155,"peso":12},{"id":70,"peso":2},{"id":65,"peso":12},{"id":118,"peso":15},{"id":189,"peso":2},{"id":58,"peso":12},{"id":31,"peso":17},{"id":6,"peso":12},{"id":92,"peso":16},{"id":134,"peso":13},{"id":42,"peso":1},{"id":46,"peso":4},{"id":49,"peso":14},{"id":43,"peso":2},{"id":197,"peso":20},{"id":137,"peso":9},{"id":20,"peso":6},{"id":94,"peso":8},{"id":29,"peso":2},{"id":36,"peso":14},{"id":47,"peso":12},{"id":11,"peso":16},{"id":26,"peso":8},{"id":179,"peso":11},{"id":173,"peso":10},{"id":32,"peso":5},{"id":51,"peso":11},{"id":159,"peso":5},{"id":35,"peso":6},{"id":24,"peso":17},{"id":188,"peso":6},{"id":145,"peso":10},{"id":138,"peso":20},{"id":190,"peso":2},{"id":66,"peso":5},{"id":99,"peso":19},{"id":82,"peso":16},{"id":144,"peso":19},{"id":61,"peso":3},{"id":75,"peso":6},{"id":128,"peso":9},{"id":45,"peso":17},{"id":122,"peso":12},{"id":83,"peso":10},{"id":174,"peso":17},{"id":198,"peso":3},{"id":98,"peso":19},{"id":176,"peso":0},{"id":91,"peso":3},{"id":88,"peso":14},{"id":89,"peso":9},{"id":22,"peso":19},{"id":196,"peso":19},{"id":100,"peso":19},{"id":76,"peso":20},{"id":121,"peso":0},{"id":133,"peso":3},{"id":25,"peso":9},{"id":102,"peso":1},{"id":153,"peso":18},{"id":55,"peso":20},{"id":182,"peso":15},{"id":175,"peso":20},{"id":132,"peso":10},{"id":143,"peso":3},{"id":50,"peso":20},{"id":194,"peso":19},{"id":157,"peso":5},{"id":84,"peso":4},{"id":79,"peso":6},{"id":28,"peso":12},{"id":165,"peso":9}]}