{"docente":{"nome":"Guilherme","departamento":"FEF","id":1344},"atividades":[{"id":151,"peso":12},{"id":90,"peso":6},{"id":54,"peso":4},{"id":95,"peso":18},{"id":121,"peso":7},{"id":2,"peso":12},{"id":103,"peso":5},{"id":80,"peso":15},{"id":44,"peso":8},{"id":124,"peso":19},{"id":169,"peso":8},{"id":41,"peso":1},{"id":49,"peso":9},{"id":84,"peso":16},{"id":110,"peso":17},{"id":87,"peso":16},{"id":155,"peso":0},{"id":111,"peso":10},{"id":159,"peso":6},{"id":116,"peso":17},{"id":72,"peso":20},{"id":22,"peso":4},{"id":139,"peso":1},{"id":6,"peso":0},{"id":42,"peso":17},{"id":57,"peso":17},{"id":60,"peso":2},{"id":104,"peso":12},{"id":8,"peso":17},{"id":189,"peso":13},{"id":161,"peso":5},{"id":77,"peso":20},{"id":175,"peso":3},{"id":197,"peso":15},{"id":190,"peso":11},{"id":35,"peso":9},{"id":173,"peso":20},{"id":17,"peso":1},{"id":1,"peso":2},{"id":93,"peso":6},{"id":119,"peso":9},{"id":196,"peso":14},{"id":150,"peso":11},{"id":31,"peso":10},{"id":75,"peso":18},{"id":9,"peso":4},{"id":123,"peso":4},{"id":186,"peso":11},{"id":94,"peso":11},{"id":165,"peso":7},{"id":63,"peso":1},{"id":148,"peso":6},{"id":137,"peso":20},{"id":12,"peso":16},{"id":40,"peso":0},{"id":160,"peso":2},{"id":114,"peso":20},{"id":122,"peso":2},{"id":102,"peso":12},{"id":66,"peso":2},{"id":191,"peso":12},{"id":193,"peso":14},{"id":192,"peso":5},{"id":168,"peso":13},{"id":184,"peso":7},{"id":32,"peso":7},{"id":120,"peso":3},{"id":140,"peso":10},{"id":195,"peso":10},{"id":82,"peso":0},{"id":187,"peso":17},{"id":156,"peso":17},{"id":127,"peso":7},{"id":118,"peso":14},{"id":109,"peso":12}]}