{"docente":{"nome":"Laerte","departamento":"IF","id":1413},"atividades":[{"id":197,"peso":13},{"id":101,"peso":4},{"id":105,"peso":11},{"id":111,"peso":17},{"id":128,"peso":7},{"id":140,"peso":20},{"id":52,"peso":14},{"id":89,"peso":16},{"id":117,"peso":1},{"id":5,"peso":14},{"id":75,"peso":12},{"id":165,"peso":8},{"id":33,"peso":15},{"id":80,"peso":1},{"id":8,"peso":20},{"id":104,"peso":3},{"id":77,"peso":13},{"id":161,"peso":1},{"id":136,"peso":18},{"id":45,"peso":14},{"id":25,"peso":4},{"id":55,"peso":10},{"id":47,"peso":0},{"id":66,"peso":3},{"id":76,"peso":4},{"id":152,"peso":3},{"id":138,"peso":10},{"id":148,"peso":0},{"id":180,"peso":13},{"id":32,"peso":15},{"id":73,"peso":4},{"id":14,"peso":6},{"id":68,"peso":2},{"id":107,"peso":9},{"id":100,"peso":18},{"id":16,"peso":4},{"id":9,"peso":20},{"id":118,"peso":1},{"id":69,"peso":6},{"id":49,"peso":1},{"id":62,"peso":10},{"id":15,"peso":15},{"id":102,"peso":4},{"id":13,"peso":12},{"id":173,"peso":16},{"id":58,"peso":15},{"id":61,"peso":4},{"id":21,"peso":11},{"id":175,"peso":10},{"id":1,"peso":2},{"id":22,"peso":14},{"id":54,"peso":16},{"id":78,"peso":20},{"id":10,"peso":2},{"id":154,"peso":8},{"id":122,"peso":20},{"id":119,"peso":15},{"id":2,"peso":4},{"id":170,"peso":9},{"id":115,"peso":5},{"id":109,"peso":3},{"id":141,"peso":3},{"id":155,"peso":5},{"id":124,"peso":4},{"id":3,"peso":4},{"id":160,"peso":1},{"id":84,"peso":11},{"id":74,"peso":20},{"id":20,"peso":16},{"id":182,"peso":12},{"id":28,"peso":10},{"id":144,"peso":1},{"id":88,"peso":3},{"id":40,"peso":6},{"id":133,"peso":3},{"id":29,"peso":10},{"id":143,"peso":11},{"id":57,"peso":0},{"id":156,"peso":9},{"id":82,"peso":15},{"id":121,"peso":3},{"id":142,"peso":13},{"id":195,"peso":3}]}