{"docente":{"nome":"Paulo","departamento":"IF","id":102},"atividades":[{"id":103,"peso":16},{"id":46,"peso":1},{"id":81,"peso":15},{"id":140,"peso":1},{"id":34,"peso":7},{"id":8,"peso":2},{"id":189,"peso":7},{"id":164,"peso":8},{"id":86,"peso":15},{"id":20,"peso":12},{"id":125,"peso":6},{"id":51,"peso":1},{"id":55,"peso":18},{"id":161,"peso":19},{"id":59,"peso":12},{"id":25,"peso":4},{"id":150,"peso":11},{"id":21,"peso":5},{"id":170,"peso":14},{"id":95,"peso":8},{"id":109,"peso":5},{"id":97,"peso":10},{"id":115,"peso":18},{"id":163,"peso":6},{"id":99,"peso":20},{"id":13,"peso":2},{"id":3,"peso":11},{"id":50,"peso":13},{"id":124,"peso":3},{"id":128,"peso":0},{"id":67,"peso":20},{"id":79,"peso":0},{"id":126,"peso":5},{"id":117,"peso":7},{"id":123,"peso":8},{"id":143,"peso":18},{"id":106,"peso":0},{"id":166,"peso":14},{"id":107,"peso":14},{"id":2,"peso":0},{"id":184,"peso":0},{"id":84,"peso":15},{"id":18,"peso":18},{"id":80,"peso":16},{"id":7,"peso":18},{"id":180,"peso":5},{"id":134,"peso":12},{"id":127,"peso":18},{"id":187,"peso":13},{"id":185,"peso":13},{"id":146,"peso":16},{"id":104,"peso":5},{"id":89,"peso":16},{"id":17,"peso":13},{"id":93,"peso":17},{"id":160,"peso":6},{"id":141,"peso":6},{"id":48,"peso":2},{"id":10,"peso":13},{"id":38,"peso":14},{"id":121,"peso":17},{"id":62,"peso":1},{"id":122,"peso":0},{"id":165,"peso":19},{"id":71,"peso":16},{"id":114,"peso":5},{"id":147,"peso":9},{"id":179,"peso":15},{"id":19,"peso":16},{"id":152,"peso":20},{"id":24,"peso":15},{"id":39,"peso":1},{"id":53,"peso":19},{"id":64,"peso":12},{"id":196,"peso":3},{"id":60,"peso":17}]}