{"docente":{"nome":"Ana","departamento":"ICB","id":1222},"atividades":[{"id":81,"peso":19},{"id":154,"peso":6},{"id":181,"peso":18},{"id":176,"peso":13},{"id":133,"peso":17},{"id":68,"peso":11},{"id":14,"peso":10},{"id":179,"peso":5},{"id":16,"peso":4},{"id":167,"peso":11},{"id":58,"peso":12},{"id":15,"peso":11},{"id":48,"peso":0},{"id":76,"peso":5},{"id":114,"peso":18},{"id":21,"peso":20},{"id":46,"peso":6},{"id":5,"peso":5},{"id":134,"peso":14},{"id":61,"peso":5},{"id":107,"peso":14},{"id":52,"peso":0},{"id":54,"peso":8},{"id":4,"peso":6},{"id":55,"peso":16},{"id":165,"peso":2},{"id":152,"peso":1},{"id":10,"peso":14},{"id":30,"peso":17},{"id":125,"peso":2},{"id":142,"peso":18},{"id":67,"peso":5},{"id":132,"peso":14},{"id":190,"peso":12},{"id":157,"peso":3},{"id":6,"peso":20},{"id":106,"peso":14},{"id":149,"peso":0},{"id":93,"peso":12},{"id":9,"peso":13},{"id":145,"peso":7},{"id":74,"peso":19},{"id":102,"peso":16},{"id":65,"peso":11},{"id":117,"peso":1},{"id":90,"peso":0},{"id":112,"peso":20},{"id":33,"peso":1},{"id":97,"peso":19},{"id":159,"peso":0},{"id":144,"peso":18},{"id":11,"peso":6},{"id":13,"peso":6},{"id":66,"peso":11},{"id":131,"peso":16},{"id":156,"peso":14},{"id":7,"peso":20},{"id":22,"peso":16},{"id":26,"peso":18},{"id":115,"peso":20},{"id":25,"peso":11},{"id":191,"peso":10},{"id":153,"peso":10},{"id":18,"peso":2},{"id":38,"peso":14},{"id":89,"peso":8},{"id":109,"peso":5},{"id":94,"peso":20},{"id":79,"peso":7},{"id":70,"peso":3},{"id":184,"peso":10},{"id":177,"peso":2},{"id":88,"peso":3},{"id":24,"peso":10},{"id":99,"peso":2},{"id":77,"peso":0},{"id":56,"peso":3},{"id":31,"peso":12},{"id":1,"peso":17},{"id":150,"peso":20}]}