{"docente":{"nome":"Fernanda","departamento":"IF","id":1264},"atividades":[{"id":83,"peso":8},{"id":172,"peso":16},{"id":141,"peso":14},{"id":150,"peso":20},{"id":90,"peso":5},{"id":143,"peso":18},{"id":175,"peso":14},{"id":124,"peso":0},{"id":190,"peso":15},{"id":188,"peso":9},{"id":10,"peso":8},{"id":193,"peso":19},{"id":51,"peso":20},{"id":185,"peso":7},{"id":93,"peso":2},{"id":46,"peso":2},{"id":186,"peso":10},{"id":154,"peso":6},{"id":64,"peso":12},{"id":132,"peso":8},{"id":76,"peso":7},{"id":138,"peso":20},{"id":152,"peso":5},{"id":81,"peso":8},{"id":98,"peso":8},{"id":107,"peso":18},{"id":63,"peso":8},{"id":187,"peso":8},{"id":156,"peso":12},{"id":118,"peso":0},{"id":100,"peso":1},{"id":9,"peso":6},{"id":113,"peso":3},{"id":137,"peso":8},{"id":155,"peso":8},{"id":96,"peso":19},{"id":71,"peso":1},{"id":89,"peso":12},{"id":61,"peso":14},{"id":85,"peso":12},{"id":54,"peso":19},{"id":119,"peso":0},{"id":114,"peso":8},{"id":109,"peso":13},{"id":66,"peso":0},{"id":171,"peso":4},{"id":170,"peso":18},{"id":15,"peso":1},{"id":65,"peso":3},{"id":179,"peso":14},{"id":192,"peso":0},{"id":39,"peso":18},{"id":53,"peso":14},{"id":20,"peso":3},{"id":139,"peso":17},{"id":74,"peso":3},{"id":8,"peso":15},{"id":174,"peso":7},{"id":26,"peso":19},{"id":184,"peso":12},{"id":5,"peso":5},{"id":87,"peso":0},{"id":79,"peso":19},{"id":72,"peso":9},{"id":4,"peso":12},{"id":82,"peso":12},{"id":103,"peso":20},{"id":95,"peso":20},{"id":45,"peso":5},{"id":73,"peso":16},{"id":157,"peso":6},{"id":117,"peso":2},{"id":59,"peso":3},{"id":176,"peso":3},{"id":105,"peso":8},{"id":125,"peso":14},{"id":169,"peso":6},{"id":50,"peso":15},{"id":195,"peso":2},{"id":167,"peso":10}]}