{"docente":{"nome":"Iasmin","departamento":"INF","id":1125},"atividades":[{"id":76,"peso":10},{"id":149,"peso":10},{"id":69,"peso":6},{"id":164,"peso":14},{"id":29,"peso":6},{"id":16,"peso":18},{"id":86,"peso":14},{"id":187,"peso":0},{"id":52,"peso":1},{"id":107,"peso":1},{"id":43,"peso":15},{"id":143,"peso":2},{"id":39,"peso":2},{"id":189,"peso":5},{"id":193,"peso":13},{"id":97,"peso":2},{"id":139,"peso":6},{"id":48,"peso":1},{"id":84,"peso":5},{"id":32,"peso":10},{"id":38,"peso":7},{"id":70,"peso":10},{"id":178,"peso":16},{"id":157,"peso":5},{"id":180,"peso":18},{"id":34,"peso":17},{"id":191,"peso":19},{"id":106,"peso":2},{"id":151,"peso":0},{"id":171,"peso":17},{"id":173,"peso":15},{"id":23,"peso":5},{"id":174,"peso":15},{"id":12,"peso":7},{"id":165,"peso":10},{"id":67,"peso":5},{"id":150,"peso":6},{"id":186,"peso":17},{"id":111,"peso":16},{"id":77,"peso":11},{"id":50,"peso":6},{"id":179,"peso":3},{"id":113,"peso":4},{"id":137,"peso":1},{"id":125,"peso":0},{"id":72,"peso":12},{"id":99,"peso":7},{"id":35,"peso":4},{"id":119,"peso":12},{"id":26,"peso":2},{"id":61,"peso":9},{"id":133,"peso":8},{"id":124,"peso":0},{"id":64,"peso":1},{"id":168,"peso":0},{"id":74,"peso":3},{"id":80,"peso":17},{"id":128,"peso":4},{"id":162,"peso":4},{"id":181,"peso":11},{"id":83,"peso":7},{"id":18,"peso":13},{"id":33,"peso":20},{"id":92,"peso":1},{"id":145,"peso":12},{"id":122,"peso":17},{"id":118,"peso":16},{"id":127,"peso":16},{"id":192,"peso":10},{"id":158,"peso":13},{"id":21,"peso":10},{"id":167,"peso":0},{"id":11,"peso":14},{"id":131,"peso":13},{"id":177,"peso":3}]}