{"docente":{"nome":"Joao","departamento":"FIC","id":1232},"atividades":[{"id":183,"peso":10},{"id":2,"peso":1},{"id":134,"peso":12},{"id":8,"peso":16},{"id":100,"peso":4},{"id":33,"peso":19},{"id":193,"peso":16},{"id":82,"peso":15},{"id":197,"peso":7},{"id":76,"peso":6},{"id":149,"peso":11},{"id":107,"peso":4},{"id":198,"peso":9},{"id":86,"peso":6},{"id":62,"peso":10},{"id":143,"peso":4},{"id":123,"peso":8},{"id":11,"peso":20},{"id":38,"peso":15},{"id":164,"peso":19},{"id":92,"peso":9},{"id":135,"peso":20},{"id":154,"peso":18},{"id":58,"peso":5},{"id":131,"peso":13},{"id":68,"peso":6},{"id":74,"peso":10},{"id":140,"peso":14},{"id":177,"peso":12},{"id":175,"peso":7},{"id":18,"peso":17},{"id":97,"peso":17},{"id":138,"peso":16},{"id":67,"peso":17},{"id":144,"peso":17},{"id":42,"peso":16},{"id":156,"peso":6},{"id":55,"peso":4},{"id":114,"peso":14},{"id":142,"peso":4},{"id":174,"peso":5},{"id":181,"peso":12},{"id":63,"peso":20},{"id":192,"peso":3},{"id":14,"peso":2},{"id":48,"peso":0},{"id":1,"peso":1},{"id":113,"peso":18},{"id":9,"peso":9},{"id":51,"peso":1},{"id":90,"peso":1},{"id":99,"peso":1},{"id":189,"peso":20},{"id":127,"peso":16},{"id":20,"peso":17},{"id":103,"peso":15},{"id":147,"peso":16},{"id":116,"peso":19},{"id":148,"peso":20},{"id":80,"peso":3},{"id":171,"peso":14},{"id":7,"peso":2},{"id":124,"peso":8},{"id":132,"peso":3},{"id":98,"peso":1},{"id":65,"peso":6},{"id":31,"peso":15},{"id":139,"peso":12},{"id":71,"peso":7},{"id":47,"peso":16},{"id":10,"peso":11},{"id":168,"peso":13},{"id":87,"peso":14},{"id":53,"peso":19},{"id":40,"peso":15},{"id":133,"peso":0}]}