{"docente":{"nome":"Renato","departamento":"FIC","id":142},"atividades":[{"id":74,"peso":3},{"id":60,"peso":2},{"id":102,"peso":6},{"id":123,"peso":7},{"id":26,"peso":3},{"id":117,"peso":12},{"id":115,"peso":0},{"id":146,"peso":2},{"id":111,"peso":17},{"id":172,"peso":6},{"id":196,"peso":8},{"id":191,"peso":14},{"id":37,"peso":20},{"id":135,"peso":15},{"id":116,"peso":10},{"id":189,"peso":10},{"id":98,"peso":17},{"id":82,"peso":2},{"id":107,"peso":15},{"id":83,"peso":8},{"id":197,"peso":13},{"id":150,"peso":20},{"id":166,"peso":13},{"id":91,"peso":0},{"id":173,"peso":13},{"id":178,"peso":0},{"id":113,"peso":17},{"id":140,"peso":17},{"id":87,"peso":14},{"id":131,"peso":6},{"id":138,"peso":12},{"id":33,"peso":20},{"id":104,"peso":15},{"id":175,"peso":10},{"id":77,"peso":2},{"id":185,"peso":19},{"id":5,"peso":12},{"id":53,"peso":0},{"id":6,"peso":13},{"id":78,"peso":4},{"id":52,"peso":3},{"id":47,"peso":1},{"id":114,"peso":9},{"id":51,"peso":7},{"id":188,"peso":12},{"id":55,"peso":0},{"id":103,"peso":15},{"id":187,"peso":4},{"id":110,"peso":2},{"id":193,"peso":11},{"id":165,"peso":17},{"id":59,"peso":9},{"id":190,"peso":5},{"id":93,"peso":2},{"id":96,"peso":1},{"id":56,"peso":16},{"id":132,"peso":1},{"id":57,"peso":5},{"id":125,"peso":5},{"id":122,"peso":9},{"id":29,"peso":20},{"id":151,"peso":13},{"id":40,"peso":3},{"id":58,"peso":7},{"id":134,"peso":11},{"id":158,"peso":7},{"id":89,"peso":2},{"id":48,"peso":19},{"id":147,"peso":3},{"id":100,"peso":12},{"id":75,"peso":3}]}