{"docente":{"nome":"Auri","departamento":"INF","id":1336},"atividades":[{"id":111,"peso":0},{"id":95,"peso":8},{"id":35,"peso":7},{"id":66,"peso":14},{"id":103,"peso":10},{"id":87,"peso":7},{"id":138,"peso":8},{"id":14,"peso":3},{"id":106,"peso":18},{"id":169,"peso":12},{"id":115,"peso":8},{"id":171,"peso":14},{"id":8,"peso":3},{"id":122,"peso":7},{"id":46,"peso":0},{"id":56,"peso":16},{"id":13,"peso":15},{"id":162,"peso":7},{"id":182,"peso":1},{"id":172,"peso":4},{"id":81,"peso":16},{"id":140,"peso":14},{"id":145,"peso":5},{"id":85,"peso":10},{"id":33,"peso":10},{"id":107,"peso":7},{"id":149,"peso":20},{"id":83,"peso":11},{"id":124,"peso":11},{"id":110,"peso":0},{"id":94,"peso":12},{"id":159,"peso":7},{"id":40,"peso":20},{"id":12,"peso":9},{"id":135,"peso":1},{"id":67,"peso":8},{"id":120,"peso":19},{"id":7,"peso":5},{"id":176,"peso":2},{"id":43,"peso":10},{"id":55,"peso":18},{"id":180,"peso":17},{"id":173,"peso":2},{"id":78,"peso":18},{"id":118,"peso":7},{"id":10,"peso":18},{"id":80,"peso":2},{"id":134,"peso":17},{"id":44,"peso":10},{"id":42,"peso":0},{"id":190,"peso":14},{"id":97,"peso":3},{"id":127,"peso":2},{"id":90,"peso":19},{"id":183,"peso":19},{"id":148,"peso":10},{"id":163,"peso":19},{"id":113,"peso":18},{"id":34,"peso":1},{"id":65,"peso":20},{"id":38,"peso":8},{"id":188,"peso":19},{"id":177,"peso":4},{"id":112,"peso":1},{"id":143,"peso":17},{"id":73,"peso":11},{"id":155,"peso":9},{"id":69,"peso":8},{"id":47,"peso":14},{"id":167,"peso":17},{"id":131,"peso":16},{"id":136,"peso":10},{"id":198,"peso":9},{"id":60,"peso":2},{"id":54,"peso":13},{"id":32,"peso":12},{"id":109,"peso":16}]}