{"docente":{"nome":"Auri","departamento":"FIC","id":1381},"atividades":[{"id":158,"peso":7},{"id":83,"peso":15},{"id":165,"peso":17},{"id":180,"peso":0},{"id":62,"peso":8},{"id":16,"peso":4},{"id":12,"peso":17},{"id":114,"peso":14},{"id":131,"peso":20},{"id":189,"peso":11},{"id":1,"peso":11},{"id":91,"peso":16},{"id":31,"peso":5},{"id":190,"peso":17},{"id":147,"peso":13},{"id":128,"peso":19},{"id":145,"peso":2},{"id":134,"peso":10},{"id":193,"peso":1},{"id":7,"peso":2},{"id":178,"peso":9},{"id":181,"peso":20},{"id":47,"peso":1},{"id":87,"peso":2},{"id":32,"peso":1},{"id":138,"peso":3},{"id":152,"peso":8},{"id":48,"peso":9},{"id":154,"peso":6},{"id":105,"peso":12},{"id":118,"peso":18},{"id":42,"peso":8},{"id":14,"peso":4},{"id":88,"peso":18},{"id":163,"peso":13},{"id":107,"peso":9},{"id":6,"peso":16},{"id":80,"peso":10},{"id":58,"peso":9},{"id":162,"peso":3},{"id":86,"peso":14},{"id":17,"peso":0},{"id":125,"peso":14},{"id":67,"peso":11},{"id":124,"peso":4},{"id":130,"peso":20},{"id":61,"peso":8},{"id":85,"peso":1},{"id":177,"peso":13},{"id":70,"peso":14},{"id":10,"peso":11},{"id":18,"peso":6},{"id":137,"peso":5},{"id":37,"peso":11},{"id":151,"peso":18},{"id":45,"peso":5},{"id":119,"peso":17},{"id":89,"peso":13},{"id":139,"peso":19},{"id":94,"peso":3},{"id":29,"peso":16},{"id":99,"peso":17},{"id":2,"peso":16},{"id":166,"peso":17},{"id":192,"peso":2},{"id":133,"peso":19},{"id":68,"peso":5},{"id":110,"peso":16},{"id":150,"peso":4},{"id":46,"peso":10},{"id":149,"peso":14},{"id":24,"peso":19},{"id":84,"peso":4},{"id":170,"peso":0},{"id":56,"peso":6},{"id":23,"peso":1},{"id":43,"peso":9},{"id":143,"peso":9},{"id":121,"peso":3},{"id":5,"peso":20}]}