{"docente":{"nome":"Pedro","departamento":"INF","id":1273},"atividades":[{"id":198,"peso":19},{"id":74,"peso":2},{"id":139,"peso":20},{"id":42,"peso":8},{"id":188,"peso":5},{"id":181,"peso":14},{"id":45,"peso":8},{"id":91,"peso":19},{"id":110,"peso":1},{"id":32,"peso":7},{"id":83,"peso":15},{"id":159,"peso":13},{"id":86,"peso":4},{"id":9,"peso":17},{"id":127,"peso":10},{"id":155,"peso":10},{"id":37,"peso":14},{"id":31,"peso":18},{"id":133,"peso":7},{"id":68,"peso":11},{"id":144,"peso":11},{"id":161,"peso":11},{"id":179,"peso":3},{"id":7,"peso":2},{"id":65,"peso":1},{"id":5,"peso":20},{"id":89,"peso":19},{"id":130,"peso":8},{"id":38,"peso":17},{"id":120,"peso":5},{"id":156,"peso":20},{"id":196,"peso":11},{"id":44,"peso":8},{"id":193,"peso":18},{"id":46,"peso":4},{"id":143,"peso":1},{"id":176,"peso":4},{"id":85,"peso":1},{"id":112,"peso":5},{"id":131,"peso":3},{"id":115,"peso":10},{"id":152,"peso":10},{"id":73,"peso":6},{"id":150,"peso":5},{"id":94,"peso":15},{"id":178,"peso":0},{"id":24,"peso":16},{"id":107,"peso":17},{"id":58,"peso":18},{"id":113,"peso":2},{"id":78,"peso":7},{"id":141,"peso":10},{"id":172,"peso":3},{"id":151,"peso":7},{"id":77,"peso":18},{"id":123,"peso":19},{"id":52,"peso":9},{"id":106,"peso":13},{"id":66,"peso":20},{"id":21,"peso":9},{"id":41,"peso":19},{"id":190,"peso":0},{"id":14,"peso":5},{"id":154,"peso":0},{"id":23,"peso":9},{"id":124,"peso":7},{"id":67,"peso":19},{"id":88,"peso":20},{"id":54,"peso":3},{"id":28,"peso":11},{"id":55,"peso":16},{"id":145,"peso":3},{"id":163,"peso":17},{"id":192,"peso":17},{"id":71,"peso":17},{"id":35,"peso":20},{"id":117,"peso":14},{"id":64,"peso":11},{"id":167,"peso":16},{"id":101,"peso":16}]}