{"docente":{"nome":"Fabio","departamento":"IF","id":1333},"atividades":[{"id":49,"peso":2},{"id":70,"peso":5},{"id":190,"peso":5},{"id":163,"peso":0},{"id":151,"peso":0},{"id":78,"peso":6},{"id":92,"peso":3},{"id":20,"peso":17},{"id":44,"peso":17},{"id":74,"peso":19},{"id":159,"peso":1},{"id":7,"peso":13},{"id":100,"peso":11},{"id":61,"peso":18},{"id":161,"peso":7},{"id":19,"peso":1},{"id":16,"peso":10},{"id":96,"peso":13},{"id":105,"peso":2},{"id":123,"peso":18},{"id":173,"peso":3},{"id":115,"peso":15},{"id":195,"peso":19},{"id":13,"peso":7},{"id":132,"peso":9},{"id":88,"peso":10},{"id":166,"peso":5},{"id":35,"peso":2},{"id":82,"peso":4},{"id":152,"peso":10},{"id":8,"peso":13},{"id":75,"peso":15},{"id":40,"peso":14},{"id":172,"peso":15},{"id":66,"peso":1},{"id":108,"peso":3},{"id":143,"peso":13},{"id":3,"peso":3},{"id":58,"peso":15},{"id":178,"peso":15},{"id":148,"peso":3},{"id":183,"peso":20},{"id":103,"peso":16},{"id":158,"peso":15},{"id":83,"peso":11},{"id":180,"peso":5},{"id":5,"peso":10},{"id":191,"peso":12},{"id":94,"peso":16},{"id":97,"peso":7},{"id":133,"peso":11},{"id":25,"peso":15},{"id":126,"peso":17},{"id":196,"peso":2},{"id":160,"peso":19},{"id":176,"peso":14},{"id":194,"peso":1},{"id":47,"peso":1},{"id":116,"peso":8},{"id":186,"peso":1},{"id":121,"peso":17},{"id":93,"peso":20},{"id":53,"peso":4},{"id":154,"peso":1},{"id":64,"peso":7},{"id":41,"peso":15},{"id":127,"peso":20},{"id":91,"peso":20},{"id":63,"peso":13},{"id":101,"peso":7},{"id":48,"peso":19},{"id":73,"peso":2},{"id":87,"peso":6},{"id":147,"peso":6},{"id":56,"peso":4},{"id":51,"peso":10},{"id":68,"peso":1},{"id":192,"peso":9},{"id":187,"peso":11},{"id":193,"peso":7},{"id":114,"peso":17},{"id":189,"peso":0}]}