{"docente":{"nome":"Auri","departamento":"FEF","id":1419},"atividades":[{"id":56,"peso":2},{"id":118,"peso":2},{"id":159,"peso":0},{"id":51,"peso":16},{"id":79,"peso":8},{"id":47,"peso":11},{"id":139,"peso":13},{"id":89,"peso":16},{"id":186,"peso":16},{"id":67,"peso":15},{"id":175,"peso":18},{"id":86,"peso":18},{"id":95,"peso":7},{"id":108,"peso":5},{"id":41,"peso":7},{"id":106,"peso":15},{"id":115,"peso":10},{"id":192,"peso":4},{"id":126,"peso":9},{"id":8,"peso":12},{"id":38,"peso":19},{"id":70,"peso":18},{"id":81,"peso":14},{"id":130,"peso":4},{"id":172,"peso":18},{"id":3,"peso":11},{"id":29,"peso":7},{"id":144,"peso":6},{"id":34,"peso":5},{"id":147,"peso":18},{"id":177,"peso":17},{"id":155,"peso":11},{"id":198,"peso":11},{"id":149,"peso":19},{"id":109,"peso":17},{"id":14,"peso":14},{"id":28,"peso":10},{"id":85,"peso":18},{"id":162,"peso":17},{"id":66,"peso":20},{"id":13,"peso":3},{"id":176,"peso":14},{"id":72,"peso":13},{"id":93,"peso":6},{"id":87,"peso":0},{"id":18,"peso":19},{"id":190,"peso":7},{"id":19,"peso":18},{"id":39,"peso":10},{"id":75,"peso":13},{"id":22,"peso":15},{"id":113,"peso":1},{"id":9,"peso":5},{"id":182,"peso":18},{"id":48,"peso":15},{"id":180,"peso":8},{"id":17,"peso":8},{"id":82,"peso":18},{"id":120,"peso":13},{"id":58,"peso":15},{"id":197,"peso":5},{"id":69,"peso":15},{"id":136,"peso":4},{"id":54,"peso":9},{"id":11,"peso":7},{"id":25,"peso":18},{"id":97,"peso":15},{"id":31,"peso":14},{"id":195,"peso":0},{"id":45,"peso":3},{"id":23,"peso":10},{"id":27,"peso":6},{"id":43,"peso":16},{"id":121,"peso":7},{"id":73,"peso":19},{"id":163,"peso":18},{"id":161,"peso":1},{"id":117,"peso":16},{"id":103,"peso":1}]}