{"docente":{"nome":"Marcelo","departamento":"FIC","id":1157},"atividades":[{"id":16,"peso":11},{"id":10,"peso":5},{"id":17,"peso":5},{"id":30,"peso":19},{"id":132,"peso":6},{"id":66,"peso":9},{"id":148,"peso":12},{"id":128,"peso":14},{"id":21,"peso":3},{"id":100,"peso":19},{"id":170,"peso":18},{"id":96,"peso":17},{"id":193,"peso":18},{"id":49,"peso":1},{"id":131,"peso":4},{"id":59,"peso":7},{"id":124,"peso":6},{"id":141,"peso":5},{"id":154,"peso":15},{"id":91,"peso":4},{"id":113,"peso":1},{"id":50,"peso":2},{"id":169,"peso":11},{"id":94,"peso":20},{"id":89,"peso":16},{"id":55,"peso":2},{"id":41,"peso":7},{"id":163,"peso":7},{"id":73,"peso":9},{"id":83,"peso":15},{"id":175,"peso":13},{"id":74,"peso":4},{"id":156,"peso":14},{"id":129,"peso":5},{"id":115,"peso":9},{"id":25,"peso":20},{"id":2,"peso":7},{"id":26,"peso":12},{"id":102,"peso":9},{"id":135,"peso":6},{"id":80,"peso":14},{"id":107,"peso":0},{"id":68,"peso":15},{"id":77,"peso":11},{"id":134,"peso":9},{"id":191,"peso":16},{"id":87,"peso":13},{"id":13,"peso":16},{"id":20,"peso":13},{"id":45,"peso":18},{"id":196,"peso":13},{"id":7,"peso":2},{"id":160,"peso":20},{"id":125,"peso":18},{"id":18,"peso":13},{"id":99,"peso":17},{"id":172,"peso":15},{"id":106,"peso":5},{"id":44,"peso":15},{"id":72,"peso":5},{"id":116,"peso":19},{"id":62,"peso":1},{"id":104,"peso":2},{"id":118,"peso":9},{"id":86,"peso":17},{"id":166,"peso":17},{"id":150,"peso":2},{"id":93,"peso":5},{"id":189,"peso":7},{"id":12,"peso":5},{"id":112,"peso":0},{"id":60,"peso":5},{"id":171,"peso":2},{"id":126,"peso":10},{"id":144,"peso":0},{"id":147,"peso":5},{"id":65,"peso":6},{"id":37,"peso":13},{"id":165,"peso":2}]}