{"docente":{"nome":"Adriana","departamento":"IF","id":1243},"atividades":[{"id":146,"peso":0},{"id":65,"peso":12},{"id":170,"peso":3},{"id":19,"peso":5},{"id":29,"peso":5},{"id":112,"peso":15},{"id":152,"peso":14},{"id":15,"peso":2},{"id":75,"peso":6},{"id":28,"peso":3},{"id":131,"peso":14},{"id":134,"peso":0},{"id":3,"peso":5},{"id":49,"peso":3},{"id":6,"peso":9},{"id":122,"peso":18},{"id":147,"peso":8},{"id":135,"peso":11},{"id":101,"peso":16},{"id":86,"peso":16},{"id":70,"peso":15},{"id":100,"peso":4},{"id":4,"peso":7},{"id":160,"peso":18},{"id":103,"peso":3},{"id":66,"peso":2},{"id":130,"peso":2},{"id":111,"peso":13},{"id":76,"peso":1},{"id":25,"peso":11},{"id":177,"peso":3},{"id":24,"peso":9},{"id":59,"peso":1},{"id":55,"peso":4},{"id":64,"peso":13},{"id":63,"peso":20},{"id":187,"peso":14},{"id":46,"peso":1},{"id":183,"peso":15},{"id":198,"peso":2},{"id":47,"peso":16},{"id":121,"peso":4},{"id":150,"peso":9},{"id":83,"peso":12},{"id":50,"peso":5},{"id":1,"peso":0},{"id":108,"peso":2},{"id":74,"peso":13},{"id":69,"peso":0},{"id":164,"peso":2},{"id":129,"peso":8},{"id":138,"peso":8},{"id":167,"peso":6},{"id":67,"peso":16},{"id":17,"peso":6},{"id":39,"peso":11},{"id":109,"peso":12},{"id":145,"peso":20},{"id":114,"peso":7},{"id":157,"peso":11},{"id":136,"peso":2},{"id":88,"peso":11},{"id":89,"peso":8},{"id":124,"peso":8},{"id":9,"peso":5},{"id":22,"peso":0},{"id":178,"peso":19},{"id":154,"peso":5},{"id":190,"peso":6},{"id":42,"peso":19},{"id":20,"peso":3},{"id":51,"peso":9},{"id":174,"peso":8}]}