{"docente":{"nome":"Maria","departamento":"IF","id":1026},"atividades":[{"id":62,"peso":10},{"id":137,"peso":9},{"id":51,"peso":20},{"id":160,"peso":17},{"id":118,"peso":9},{"id":34,"peso":17},{"id":77,"peso":13},{"id":67,"peso":0},{"id":103,"peso":14},{"id":114,"peso":4},{"id":17,"peso":14},{"id":110,"peso":12},{"id":121,"peso":19},{"id":116,"peso":1},{"id":12,"peso":4},{"id":14,"peso":1},{"id":167,"peso":16},{"id":71,"peso":14},{"id":126,"peso":7},{"id":86,"peso":5},{"id":1,"peso":13},{"id":80,"peso":7},{"id":151,"peso":7},{"id":60,"peso":10},{"id":176,"peso":17},{"id":78,"peso":19},{"id":175,"peso":15},{"id":164,"peso":9},{"id":120,"peso":10},{"id":141,"peso":16},{"id":19,"peso":15},{"id":23,"peso":8},{"id":157,"peso":12},{"id":52,"peso":16},{"id":166,"peso":9},{"id":186,"peso":14},{"id":64,"peso":17},{"id":188,"peso":18},{"id":117,"peso":0},{"id":89,"peso":5},{"id":193,"peso":7},{"id":123,"peso":14},{"id":194,"peso":11},{"id":169,"peso":2},{"id":115,"peso":4},{"id":16,"peso":19},{"id":142,"peso":10},{"id":56,"peso":14},{"id":148,"peso":15},{"id":94,"peso":12},{"id":198,"peso":0},{"id":145,"peso":2},{"id":135,"peso":16},{"id":45,"peso":11},{"id":36,"peso":11},{"id":139,"peso":12},{"id":25,"peso":18},{"id":109,"peso":4},{"id":30,"peso":15},{"id":113,"peso":9},{"id":172,"peso":0},{"id":153,"peso":1},{"id":10,"peso":16},{"id":9,"peso":1},{"id":59,"peso":8},{"id":177,"peso":1},{"id":107,"peso":4},{"id":98,"peso":5},{"id":163,"peso":18},{"id":111,"peso":13},{"id":85,"peso":12},{"id":119,"peso":5},{"id":182,"peso":2},{"id":144,"peso":16},{"id":74,"peso":18},{"id":174,"peso":8},{"id":154,"peso":7}]}