{"docente":{"nome":"Murilo","departamento":"ICB","id":1343},"atividades":[{"id":8,"peso":13},{"id":159,"peso":5},{"id":11,"peso":4},{"id":158,"peso":8},{"id":135,"peso":12},{"id":170,"peso":6},{"id":143,"peso":1},{"id":123,"peso":12},{"id":179,"peso":14},{"id":117,"peso":1},{"id":64,"peso":19},{"id":116,"peso":4},{"id":136,"peso":17},{"id":85,"peso":11},{"id":89,"peso":2},{"id":58,"peso":7},{"id":132,"peso":9},{"id":115,"peso":2},{"id":190,"peso":20},{"id":133,"peso":7},{"id":14,"peso":13},{"id":25,"peso":10},{"id":189,"peso":16},{"id":149,"peso":17},{"id":1,"peso":8},{"id":121,"peso":2},{"id":23,"peso":3},{"id":48,"peso":0},{"id":79,"peso":19},{"id":91,"peso":1},{"id":81,"peso":1},{"id":114,"peso":4},{"id":52,"peso":5},{"id":191,"peso":15},{"id":56,"peso":8},{"id":42,"peso":15},{"id":51,"peso":13},{"id":154,"peso":12},{"id":164,"peso":0},{"id":13,"peso":0},{"id":183,"peso":10},{"id":92,"peso":1},{"id":140,"peso":5},{"id":6,"peso":10},{"id":119,"peso":0},{"id":144,"peso":16},{"id":194,"peso":11},{"id":53,"peso":1},{"id":44,"peso":4},{"id":100,"peso":9},{"id":41,"peso":2},{"id":111,"peso":19},{"id":49,"peso":11},{"id":86,"peso":13},{"id":193,"peso":19},{"id":82,"peso":6},{"id":104,"peso":2},{"id":178,"peso":10},{"id":125,"peso":16},{"id":21,"peso":17},{"id":46,"peso":2},{"id":93,"peso":0},{"id":59,"peso":9},{"id":27,"peso":10},{"id":184,"peso":4},{"id":141,"peso":5},{"id":137,"peso":15},{"id":29,"peso":8},{"id":31,"peso":8},{"id":4,"peso":12},{"id":50,"peso":3},{"id":10,"peso":2},{"id":26,"peso":14},{"id":195,"peso":7},{"id":60,"peso":16},{"id":77,"peso":9}]}