{"docente":{"nome":"Auri","departamento":"FEF","id":131},"atividades":[{"id":8,"peso":14},{"id":66,"peso":10},{"id":40,"peso":20},{"id":134,"peso":17},{"id":74,"peso":18},{"id":184,"peso":8},{"id":32,"peso":15},{"id":77,"peso":10},{"id":53,"peso":6},{"id":129,"peso":18},{"id":122,"peso":4},{"id":198,"peso":19},{"id":51,"peso":0},{"id":19,"peso":9},{"id":155,"peso":6},{"id":139,"peso":4},{"id":128,"peso":17},{"id":191,"peso":14},{"id":23,"peso":11},{"id":33,"peso":9},{"id":3,"peso":5},{"id":26,"peso":8},{"id":13,"peso":3},{"id":95,"peso":8},{"id":104,"peso":7},{"id":142,"peso":13},{"id":61,"peso":0},{"id":167,"peso":4},{"id":94,"peso":5},{"id":115,"peso":0},{"id":124,"peso":7},{"id":111,"peso":12},{"id":60,"peso":1},{"id":76,"peso":2},{"id":21,"peso":13},{"id":1,"peso":2},{"id":87,"peso":7},{"id":28,"peso":3},{"id":79,"peso":10},{"id":69,"peso":15},{"id":97,"peso":16},{"id":193,"peso":0},{"id":150,"peso":18},{"id":192,"peso":0},{"id":120,"peso":1},{"id":164,"peso":14},{"id":179,"peso":8},{"id":106,"peso":16},{"id":109,"peso":10},{"id":170,"peso":7},{"id":157,"peso":10},{"id":86,"peso":5},{"id":4,"peso":8},{"id":132,"peso":17},{"id":194,"peso":13},{"id":85,"peso":4},{"id":44,"peso":20},{"id":178,"peso":7},{"id":185,"peso":5},{"id":84,"peso":3},{"id":186,"peso":13},{"id":68,"peso":10},{"id":110,"peso":11},{"id":151,"peso":12},{"id":15,"peso":14},{"id":90,"peso":9},{"id":195,"peso":1},{"id":22,"peso":9},{"id":118,"peso":18},{"id":45,"peso":1},{"id":153,"peso":17},{"id":34,"peso":0},{"id":189,"peso":7}]}