{"docente":{"nome":"Adriana","departamento":"INF","id":1077},"atividades":[{"id":44,"peso":17},{"id":155,"peso":1},{"id":90,"peso":14},{"id":59,"peso":19},{"id":46,"peso":1},{"id":34,"peso":15},{"id":169,"peso":4},{"id":18,"peso":17},{"id":66,"peso":17},{"id":30,"peso":8},{"id":10,"peso":3},{"id":186,"peso":20},{"id":76,"peso":0},{"id":104,"peso":0},{"id":164,"peso":8},{"id":9,"peso":13},{"id":130,"peso":3},{"id":124,"peso":17},{"id":2,"peso":13},{"id":21,"peso":20},{"id":31,"peso":16},{"id":177,"peso":5},{"id":170,"peso":3},{"id":24,"peso":5},{"id":35,"peso":15},{"id":75,"peso":11},{"id":82,"peso":4},{"id":154,"peso":2},{"id":69,"peso":3},{"id":99,"peso":7},{"id":172,"peso":16},{"id":127,"peso":16},{"id":71,"peso":3},{"id":83,"peso":1},{"id":74,"peso":0},{"id":196,"peso":6},{"id":188,"peso":19},{"id":42,"peso":7},{"id":33,"peso":5},{"id":6,"peso":18},{"id":150,"peso":4},{"id":156,"peso":18},{"id":132,"peso":16},{"id":174,"peso":4},{"id":125,"peso":5},{"id":133,"peso":1},{"id":93,"peso":18},{"id":1,"peso":14},{"id":152,"peso":19},{"id":122,"peso":6},{"id":57,"peso":14},{"id":106,"peso":8},{"id":79,"peso":13},{"id":100,"peso":4},{"id":38,"peso":7},{"id":13,"peso":10},{"id":12,"peso":9},{"id":153,"peso":20},{"id":97,"peso":8},{"id":135,"peso":3},{"id":96,"peso":10},{"id":43,"peso":18},{"id":123,"peso":0},{"id":73,"peso":2},{"id":56,"peso":7},{"id":55,"peso":8},{"id":58,"peso":20},{"id":178,"peso":9},{"id":136,"peso":3},{"id":190,"peso":16},{"id":180,"peso":20},{"id":88,"peso":6},{"id":63,"peso":9},{"id":138,"peso":1},{"id":149,"peso":0}]}