{"docente":{"nome":"Iasmin","departamento":"IQ","id":1319},"atividades":[{"id":176,"peso":4},{"id":3,"peso":20},{"id":107,"peso":0},{"id":174,"peso":13},{"id":10,"peso":3},{"id":98,"peso":9},{"id":36,"peso":2},{"id":146,"peso":14},{"id":20,"peso":2},{"id":46,"peso":15},{"id":5,"peso":9},{"id":141,"peso":19},{"id":138,"peso":18},{"id":24,"peso":14},{"id":42,"peso":15},{"id":129,"peso":6},{"id":160,"peso":20},{"id":53,"peso":8},{"id":13,"peso":20},{"id":1,"peso":12},{"id":51,"peso":17},{"id":198,"peso":14},{"id":44,"peso":6},{"id":106,"peso":1},{"id":158,"peso":0},{"id":192,"peso":1},{"id":122,"peso":20},{"id":99,"peso":16},{"id":101,"peso":20},{"id":125,"peso":11},{"id":31,"peso":14},{"id":123,"peso":12},{"id":183,"peso":9},{"id":171,"peso":20},{"id":28,"peso":1},{"id":8,"peso":14},{"id":147,"peso":11},{"id":197,"peso":10},{"id":124,"peso":9},{"id":14,"peso":13},{"id":150,"peso":1},{"id":182,"peso":18},{"id":83,"peso":16},{"id":148,"peso":1},{"id":137,"peso":15},{"id":130,"peso":0},{"id":87,"peso":20},{"id":135,"peso":6},{"id":30,"peso":17},{"id":7,"peso":6},{"id":15,"peso":4},{"id":78,"peso":11},{"id":149,"peso":18},{"id":84,"peso":6},{"id":112,"peso":15},{"id":118,"peso":9},{"id":93,"peso":11},{"id":170,"peso":13},{"id":19,"peso":6},{"id":102,"peso":6},{"id":133,"peso":9},{"id":67,"peso":16},{"id":26,"peso":11},{"id":127,"peso":4},{"id":188,"peso":10},{"id":169,"peso":11},{"id":120,"peso":11},{"id":9,"peso":3},{"id":12,"peso":7},{"id":134,"peso":5},{"id":58,"peso":5},{"id":88,"peso":5},{"id":61,"peso":12},{"id":90,"peso":8},{"id":81,"peso":1}]}