{"docente":{"nome":"Marcelo","departamento":"FEF","id":1423},"atividades":[{"id":147,"peso":2},{"id":100,"peso":17},{"id":181,"peso":10},{"id":116,"peso":12},{"id":194,"peso":11},{"id":173,"peso":10},{"id":86,"peso":2},{"id":166,"peso":11},{"id":113,"peso":5},{"id":35,"peso":1},{"id":99,"peso":5},{"id":67,"peso":15},{"id":31,"peso":13},{"id":72,"peso":19},{"id":84,"peso":13},{"id":185,"peso":12},{"id":165,"peso":17},{"id":14,"peso":8},{"id":151,"peso":3},{"id":11,"peso":7},{"id":183,"peso":17},{"id":134,"peso":13},{"id":23,"peso":19},{"id":172,"peso":6},{"id":97,"peso":19},{"id":46,"peso":13},{"id":47,"peso":7},{"id":114,"peso":2},{"id":70,"peso":16},{"id":90,"peso":1},{"id":195,"peso":6},{"id":184,"peso":5},{"id":75,"peso":19},{"id":30,"peso":12},{"id":12,"peso":3},{"id":79,"peso":0},{"id":144,"peso":2},{"id":93,"peso":12},{"id":121,"peso":4},{"id":39,"peso":19},{"id":2,"peso":10},{"id":118,"peso":9},{"id":21,"peso":20},{"id":65,"peso":3},{"id":108,"peso":0},{"id":142,"peso":19},{"id":105,"peso":12},{"id":126,"peso":9},{"id":124,"peso":3},{"id":5,"peso":0},{"id":24,"peso":0},{"id":137,"peso":5},{"id":89,"peso":3},{"id":80,"peso":3},{"id":83,"peso":9},{"id":49,"peso":20},{"id":38,"peso":19},{"id":1,"peso":2},{"id":162,"peso":2},{"id":57,"peso":7},{"id":78,"peso":11},{"id":3,"peso":3},{"id":106,"peso":18},{"id":18,"peso":7},{"id":153,"peso":12},{"id":148,"peso":15},{"id":198,"peso":4},{"id":156,"peso":5},{"id":176,"peso":3},{"id":169,"peso":4},{"id":152,"peso":7},{"id":179,"peso":0},{"id":155,"peso":14},{"id":69,"peso":0},{"id":6,"peso":9},{"id":131,"peso":16},{"id":133,"peso":14},{"id":44,"peso":10}]}