{"docente":{"nome":"Iasmin","departamento":"INF","id":1048},"atividades":[{"id":25,"peso":5},{"id":43,"peso":20},{"id":68,"peso":19},{"id":169,"peso":12},{"id":20,"peso":19},{"id":145,"peso":13},{"id":6,"peso":18},{"id":182,"peso":0},{"id":15,"peso":0},{"id":38,"peso":16},{"id":134,"peso":6},{"id":125,"peso":16},{"id":113,"peso":2},{"id":84,"peso":18},{"id":53,"peso":16},{"id":74,"peso":8},{"id":155,"peso":14},{"id":115,"peso":5},{"id":45,"peso":20},{"id":162,"peso":3},{"id":44,"peso":13},{"id":132,"peso":5},{"id":175,"peso":10},{"id":69,"peso":4},{"id":77,"peso":19},{"id":35,"peso":14},{"id":194,"peso":9},{"id":51,"peso":7},{"id":62,"peso":18},{"id":148,"peso":12},{"id":186,"peso":11},{"id":46,"peso":18},{"id":5,"peso":11},{"id":91,"peso":3},{"id":14,"peso":0},{"id":97,"peso":13},{"id":138,"peso":17},{"id":149,"peso":2},{"id":161,"peso":16},{"id":49,"peso":20},{"id":50,"peso":18},{"id":73,"peso":16},{"id":93,"peso":8},{"id":129,"peso":17},{"id":29,"peso":17},{"id":18,"peso":18},{"id":89,"peso":5},{"id":150,"peso":7},{"id":112,"peso":6},{"id":31,"peso":17},{"id":54,"peso":12},{"id":22,"peso":18},{"id":192,"peso":4},{"id":102,"peso":20},{"id":83,"peso":8},{"id":101,"peso":13},{"id":127,"peso":16},{"id":124,"peso":15},{"id":94,"peso":20},{"id":183,"peso":11},{"id":88,"peso":16},{"id":114,"peso":19},{"id":92,"peso":6},{"id":187,"peso":0},{"id":117,"peso":13},{"id":154,"peso":13},{"id":11,"peso":8},{"id":178,"peso":7},{"id":82,"peso":16},{"id":13,"peso":12},{"id":9,"peso":19},{"id":180,"peso":7},{"id":4,"peso":5},{"id":100,"peso":9}]}