{"docente":{"nome":"Fabio","departamento":"INF","id":1076},"atividades":[{"id":190,"peso":20},{"id":29,"peso":11},{"id":136,"peso":17},{"id":115,"peso":4},{"id":55,"peso":3},{"id":32,"peso":1},{"id":135,"peso":6},{"id":185,"peso":0},{"id":70,"peso":12},{"id":114,"peso":8},{"id":161,"peso":19},{"id":177,"peso":5},{"id":155,"peso":18},{"id":33,"peso":16},{"id":96,"peso":10},{"id":12,"peso":9},{"id":92,"peso":15},{"id":133,"peso":15},{"id":44,"peso":11},{"id":11,"peso":1},{"id":110,"peso":16},{"id":50,"peso":18},{"id":197,"peso":19},{"id":58,"peso":12},{"id":121,"peso":19},{"id":163,"peso":8},{"id":69,"peso":3},{"id":128,"peso":19},{"id":65,"peso":2},{"id":21,"peso":17},{"id":194,"peso":12},{"id":3,"peso":17},{"id":47,"peso":14},{"id":42,"peso":15},{"id":62,"peso":20},{"id":28,"peso":7},{"id":105,"peso":9},{"id":54,"peso":7},{"id":143,"peso":13},{"id":81,"peso":19},{"id":24,"peso":10},{"id":182,"peso":15},{"id":144,"peso":1},{"id":156,"peso":6},{"id":147,"peso":6},{"id":52,"peso":6},{"id":102,"peso":11},{"id":53,"peso":5},{"id":63,"peso":5},{"id":134,"peso":7},{"id":13,"peso":2},{"id":83,"peso":12},{"id":112,"peso":17},{"id":56,"peso":19},{"id":171,"peso":17},{"id":34,"peso":8},{"id":16,"peso":20},{"id":153,"peso":12},{"id":106,"peso":4},{"id":158,"peso":16},{"id":8,"peso":2},{"id":91,"peso":9},{"id":37,"peso":5},{"id":170,"peso":5},{"id":195,"peso":6},{"id":138,"peso":4},{"id":68,"peso":2},{"id":82,"peso":0},{"id":60,"peso":1},{"id":141,"peso":18},{"id":162,"peso":13},{"id":30,"peso":5},{"id":79,"peso":12},{"id":125,"peso":15},{"id":45,"peso":15},{"id":187,"peso":13},{"id":119,"peso":18},{"id":22,"peso":3},{"id":49,"peso":18},{"id":95,"peso":15},{"id":181,"peso":11}]}