{"docente":{"nome":"Murilo","departamento":"IQ","id":1426},"atividades":[{"id":62,"peso":15},{"id":145,"peso":5},{"id":181,"peso":6},{"id":108,"peso":1},{"id":64,"peso":6},{"id":118,"peso":20},{"id":141,"peso":20},{"id":53,"peso":14},{"id":154,"peso":4},{"id":138,"peso":14},{"id":160,"peso":20},{"id":178,"peso":14},{"id":120,"peso":14},{"id":93,"peso":6},{"id":74,"peso":2},{"id":79,"peso":2},{"id":29,"peso":20},{"id":168,"peso":8},{"id":3,"peso":20},{"id":81,"peso":5},{"id":198,"peso":12},{"id":179,"peso":12},{"id":123,"peso":4},{"id":46,"peso":7},{"id":86,"peso":12},{"id":30,"peso":12},{"id":193,"peso":15},{"id":69,"peso":10},{"id":158,"peso":3},{"id":68,"peso":3},{"id":55,"peso":17},{"id":156,"peso":3},{"id":125,"peso":12},{"id":139,"peso":10},{"id":124,"peso":6},{"id":71,"peso":20},{"id":13,"peso":9},{"id":37,"peso":8},{"id":45,"peso":20},{"id":122,"peso":7},{"id":20,"peso":6},{"id":175,"peso":4},{"id":111,"peso":13},{"id":16,"peso":9},{"id":140,"peso":5},{"id":34,"peso":10},{"id":54,"peso":9},{"id":44,"peso":20},{"id":31,"peso":1},{"id":100,"peso":4},{"id":136,"peso":11},{"id":78,"peso":9},{"id":135,"peso":8},{"id":185,"peso":11},{"id":171,"peso":3},{"id":146,"peso":6},{"id":161,"peso":16},{"id":132,"peso":3},{"id":19,"peso":12},{"id":58,"peso":10},{"id":190,"peso":1},{"id":25,"peso":2},{"id":60,"peso":1},{"id":174,"peso":15},{"id":192,"peso":4},{"id":67,"peso":8},{"id":87,"peso":6},{"id":76,"peso":15},{"id":104,"peso":4},{"id":51,"peso":6},{"id":96,"peso":20},{"id":94,"peso":9},{"id":84,"peso":6},{"id":114,"peso":7},{"id":121,"peso":0},{"id":197,"peso":12},{"id":11,"peso":9}]}