{"docente":{"nome":"Adriana","departamento":"FIC","id":1070},"atividades":[{"id":21,"peso":17},{"id":59,"peso":11},{"id":89,"peso":15},{"id":54,"peso":18},{"id":145,"peso":6},{"id":42,"peso":0},{"id":151,"peso":4},{"id":144,"peso":13},{"id":121,"peso":20},{"id":68,"peso":18},{"id":117,"peso":5},{"id":129,"peso":0},{"id":148,"peso":4},{"id":90,"peso":6},{"id":167,"peso":7},{"id":36,"peso":5},{"id":75,"peso":9},{"id":66,"peso":17},{"id":194,"peso":10},{"id":55,"peso":15},{"id":38,"peso":1},{"id":107,"peso":19},{"id":17,"peso":20},{"id":136,"peso":5},{"id":108,"peso":0},{"id":125,"peso":15},{"id":28,"peso":6},{"id":97,"peso":14},{"id":16,"peso":15},{"id":20,"peso":7},{"id":6,"peso":16},{"id":165,"peso":2},{"id":11,"peso":2},{"id":72,"peso":13},{"id":30,"peso":16},{"id":140,"peso":13},{"id":81,"peso":14},{"id":147,"peso":4},{"id":23,"peso":7},{"id":153,"peso":4},{"id":122,"peso":15},{"id":2,"peso":9},{"id":188,"peso":0},{"id":71,"peso":6},{"id":5,"peso":16},{"id":196,"peso":5},{"id":149,"peso":11},{"id":186,"peso":12},{"id":74,"peso":6},{"id":112,"peso":18},{"id":175,"peso":19},{"id":84,"peso":5},{"id":45,"peso":3},{"id":123,"peso":7},{"id":187,"peso":15},{"id":131,"peso":3},{"id":53,"peso":12},{"id":27,"peso":6},{"id":103,"peso":18},{"id":184,"peso":6},{"id":83,"peso":11},{"id":138,"peso":6},{"id":22,"peso":2},{"id":50,"peso":1},{"id":85,"peso":18},{"id":183,"peso":17},{"id":64,"peso":7},{"id":155,"peso":17},{"id":161,"peso":16},{"id":110,"peso":2},{"id":3,"peso":17},{"id":91,"peso":16},{"id":46,"peso":3},{"id":156,"peso":20},{"id":124,"peso":4},{"id":87,"peso":15},{"id":35,"peso":17}]}