{"docente":{"nome":"Pedro","departamento":"FIC","id":1438},"atividades":[{"id":95,"peso":0},{"id":163,"peso":9},{"id":100,"peso":11},{"id":58,"peso":11},{"id":84,"peso":1},{"id":51,"peso":12},{"id":41,"peso":18},{"id":20,"peso":10},{"id":143,"peso":10},{"id":87,"peso":1},{"id":42,"peso":7},{"id":92,"peso":17},{"id":184,"peso":8},{"id":175,"peso":18},{"id":194,"peso":4},{"id":94,"peso":10},{"id":59,"peso":4},{"id":29,"peso":7},{"id":170,"peso":11},{"id":56,"peso":9},{"id":177,"peso":20},{"id":149,"peso":2},{"id":119,"peso":15},{"id":75,"peso":16},{"id":152,"peso":6},{"id":54,"peso":3},{"id":55,"peso":8},{"id":4,"peso":1},{"id":60,"peso":13},{"id":10,"peso":14},{"id":35,"peso":5},{"id":116,"peso":19},{"id":43,"peso":2},{"id":190,"peso":9},{"id":147,"peso":16},{"id":164,"peso":18},{"id":67,"peso":3},{"id":129,"peso":1},{"id":2,"peso":11},{"id":57,"peso":6},{"id":185,"peso":14},{"id":1,"peso":11},{"id":80,"peso":20},{"id":98,"peso":13},{"id":66,"peso":8},{"id":165,"peso":0},{"id":96,"peso":18},{"id":71,"peso":4},{"id":189,"peso":16},{"id":19,"peso":4},{"id":120,"peso":14},{"id":65,"peso":17},{"id":47,"peso":8},{"id":31,"peso":18},{"id":188,"peso":10},{"id":130,"peso":9},{"id":50,"peso":12},{"id":115,"peso":3},{"id":6,"peso":0},{"id":127,"peso":4},{"id":25,"peso":12},{"id":8,"peso":11},{"id":121,"peso":6},{"id":123,"peso":13},{"id":174,"peso":4},{"id":33,"peso":13},{"id":32,"peso":15},{"id":161,"peso":20},{"id":14,"peso":16},{"id":150,"peso":7},{"id":48,"peso":3},{"id":74,"peso":6},{"id":82,"peso":5},{"id":16,"peso":9},{"id":169,"peso":18},{"id":118,"peso":3},{"id":139,"peso":8},{"id":138,"peso":8},{"id":21,"peso":14},{"id":157,"peso":8},{"id":154,"peso":13},{"id":133,"peso":9},{"id":114,"peso":1}]}