{"docente":{"nome":"Iasmin","departamento":"INF","id":1198},"atividades":[{"id":117,"peso":17},{"id":186,"peso":18},{"id":3,"peso":14},{"id":94,"peso":11},{"id":160,"peso":15},{"id":165,"peso":4},{"id":198,"peso":6},{"id":179,"peso":6},{"id":190,"peso":20},{"id":181,"peso":19},{"id":13,"peso":0},{"id":155,"peso":8},{"id":9,"peso":2},{"id":10,"peso":17},{"id":142,"peso":8},{"id":52,"peso":19},{"id":107,"peso":3},{"id":11,"peso":20},{"id":176,"peso":18},{"id":106,"peso":8},{"id":112,"peso":13},{"id":154,"peso":14},{"id":148,"peso":15},{"id":29,"peso":1},{"id":178,"peso":20},{"id":188,"peso":13},{"id":171,"peso":19},{"id":127,"peso":3},{"id":101,"peso":3},{"id":104,"peso":17},{"id":132,"peso":7},{"id":19,"peso":14},{"id":47,"peso":12},{"id":34,"peso":10},{"id":173,"peso":7},{"id":196,"peso":9},{"id":72,"peso":13},{"id":6,"peso":16},{"id":184,"peso":0},{"id":138,"peso":4},{"id":68,"peso":9},{"id":55,"peso":1},{"id":97,"peso":20},{"id":20,"peso":13},{"id":70,"peso":17},{"id":105,"peso":16},{"id":93,"peso":3},{"id":78,"peso":0},{"id":133,"peso":19},{"id":30,"peso":19},{"id":161,"peso":7},{"id":172,"peso":20},{"id":60,"peso":16},{"id":58,"peso":17},{"id":18,"peso":3},{"id":16,"peso":3},{"id":50,"peso":12},{"id":180,"peso":17},{"id":35,"peso":2},{"id":116,"peso":4},{"id":75,"peso":11},{"id":87,"peso":10},{"id":48,"peso":7},{"id":43,"peso":20},{"id":164,"peso":15},{"id":1,"peso":9},{"id":157,"peso":15},{"id":119,"peso":3},{"id":59,"peso":17},{"id":125,"peso":9},{"id":62,"peso":17},{"id":89,"peso":6},{"id":37,"peso":10},{"id":175,"peso":13},{"id":25,"peso":15},{"id":169,"peso":7},{"id":88,"peso":19},{"id":91,"peso":1},{"id":136,"peso":18},{"id":146,"peso":1},{"id":144,"peso":9},{"id":124,"peso":9},{"id":39,"peso":9},{"id":54,"peso":9},{"id":149,"peso":2}]}