{"docente":{"nome":"Maria","departamento":"FEF","id":1247},"atividades":[{"id":69,"peso":0},{"id":80,"peso":18},{"id":112,"peso":1},{"id":22,"peso":20},{"id":171,"peso":18},{"id":75,"peso":2},{"id":153,"peso":11},{"id":165,"peso":15},{"id":150,"peso":0},{"id":160,"peso":9},{"id":6,"peso":4},{"id":96,"peso":18},{"id":61,"peso":9},{"id":108,"peso":14},{"id":111,"peso":20},{"id":185,"peso":14},{"id":63,"peso":16},{"id":94,"peso":20},{"id":163,"peso":17},{"id":4,"peso":18},{"id":118,"peso":2},{"id":178,"peso":3},{"id":83,"peso":4},{"id":89,"peso":20},{"id":116,"peso":11},{"id":133,"peso":18},{"id":51,"peso":0},{"id":107,"peso":18},{"id":66,"peso":8},{"id":29,"peso":3},{"id":144,"peso":3},{"id":189,"peso":2},{"id":140,"peso":9},{"id":172,"peso":15},{"id":71,"peso":10},{"id":137,"peso":4},{"id":117,"peso":4},{"id":182,"peso":15},{"id":119,"peso":19},{"id":176,"peso":18},{"id":128,"peso":16},{"id":31,"peso":11},{"id":105,"peso":7},{"id":8,"peso":20},{"id":57,"peso":3},{"id":7,"peso":15},{"id":170,"peso":12},{"id":84,"peso":14},{"id":143,"peso":5},{"id":32,"peso":4},{"id":65,"peso":17},{"id":58,"peso":17},{"id":139,"peso":5},{"id":102,"peso":18},{"id":43,"peso":0},{"id":100,"peso":11},{"id":103,"peso":9},{"id":98,"peso":19},{"id":26,"peso":8},{"id":196,"peso":19},{"id":129,"peso":14},{"id":149,"peso":19},{"id":97,"peso":9},{"id":136,"peso":9},{"id":64,"peso":0},{"id":156,"peso":5},{"id":20,"peso":0},{"id":90,"peso":20},{"id":45,"peso":3},{"id":125,"peso":18},{"id":115,"peso":2},{"id":126,"peso":16},{"id":93,"peso":15},{"id":21,"peso":2},{"id":155,"peso":10},{"id":122,"peso":20},{"id":14,"peso":16},{"id":95,"peso":8},{"id":48,"peso":18},{"id":190,"peso":6},{"id":77,"peso":8}]}