{"docente":{"nome":"Ingrid","departamento":"IF","id":1259},"atividades":[{"id":152,"peso":3},{"id":138,"peso":19},{"id":190,"peso":9},{"id":69,"peso":12},{"id":75,"peso":15},{"id":56,"peso":12},{"id":78,"peso":20},{"id":99,"peso":13},{"id":43,"peso":16},{"id":15,"peso":1},{"id":70,"peso":0},{"id":85,"peso":2},{"id":111,"peso":11},{"id":115,"peso":6},{"id":197,"peso":18},{"id":45,"peso":17},{"id":88,"peso":14},{"id":117,"peso":13},{"id":151,"peso":17},{"id":20,"peso":1},{"id":95,"peso":14},{"id":47,"peso":8},{"id":89,"peso":16},{"id":49,"peso":2},{"id":124,"peso":8},{"id":5,"peso":9},{"id":123,"peso":17},{"id":145,"peso":17},{"id":133,"peso":5},{"id":19,"peso":9},{"id":73,"peso":13},{"id":170,"peso":6},{"id":177,"peso":9},{"id":74,"peso":19},{"id":32,"peso":2},{"id":34,"peso":5},{"id":179,"peso":6},{"id":17,"peso":10},{"id":13,"peso":14},{"id":189,"peso":8},{"id":30,"peso":12},{"id":163,"peso":15},{"id":18,"peso":14},{"id":48,"peso":17},{"id":142,"peso":4},{"id":158,"peso":14},{"id":168,"peso":18},{"id":81,"peso":10},{"id":135,"peso":11},{"id":183,"peso":3},{"id":37,"peso":17},{"id":58,"peso":19},{"id":57,"peso":6},{"id":159,"peso":6},{"id":193,"peso":5},{"id":33,"peso":9},{"id":139,"peso":16},{"id":83,"peso":20},{"id":175,"peso":1},{"id":59,"peso":10},{"id":191,"peso":15},{"id":112,"peso":4},{"id":116,"peso":18},{"id":148,"peso":18},{"id":16,"peso":9},{"id":143,"peso":8},{"id":198,"peso":18},{"id":128,"peso":0},{"id":10,"peso":13},{"id":63,"peso":8},{"id":178,"peso":6},{"id":87,"peso":8},{"id":125,"peso":16},{"id":156,"peso":6},{"id":31,"peso":11},{"id":164,"peso":10},{"id":6,"peso":14},{"id":126,"peso":3}]}