{"docente":{"nome":"Auri","departamento":"IF","id":1296},"atividades":[{"id":67,"peso":4},{"id":194,"peso":20},{"id":40,"peso":5},{"id":164,"peso":2},{"id":3,"peso":4},{"id":115,"peso":13},{"id":193,"peso":16},{"id":187,"peso":12},{"id":119,"peso":18},{"id":163,"peso":10},{"id":102,"peso":9},{"id":78,"peso":8},{"id":191,"peso":20},{"id":143,"peso":2},{"id":65,"peso":7},{"id":169,"peso":5},{"id":121,"peso":11},{"id":38,"peso":6},{"id":60,"peso":13},{"id":1,"peso":7},{"id":15,"peso":20},{"id":17,"peso":16},{"id":6,"peso":3},{"id":10,"peso":12},{"id":28,"peso":10},{"id":127,"peso":2},{"id":7,"peso":11},{"id":53,"peso":9},{"id":59,"peso":2},{"id":136,"peso":16},{"id":165,"peso":5},{"id":42,"peso":8},{"id":90,"peso":13},{"id":175,"peso":10},{"id":56,"peso":19},{"id":122,"peso":16},{"id":176,"peso":5},{"id":30,"peso":10},{"id":147,"peso":5},{"id":92,"peso":9},{"id":130,"peso":8},{"id":13,"peso":3},{"id":21,"peso":11},{"id":180,"peso":16},{"id":118,"peso":3},{"id":99,"peso":18},{"id":174,"peso":19},{"id":36,"peso":19},{"id":47,"peso":10},{"id":106,"peso":2},{"id":100,"peso":16},{"id":117,"peso":12},{"id":132,"peso":6},{"id":49,"peso":4},{"id":179,"peso":9},{"id":81,"peso":5},{"id":23,"peso":15},{"id":5,"peso":10},{"id":140,"peso":19},{"id":89,"peso":20},{"id":33,"peso":14},{"id":70,"peso":13},{"id":48,"peso":15},{"id":34,"peso":8},{"id":51,"peso":9},{"id":32,"peso":5},{"id":120,"peso":0},{"id":41,"peso":13},{"id":35,"peso":5},{"id":178,"peso":13},{"id":183,"peso":15},{"id":154,"peso":15},{"id":25,"peso":6},{"id":88,"peso":12},{"id":27,"peso":4},{"id":11,"peso":16},{"id":182,"peso":8},{"id":2,"peso":16},{"id":186,"peso":8},{"id":161,"peso":5},{"id":107,"peso":20}]}