{"docente":{"nome":"Guilherme","departamento":"ICB","id":1294},"atividades":[{"id":86,"peso":0},{"id":44,"peso":11},{"id":118,"peso":5},{"id":167,"peso":10},{"id":91,"peso":18},{"id":50,"peso":20},{"id":130,"peso":1},{"id":103,"peso":8},{"id":59,"peso":7},{"id":64,"peso":14},{"id":70,"peso":4},{"id":124,"peso":15},{"id":17,"peso":12},{"id":47,"peso":3},{"id":152,"peso":12},{"id":106,"peso":19},{"id":92,"peso":0},{"id":123,"peso":3},{"id":26,"peso":0},{"id":67,"peso":0},{"id":77,"peso":8},{"id":157,"peso":11},{"id":6,"peso":14},{"id":79,"peso":2},{"id":71,"peso":2},{"id":80,"peso":17},{"id":143,"peso":16},{"id":42,"peso":18},{"id":151,"peso":9},{"id":18,"peso":5},{"id":74,"peso":0},{"id":165,"peso":20},{"id":158,"peso":17},{"id":183,"peso":12},{"id":114,"peso":2},{"id":75,"peso":6},{"id":109,"peso":7},{"id":27,"peso":4},{"id":30,"peso":6},{"id":166,"peso":8},{"id":179,"peso":7},{"id":78,"peso":11},{"id":82,"peso":12},{"id":145,"peso":3},{"id":192,"peso":18},{"id":94,"peso":8},{"id":164,"peso":13},{"id":45,"peso":17},{"id":93,"peso":18},{"id":173,"peso":18},{"id":176,"peso":16},{"id":104,"peso":19},{"id":90,"peso":8},{"id":187,"peso":19},{"id":188,"peso":19},{"id":146,"peso":5},{"id":61,"peso":9},{"id":46,"peso":3},{"id":193,"peso":14},{"id":168,"peso":4},{"id":132,"peso":1},{"id":131,"peso":17},{"id":133,"peso":14},{"id":135,"peso":6},{"id":3,"peso":15},{"id":40,"peso":3},{"id":101,"peso":20},{"id":190,"peso":1},{"id":155,"peso":18},{"id":15,"peso":5},{"id":33,"peso":9},{"id":116,"peso":20},{"id":76,"peso":2},{"id":54,"peso":20},{"id":110,"peso":5},{"id":129,"peso":4},{"id":22,"peso":2},{"id":34,"peso":10},{"id":48,"peso":14}]}