{"docente":{"nome":"Adriana","departamento":"FIC","id":1006},"atividades":[{"id":60,"peso":6},{"id":198,"peso":15},{"id":72,"peso":16},{"id":97,"peso":12},{"id":189,"peso":11},{"id":196,"peso":20},{"id":52,"peso":8},{"id":197,"peso":4},{"id":146,"peso":18},{"id":90,"peso":7},{"id":166,"peso":9},{"id":66,"peso":2},{"id":75,"peso":2},{"id":58,"peso":7},{"id":24,"peso":0},{"id":96,"peso":0},{"id":13,"peso":5},{"id":42,"peso":15},{"id":11,"peso":9},{"id":98,"peso":8},{"id":56,"peso":16},{"id":107,"peso":13},{"id":26,"peso":7},{"id":25,"peso":2},{"id":175,"peso":7},{"id":111,"peso":16},{"id":183,"peso":9},{"id":94,"peso":1},{"id":112,"peso":16},{"id":18,"peso":13},{"id":163,"peso":8},{"id":188,"peso":9},{"id":179,"peso":16},{"id":178,"peso":3},{"id":156,"peso":0},{"id":185,"peso":13},{"id":159,"peso":4},{"id":116,"peso":3},{"id":36,"peso":1},{"id":117,"peso":18},{"id":126,"peso":1},{"id":136,"peso":1},{"id":119,"peso":16},{"id":161,"peso":6},{"id":30,"peso":15},{"id":59,"peso":1},{"id":124,"peso":5},{"id":125,"peso":4},{"id":35,"peso":14},{"id":106,"peso":7},{"id":62,"peso":6},{"id":86,"peso":2},{"id":151,"peso":3},{"id":150,"peso":20},{"id":152,"peso":11},{"id":41,"peso":3},{"id":122,"peso":4},{"id":17,"peso":20},{"id":134,"peso":18},{"id":138,"peso":14},{"id":85,"peso":16},{"id":174,"peso":11},{"id":190,"peso":7},{"id":51,"peso":15},{"id":167,"peso":10},{"id":6,"peso":8},{"id":171,"peso":17},{"id":149,"peso":8},{"id":157,"peso":19},{"id":74,"peso":4},{"id":31,"peso":2},{"id":142,"peso":11},{"id":182,"peso":12},{"id":181,"peso":17},{"id":20,"peso":4},{"id":9,"peso":18},{"id":93,"peso":16},{"id":135,"peso":8}]}