{"docente":{"nome":"Fernanda","departamento":"FEF","id":1280},"atividades":[{"id":156,"peso":17},{"id":118,"peso":11},{"id":36,"peso":17},{"id":119,"peso":18},{"id":4,"peso":9},{"id":88,"peso":10},{"id":191,"peso":11},{"id":170,"peso":6},{"id":168,"peso":15},{"id":64,"peso":3},{"id":57,"peso":1},{"id":132,"peso":16},{"id":73,"peso":8},{"id":186,"peso":13},{"id":108,"peso":13},{"id":185,"peso":19},{"id":97,"peso":15},{"id":142,"peso":8},{"id":115,"peso":9},{"id":59,"peso":9},{"id":44,"peso":13},{"id":151,"peso":3},{"id":38,"peso":19},{"id":85,"peso":11},{"id":12,"peso":4},{"id":188,"peso":11},{"id":35,"peso":12},{"id":55,"peso":10},{"id":144,"peso":8},{"id":32,"peso":7},{"id":13,"peso":1},{"id":109,"peso":20},{"id":106,"peso":12},{"id":143,"peso":15},{"id":122,"peso":6},{"id":104,"peso":13},{"id":114,"peso":20},{"id":41,"peso":20},{"id":155,"peso":12},{"id":111,"peso":7},{"id":157,"peso":7},{"id":124,"peso":19},{"id":69,"peso":5},{"id":87,"peso":17},{"id":62,"peso":2},{"id":113,"peso":3},{"id":17,"peso":17},{"id":194,"peso":17},{"id":53,"peso":9},{"id":65,"peso":18},{"id":30,"peso":3},{"id":137,"peso":16},{"id":154,"peso":14},{"id":160,"peso":10},{"id":105,"peso":17},{"id":18,"peso":0},{"id":60,"peso":17},{"id":148,"peso":10},{"id":158,"peso":19},{"id":37,"peso":20},{"id":110,"peso":16},{"id":150,"peso":20},{"id":136,"peso":7},{"id":6,"peso":10},{"id":82,"peso":11},{"id":134,"peso":0},{"id":181,"peso":2},{"id":77,"peso":6},{"id":179,"peso":2},{"id":172,"peso":7},{"id":152,"peso":12},{"id":175,"peso":2},{"id":128,"peso":20},{"id":24,"peso":11},{"id":140,"peso":8},{"id":91,"peso":12},{"id":22,"peso":3}]}