{"docente":{"nome":"Marcelo","departamento":"FIC","id":1249},"atividades":[{"id":56,"peso":14},{"id":166,"peso":15},{"id":132,"peso":3},{"id":173,"peso":6},{"id":1,"peso":14},{"id":23,"peso":2},{"id":150,"peso":17},{"id":148,"peso":14},{"id":86,"peso":4},{"id":59,"peso":8},{"id":185,"peso":2},{"id":74,"peso":6},{"id":124,"peso":15},{"id":129,"peso":3},{"id":15,"peso":16},{"id":172,"peso":0},{"id":92,"peso":10},{"id":123,"peso":14},{"id":45,"peso":17},{"id":10,"peso":3},{"id":155,"peso":2},{"id":106,"peso":17},{"id":152,"peso":5},{"id":32,"peso":18},{"id":140,"peso":11},{"id":194,"peso":16},{"id":127,"peso":11},{"id":97,"peso":12},{"id":112,"peso":13},{"id":197,"peso":20},{"id":163,"peso":0},{"id":186,"peso":19},{"id":28,"peso":8},{"id":73,"peso":7},{"id":168,"peso":16},{"id":64,"peso":18},{"id":31,"peso":5},{"id":29,"peso":3},{"id":54,"peso":16},{"id":99,"peso":17},{"id":24,"peso":12},{"id":130,"peso":19},{"id":156,"peso":18},{"id":181,"peso":15},{"id":13,"peso":12},{"id":82,"peso":11},{"id":160,"peso":14},{"id":125,"peso":12},{"id":8,"peso":0},{"id":72,"peso":20},{"id":174,"peso":10},{"id":131,"peso":6},{"id":137,"peso":13},{"id":190,"peso":20},{"id":77,"peso":16},{"id":19,"peso":18},{"id":34,"peso":15},{"id":110,"peso":2},{"id":30,"peso":2},{"id":120,"peso":17},{"id":88,"peso":0},{"id":37,"peso":1},{"id":41,"peso":3},{"id":89,"peso":8},{"id":164,"peso":9},{"id":44,"peso":12},{"id":165,"peso":8},{"id":134,"peso":11},{"id":80,"peso":18},{"id":188,"peso":4},{"id":66,"peso":3},{"id":3,"peso":16},{"id":9,"peso":4},{"id":62,"peso":15},{"id":81,"peso":10},{"id":144,"peso":1},{"id":146,"peso":7},{"id":189,"peso":8},{"id":143,"peso":14}]}