{"docente":{"nome":"Pedro","departamento":"ICB","id":1060},"atividades":[{"id":195,"peso":9},{"id":95,"peso":18},{"id":145,"peso":8},{"id":150,"peso":1},{"id":71,"peso":9},{"id":65,"peso":14},{"id":79,"peso":8},{"id":166,"peso":4},{"id":183,"peso":7},{"id":119,"peso":11},{"id":22,"peso":8},{"id":54,"peso":17},{"id":24,"peso":15},{"id":27,"peso":14},{"id":57,"peso":5},{"id":64,"peso":15},{"id":134,"peso":19},{"id":124,"peso":15},{"id":76,"peso":3},{"id":89,"peso":15},{"id":106,"peso":15},{"id":84,"peso":10},{"id":56,"peso":13},{"id":109,"peso":13},{"id":8,"peso":8},{"id":173,"peso":14},{"id":122,"peso":20},{"id":143,"peso":2},{"id":51,"peso":14},{"id":185,"peso":10},{"id":38,"peso":13},{"id":113,"peso":18},{"id":159,"peso":12},{"id":99,"peso":19},{"id":138,"peso":4},{"id":61,"peso":3},{"id":90,"peso":13},{"id":107,"peso":15},{"id":63,"peso":13},{"id":137,"peso":7},{"id":77,"peso":19},{"id":96,"peso":6},{"id":139,"peso":11},{"id":101,"peso":19},{"id":115,"peso":7},{"id":32,"peso":10},{"id":86,"peso":12},{"id":44,"peso":1},{"id":23,"peso":20},{"id":2,"peso":10},{"id":52,"peso":0},{"id":169,"peso":19},{"id":100,"peso":9},{"id":179,"peso":6},{"id":14,"peso":13},{"id":133,"peso":11},{"id":140,"peso":18},{"id":3,"peso":12},{"id":81,"peso":4},{"id":129,"peso":19},{"id":164,"peso":14},{"id":16,"peso":13},{"id":141,"peso":19},{"id":20,"peso":1},{"id":154,"peso":19},{"id":73,"peso":1},{"id":33,"peso":17},{"id":66,"peso":13},{"id":191,"peso":1},{"id":116,"peso":18},{"id":53,"peso":12},{"id":17,"peso":6},{"id":36,"peso":12},{"id":43,"peso":0},{"id":31,"peso":17}]}