{"docente":{"nome":"Berenice","departamento":"ICB","id":1338},"atividades":[{"id":29,"peso":7},{"id":11,"peso":13},{"id":190,"peso":20},{"id":54,"peso":16},{"id":129,"peso":18},{"id":92,"peso":9},{"id":32,"peso":5},{"id":19,"peso":7},{"id":64,"peso":18},{"id":93,"peso":5},{"id":194,"peso":18},{"id":36,"peso":18},{"id":12,"peso":19},{"id":86,"peso":11},{"id":49,"peso":13},{"id":125,"peso":18},{"id":154,"peso":6},{"id":59,"peso":1},{"id":120,"peso":15},{"id":113,"peso":2},{"id":2,"peso":6},{"id":47,"peso":7},{"id":62,"peso":1},{"id":31,"peso":18},{"id":74,"peso":19},{"id":104,"peso":5},{"id":102,"peso":19},{"id":119,"peso":7},{"id":72,"peso":6},{"id":85,"peso":12},{"id":140,"peso":10},{"id":195,"peso":7},{"id":14,"peso":1},{"id":163,"peso":20},{"id":164,"peso":16},{"id":41,"peso":2},{"id":78,"peso":19},{"id":147,"peso":20},{"id":84,"peso":11},{"id":159,"peso":12},{"id":87,"peso":14},{"id":138,"peso":1},{"id":142,"peso":10},{"id":61,"peso":7},{"id":65,"peso":15},{"id":110,"peso":19},{"id":192,"peso":5},{"id":109,"peso":0},{"id":181,"peso":16},{"id":156,"peso":17},{"id":117,"peso":0},{"id":51,"peso":4},{"id":174,"peso":8},{"id":175,"peso":18},{"id":108,"peso":12},{"id":56,"peso":7},{"id":197,"peso":8},{"id":146,"peso":19},{"id":38,"peso":15},{"id":80,"peso":0},{"id":182,"peso":17},{"id":44,"peso":16},{"id":94,"peso":6},{"id":63,"peso":2},{"id":43,"peso":13},{"id":46,"peso":18},{"id":66,"peso":13},{"id":131,"peso":18},{"id":35,"peso":17},{"id":134,"peso":11},{"id":52,"peso":16},{"id":42,"peso":5},{"id":26,"peso":18},{"id":39,"peso":0},{"id":132,"peso":20},{"id":124,"peso":1},{"id":40,"peso":16},{"id":114,"peso":15},{"id":23,"peso":3},{"id":17,"peso":8}]}