{"docente":{"nome":"Henrique","departamento":"FIC","id":14},"atividades":[{"id":101,"peso":6},{"id":176,"peso":11},{"id":141,"peso":0},{"id":196,"peso":20},{"id":183,"peso":6},{"id":181,"peso":1},{"id":174,"peso":3},{"id":191,"peso":3},{"id":187,"peso":11},{"id":48,"peso":18},{"id":185,"peso":0},{"id":86,"peso":1},{"id":57,"peso":4},{"id":21,"peso":20},{"id":148,"peso":17},{"id":114,"peso":9},{"id":143,"peso":3},{"id":198,"peso":17},{"id":93,"peso":12},{"id":173,"peso":12},{"id":83,"peso":17},{"id":162,"peso":0},{"id":3,"peso":14},{"id":88,"peso":13},{"id":36,"peso":13},{"id":37,"peso":3},{"id":19,"peso":17},{"id":32,"peso":14},{"id":11,"peso":16},{"id":95,"peso":17},{"id":106,"peso":19},{"id":165,"peso":18},{"id":2,"peso":16},{"id":180,"peso":19},{"id":68,"peso":17},{"id":116,"peso":6},{"id":28,"peso":20},{"id":74,"peso":16},{"id":156,"peso":15},{"id":102,"peso":17},{"id":139,"peso":7},{"id":7,"peso":20},{"id":65,"peso":20},{"id":129,"peso":14},{"id":108,"peso":6},{"id":41,"peso":10},{"id":42,"peso":5},{"id":169,"peso":2},{"id":55,"peso":4},{"id":161,"peso":7},{"id":170,"peso":16},{"id":179,"peso":5},{"id":130,"peso":3},{"id":115,"peso":15},{"id":100,"peso":2},{"id":43,"peso":19},{"id":136,"peso":14},{"id":40,"peso":12},{"id":98,"peso":7},{"id":18,"peso":19},{"id":123,"peso":17},{"id":157,"peso":13},{"id":113,"peso":19},{"id":33,"peso":7},{"id":103,"peso":15},{"id":30,"peso":20},{"id":22,"peso":13},{"id":67,"peso":11},{"id":131,"peso":4},{"id":56,"peso":15},{"id":96,"peso":11},{"id":177,"peso":7},{"id":58,"peso":9},{"id":94,"peso":0},{"id":6,"peso":15}]}