{"docente":{"nome":"Karla","departamento":"IQ","id":1131},"atividades":[{"id":127,"peso":1},{"id":179,"peso":4},{"id":48,"peso":9},{"id":30,"peso":19},{"id":84,"peso":5},{"id":188,"peso":20},{"id":168,"peso":16},{"id":38,"peso":0},{"id":140,"peso":5},{"id":183,"peso":6},{"id":197,"peso":1},{"id":159,"peso":11},{"id":82,"peso":19},{"id":170,"peso":1},{"id":185,"peso":1},{"id":15,"peso":15},{"id":109,"peso":16},{"id":66,"peso":17},{"id":166,"peso":20},{"id":43,"peso":16},{"id":160,"peso":17},{"id":46,"peso":7},{"id":73,"peso":3},{"id":3,"peso":10},{"id":25,"peso":3},{"id":88,"peso":2},{"id":69,"peso":3},{"id":36,"peso":10},{"id":94,"peso":10},{"id":60,"peso":11},{"id":21,"peso":2},{"id":193,"peso":13},{"id":173,"peso":8},{"id":40,"peso":19},{"id":19,"peso":1},{"id":33,"peso":8},{"id":184,"peso":8},{"id":32,"peso":7},{"id":106,"peso":11},{"id":126,"peso":14},{"id":153,"peso":20},{"id":103,"peso":14},{"id":39,"peso":12},{"id":146,"peso":15},{"id":105,"peso":15},{"id":187,"peso":0},{"id":178,"peso":14},{"id":142,"peso":14},{"id":120,"peso":11},{"id":83,"peso":16},{"id":165,"peso":5},{"id":12,"peso":9},{"id":56,"peso":8},{"id":115,"peso":6},{"id":85,"peso":0},{"id":176,"peso":6},{"id":10,"peso":18},{"id":2,"peso":3},{"id":53,"peso":19},{"id":134,"peso":8},{"id":55,"peso":5},{"id":136,"peso":4},{"id":157,"peso":3},{"id":27,"peso":20},{"id":181,"peso":12},{"id":110,"peso":12},{"id":132,"peso":4},{"id":102,"peso":18},{"id":92,"peso":6},{"id":169,"peso":18},{"id":133,"peso":8},{"id":182,"peso":17},{"id":198,"peso":4},{"id":41,"peso":5},{"id":31,"peso":12},{"id":16,"peso":6},{"id":87,"peso":8}]}