{"docente":{"nome":"Joao","departamento":"INF","id":1001},"atividades":[{"id":196,"peso":16},{"id":84,"peso":1},{"id":124,"peso":7},{"id":106,"peso":12},{"id":101,"peso":16},{"id":99,"peso":1},{"id":16,"peso":9},{"id":100,"peso":15},{"id":94,"peso":3},{"id":152,"peso":16},{"id":190,"peso":15},{"id":121,"peso":16},{"id":146,"peso":18},{"id":126,"peso":14},{"id":150,"peso":2},{"id":18,"peso":17},{"id":104,"peso":3},{"id":198,"peso":20},{"id":123,"peso":17},{"id":185,"peso":11},{"id":158,"peso":20},{"id":37,"peso":10},{"id":9,"peso":7},{"id":155,"peso":18},{"id":74,"peso":16},{"id":5,"peso":16},{"id":131,"peso":9},{"id":116,"peso":4},{"id":36,"peso":20},{"id":41,"peso":20},{"id":130,"peso":10},{"id":68,"peso":15},{"id":167,"peso":19},{"id":62,"peso":18},{"id":138,"peso":4},{"id":128,"peso":18},{"id":159,"peso":20},{"id":187,"peso":3},{"id":171,"peso":3},{"id":122,"peso":1},{"id":117,"peso":13},{"id":11,"peso":10},{"id":103,"peso":3},{"id":127,"peso":5},{"id":173,"peso":13},{"id":105,"peso":6},{"id":25,"peso":1},{"id":115,"peso":11},{"id":53,"peso":14},{"id":19,"peso":1},{"id":85,"peso":18},{"id":64,"peso":13},{"id":143,"peso":6},{"id":109,"peso":1},{"id":197,"peso":2},{"id":96,"peso":3},{"id":49,"peso":4},{"id":111,"peso":3},{"id":46,"peso":8},{"id":59,"peso":19},{"id":66,"peso":0},{"id":14,"peso":18},{"id":134,"peso":7},{"id":20,"peso":2},{"id":132,"peso":14},{"id":7,"peso":11},{"id":192,"peso":13},{"id":45,"peso":6},{"id":77,"peso":6},{"id":92,"peso":19},{"id":3,"peso":6},{"id":114,"peso":6},{"id":61,"peso":16},{"id":149,"peso":3},{"id":139,"peso":19},{"id":87,"peso":8},{"id":73,"peso":7},{"id":141,"peso":1}]}