{"docente":{"nome":"Adriana","departamento":"FEF","id":13},"atividades":[{"id":72,"peso":13},{"id":88,"peso":8},{"id":164,"peso":13},{"id":37,"peso":16},{"id":157,"peso":7},{"id":56,"peso":20},{"id":127,"peso":3},{"id":120,"peso":13},{"id":110,"peso":10},{"id":169,"peso":3},{"id":103,"peso":16},{"id":10,"peso":13},{"id":177,"peso":9},{"id":26,"peso":11},{"id":73,"peso":0},{"id":4,"peso":15},{"id":84,"peso":1},{"id":16,"peso":13},{"id":172,"peso":4},{"id":188,"peso":15},{"id":53,"peso":5},{"id":2,"peso":20},{"id":69,"peso":1},{"id":45,"peso":6},{"id":67,"peso":19},{"id":86,"peso":6},{"id":187,"peso":8},{"id":119,"peso":11},{"id":34,"peso":19},{"id":166,"peso":19},{"id":145,"peso":20},{"id":168,"peso":20},{"id":194,"peso":15},{"id":68,"peso":20},{"id":5,"peso":19},{"id":142,"peso":0},{"id":170,"peso":17},{"id":97,"peso":3},{"id":112,"peso":5},{"id":125,"peso":18},{"id":24,"peso":12},{"id":158,"peso":16},{"id":39,"peso":9},{"id":162,"peso":13},{"id":44,"peso":8},{"id":79,"peso":3},{"id":71,"peso":6},{"id":3,"peso":12},{"id":61,"peso":10},{"id":155,"peso":15},{"id":131,"peso":13},{"id":151,"peso":16},{"id":59,"peso":11},{"id":78,"peso":20},{"id":23,"peso":2},{"id":96,"peso":14},{"id":123,"peso":19},{"id":191,"peso":0},{"id":141,"peso":6},{"id":152,"peso":10},{"id":95,"peso":11},{"id":178,"peso":1},{"id":77,"peso":0},{"id":115,"peso":9},{"id":148,"peso":9},{"id":83,"peso":0},{"id":38,"peso":12},{"id":99,"peso":1},{"id":134,"peso":5},{"id":30,"peso":19},{"id":143,"peso":1},{"id":167,"peso":6},{"id":27,"peso":4},{"id":108,"peso":6}]}