{"docente":{"nome":"Pedro","departamento":"INF","id":1106},"atividades":[{"id":101,"peso":11},{"id":166,"peso":6},{"id":85,"peso":17},{"id":163,"peso":18},{"id":65,"peso":7},{"id":182,"peso":1},{"id":118,"peso":8},{"id":89,"peso":11},{"id":3,"peso":20},{"id":190,"peso":20},{"id":52,"peso":5},{"id":129,"peso":12},{"id":78,"peso":3},{"id":164,"peso":9},{"id":22,"peso":12},{"id":152,"peso":19},{"id":16,"peso":8},{"id":13,"peso":20},{"id":11,"peso":17},{"id":40,"peso":2},{"id":58,"peso":5},{"id":33,"peso":12},{"id":50,"peso":6},{"id":54,"peso":6},{"id":127,"peso":7},{"id":136,"peso":10},{"id":103,"peso":14},{"id":135,"peso":5},{"id":185,"peso":13},{"id":14,"peso":7},{"id":70,"peso":1},{"id":57,"peso":0},{"id":82,"peso":16},{"id":117,"peso":18},{"id":38,"peso":15},{"id":35,"peso":15},{"id":29,"peso":2},{"id":1,"peso":2},{"id":194,"peso":10},{"id":133,"peso":4},{"id":161,"peso":19},{"id":98,"peso":17},{"id":155,"peso":5},{"id":18,"peso":1},{"id":42,"peso":4},{"id":131,"peso":4},{"id":34,"peso":8},{"id":64,"peso":15},{"id":198,"peso":10},{"id":59,"peso":5},{"id":111,"peso":1},{"id":177,"peso":7},{"id":138,"peso":20},{"id":24,"peso":10},{"id":26,"peso":12},{"id":39,"peso":1},{"id":141,"peso":13},{"id":28,"peso":8},{"id":154,"peso":2},{"id":6,"peso":17},{"id":119,"peso":5},{"id":113,"peso":13},{"id":62,"peso":8},{"id":17,"peso":3},{"id":184,"peso":9},{"id":55,"peso":18},{"id":93,"peso":2},{"id":10,"peso":8},{"id":107,"peso":12},{"id":109,"peso":0},{"id":51,"peso":15},{"id":156,"peso":8},{"id":170,"peso":15},{"id":36,"peso":9},{"id":90,"peso":19},{"id":110,"peso":14},{"id":158,"peso":6},{"id":189,"peso":1},{"id":100,"peso":1}]}