{"docente":{"nome":"Henrique","departamento":"ICB","id":1032},"atividades":[{"id":136,"peso":20},{"id":66,"peso":9},{"id":161,"peso":7},{"id":7,"peso":8},{"id":163,"peso":5},{"id":173,"peso":16},{"id":5,"peso":3},{"id":67,"peso":20},{"id":4,"peso":12},{"id":186,"peso":10},{"id":55,"peso":4},{"id":187,"peso":14},{"id":97,"peso":20},{"id":167,"peso":7},{"id":83,"peso":11},{"id":138,"peso":14},{"id":56,"peso":3},{"id":59,"peso":15},{"id":78,"peso":1},{"id":95,"peso":0},{"id":112,"peso":6},{"id":188,"peso":19},{"id":150,"peso":5},{"id":3,"peso":16},{"id":176,"peso":8},{"id":154,"peso":5},{"id":69,"peso":19},{"id":33,"peso":17},{"id":68,"peso":12},{"id":91,"peso":10},{"id":36,"peso":15},{"id":60,"peso":5},{"id":133,"peso":13},{"id":21,"peso":14},{"id":19,"peso":4},{"id":11,"peso":5},{"id":28,"peso":19},{"id":193,"peso":10},{"id":158,"peso":0},{"id":64,"peso":1},{"id":101,"peso":19},{"id":196,"peso":6},{"id":12,"peso":8},{"id":141,"peso":20},{"id":110,"peso":15},{"id":27,"peso":9},{"id":74,"peso":19},{"id":113,"peso":8},{"id":93,"peso":6},{"id":121,"peso":9},{"id":183,"peso":14},{"id":94,"peso":1},{"id":82,"peso":5},{"id":77,"peso":0},{"id":73,"peso":13},{"id":70,"peso":11},{"id":143,"peso":18},{"id":195,"peso":8},{"id":168,"peso":20},{"id":1,"peso":14},{"id":37,"peso":2},{"id":18,"peso":8},{"id":198,"peso":15},{"id":79,"peso":2},{"id":51,"peso":18},{"id":185,"peso":14},{"id":105,"peso":12},{"id":41,"peso":1},{"id":197,"peso":18},{"id":17,"peso":13},{"id":43,"peso":4},{"id":86,"peso":5},{"id":181,"peso":6},{"id":100,"peso":6},{"id":58,"peso":13},{"id":87,"peso":9},{"id":116,"peso":19},{"id":65,"peso":2},{"id":90,"peso":8},{"id":8,"peso":2},{"id":120,"peso":5},{"id":50,"peso":2}]}