{"docente":{"nome":"Ana","departamento":"FIC","id":118},"atividades":[{"id":14,"peso":13},{"id":118,"peso":17},{"id":41,"peso":20},{"id":76,"peso":12},{"id":192,"peso":9},{"id":16,"peso":16},{"id":133,"peso":7},{"id":93,"peso":10},{"id":35,"peso":4},{"id":189,"peso":9},{"id":25,"peso":4},{"id":38,"peso":14},{"id":29,"peso":17},{"id":1,"peso":2},{"id":191,"peso":13},{"id":62,"peso":11},{"id":81,"peso":17},{"id":139,"peso":0},{"id":164,"peso":9},{"id":162,"peso":9},{"id":100,"peso":17},{"id":47,"peso":2},{"id":87,"peso":15},{"id":78,"peso":12},{"id":32,"peso":20},{"id":31,"peso":17},{"id":104,"peso":12},{"id":67,"peso":8},{"id":159,"peso":0},{"id":4,"peso":10},{"id":128,"peso":11},{"id":13,"peso":17},{"id":172,"peso":11},{"id":158,"peso":12},{"id":116,"peso":16},{"id":193,"peso":1},{"id":98,"peso":11},{"id":131,"peso":16},{"id":149,"peso":14},{"id":94,"peso":5},{"id":148,"peso":18},{"id":134,"peso":19},{"id":184,"peso":2},{"id":50,"peso":5},{"id":122,"peso":15},{"id":24,"peso":0},{"id":28,"peso":4},{"id":22,"peso":14},{"id":18,"peso":6},{"id":56,"peso":4},{"id":92,"peso":16},{"id":141,"peso":13},{"id":17,"peso":0},{"id":71,"peso":15},{"id":183,"peso":14},{"id":79,"peso":16},{"id":182,"peso":14},{"id":6,"peso":20},{"id":12,"peso":6},{"id":171,"peso":1},{"id":177,"peso":8},{"id":111,"peso":13},{"id":138,"peso":16},{"id":180,"peso":0},{"id":52,"peso":2},{"id":72,"peso":19},{"id":154,"peso":7},{"id":59,"peso":14},{"id":91,"peso":1},{"id":40,"peso":20},{"id":127,"peso":7},{"id":77,"peso":11},{"id":163,"peso":5},{"id":26,"peso":7},{"id":23,"peso":7}]}