{"docente":{"nome":"Luiz","departamento":"IF","id":1008},"atividades":[{"id":143,"peso":4},{"id":70,"peso":15},{"id":135,"peso":10},{"id":1,"peso":7},{"id":159,"peso":15},{"id":37,"peso":3},{"id":39,"peso":7},{"id":48,"peso":17},{"id":185,"peso":10},{"id":162,"peso":19},{"id":179,"peso":10},{"id":5,"peso":20},{"id":150,"peso":8},{"id":187,"peso":1},{"id":186,"peso":10},{"id":98,"peso":6},{"id":83,"peso":18},{"id":21,"peso":8},{"id":102,"peso":0},{"id":91,"peso":19},{"id":58,"peso":13},{"id":188,"peso":19},{"id":89,"peso":13},{"id":106,"peso":17},{"id":163,"peso":11},{"id":79,"peso":1},{"id":50,"peso":15},{"id":120,"peso":3},{"id":104,"peso":4},{"id":23,"peso":16},{"id":108,"peso":18},{"id":181,"peso":11},{"id":107,"peso":14},{"id":34,"peso":4},{"id":55,"peso":8},{"id":43,"peso":16},{"id":170,"peso":19},{"id":178,"peso":7},{"id":148,"peso":4},{"id":136,"peso":5},{"id":113,"peso":13},{"id":160,"peso":11},{"id":38,"peso":18},{"id":44,"peso":14},{"id":77,"peso":18},{"id":180,"peso":8},{"id":174,"peso":14},{"id":125,"peso":4},{"id":194,"peso":13},{"id":141,"peso":8},{"id":142,"peso":17},{"id":13,"peso":2},{"id":140,"peso":14},{"id":17,"peso":9},{"id":67,"peso":13},{"id":35,"peso":20},{"id":95,"peso":19},{"id":175,"peso":13},{"id":56,"peso":0},{"id":127,"peso":20},{"id":198,"peso":19},{"id":82,"peso":14},{"id":134,"peso":2},{"id":2,"peso":12},{"id":167,"peso":10},{"id":40,"peso":1},{"id":158,"peso":6},{"id":9,"peso":14},{"id":171,"peso":4},{"id":169,"peso":15},{"id":144,"peso":20},{"id":16,"peso":4},{"id":8,"peso":4},{"id":76,"peso":9},{"id":137,"peso":3},{"id":71,"peso":2},{"id":126,"peso":7}]}