{"docente":{"nome":"Luiz","departamento":"INF","id":132},"atividades":[{"id":194,"peso":5},{"id":17,"peso":1},{"id":172,"peso":1},{"id":66,"peso":0},{"id":103,"peso":8},{"id":99,"peso":12},{"id":42,"peso":17},{"id":9,"peso":5},{"id":76,"peso":18},{"id":39,"peso":8},{"id":96,"peso":15},{"id":78,"peso":6},{"id":187,"peso":17},{"id":152,"peso":8},{"id":51,"peso":1},{"id":35,"peso":11},{"id":122,"peso":19},{"id":159,"peso":19},{"id":151,"peso":6},{"id":161,"peso":0},{"id":146,"peso":17},{"id":165,"peso":2},{"id":8,"peso":5},{"id":15,"peso":5},{"id":80,"peso":12},{"id":140,"peso":15},{"id":72,"peso":17},{"id":32,"peso":9},{"id":145,"peso":14},{"id":5,"peso":4},{"id":124,"peso":12},{"id":181,"peso":17},{"id":20,"peso":19},{"id":173,"peso":20},{"id":147,"peso":15},{"id":174,"peso":6},{"id":65,"peso":8},{"id":101,"peso":17},{"id":74,"peso":10},{"id":25,"peso":3},{"id":192,"peso":2},{"id":153,"peso":19},{"id":186,"peso":20},{"id":163,"peso":0},{"id":139,"peso":11},{"id":170,"peso":4},{"id":4,"peso":14},{"id":46,"peso":18},{"id":71,"peso":3},{"id":28,"peso":1},{"id":132,"peso":1},{"id":6,"peso":19},{"id":31,"peso":14},{"id":13,"peso":3},{"id":178,"peso":10},{"id":22,"peso":1},{"id":158,"peso":17},{"id":60,"peso":15},{"id":185,"peso":4},{"id":40,"peso":2},{"id":110,"peso":9},{"id":108,"peso":16},{"id":130,"peso":6},{"id":112,"peso":0},{"id":44,"peso":9},{"id":43,"peso":5},{"id":81,"peso":9},{"id":47,"peso":0},{"id":135,"peso":2},{"id":55,"peso":8},{"id":48,"peso":5},{"id":160,"peso":13},{"id":90,"peso":4},{"id":77,"peso":9},{"id":23,"peso":8},{"id":70,"peso":6},{"id":91,"peso":11},{"id":29,"peso":7}]}