{"docente":{"nome":"Laerte","departamento":"FEF","id":1316},"atividades":[{"id":12,"peso":1},{"id":69,"peso":5},{"id":93,"peso":12},{"id":124,"peso":0},{"id":22,"peso":6},{"id":146,"peso":5},{"id":15,"peso":19},{"id":169,"peso":4},{"id":65,"peso":12},{"id":58,"peso":11},{"id":185,"peso":15},{"id":31,"peso":19},{"id":62,"peso":7},{"id":145,"peso":13},{"id":134,"peso":6},{"id":42,"peso":19},{"id":26,"peso":18},{"id":171,"peso":0},{"id":170,"peso":14},{"id":40,"peso":3},{"id":139,"peso":10},{"id":30,"peso":18},{"id":83,"peso":0},{"id":153,"peso":6},{"id":188,"peso":16},{"id":97,"peso":10},{"id":163,"peso":8},{"id":161,"peso":18},{"id":29,"peso":8},{"id":197,"peso":15},{"id":166,"peso":8},{"id":50,"peso":20},{"id":63,"peso":4},{"id":54,"peso":8},{"id":194,"peso":20},{"id":195,"peso":16},{"id":85,"peso":13},{"id":178,"peso":20},{"id":157,"peso":6},{"id":156,"peso":9},{"id":4,"peso":18},{"id":87,"peso":9},{"id":57,"peso":3},{"id":191,"peso":3},{"id":90,"peso":20},{"id":11,"peso":3},{"id":175,"peso":12},{"id":192,"peso":8},{"id":72,"peso":5},{"id":180,"peso":0},{"id":196,"peso":19},{"id":110,"peso":16},{"id":123,"peso":6},{"id":107,"peso":13},{"id":137,"peso":7},{"id":130,"peso":17},{"id":106,"peso":10},{"id":91,"peso":15},{"id":131,"peso":5},{"id":73,"peso":16},{"id":126,"peso":17},{"id":47,"peso":1},{"id":84,"peso":18},{"id":1,"peso":15},{"id":49,"peso":1},{"id":27,"peso":14},{"id":55,"peso":4},{"id":183,"peso":2},{"id":168,"peso":19},{"id":150,"peso":7},{"id":113,"peso":1},{"id":101,"peso":15},{"id":127,"peso":7},{"id":158,"peso":7},{"id":112,"peso":13},{"id":96,"peso":18},{"id":159,"peso":6},{"id":109,"peso":0},{"id":64,"peso":19},{"id":186,"peso":19},{"id":167,"peso":14},{"id":181,"peso":10}]}