{"docente":{"nome":"Auri","departamento":"FEF","id":1140},"atividades":[{"id":13,"peso":4},{"id":24,"peso":15},{"id":50,"peso":3},{"id":177,"peso":13},{"id":79,"peso":7},{"id":82,"peso":16},{"id":114,"peso":20},{"id":172,"peso":20},{"id":35,"peso":14},{"id":61,"peso":20},{"id":43,"peso":7},{"id":51,"peso":9},{"id":149,"peso":10},{"id":157,"peso":6},{"id":104,"peso":1},{"id":1,"peso":6},{"id":179,"peso":1},{"id":120,"peso":18},{"id":26,"peso":12},{"id":42,"peso":4},{"id":68,"peso":20},{"id":110,"peso":5},{"id":147,"peso":18},{"id":94,"peso":16},{"id":97,"peso":9},{"id":155,"peso":7},{"id":40,"peso":20},{"id":90,"peso":13},{"id":62,"peso":12},{"id":129,"peso":20},{"id":173,"peso":10},{"id":161,"peso":14},{"id":197,"peso":4},{"id":123,"peso":7},{"id":108,"peso":4},{"id":15,"peso":16},{"id":83,"peso":7},{"id":124,"peso":13},{"id":168,"peso":1},{"id":116,"peso":4},{"id":134,"peso":0},{"id":106,"peso":8},{"id":113,"peso":6},{"id":142,"peso":15},{"id":2,"peso":18},{"id":85,"peso":14},{"id":101,"peso":6},{"id":107,"peso":11},{"id":141,"peso":14},{"id":126,"peso":10},{"id":47,"peso":13},{"id":152,"peso":2},{"id":159,"peso":19},{"id":20,"peso":3},{"id":131,"peso":12},{"id":8,"peso":3},{"id":19,"peso":13},{"id":160,"peso":13},{"id":178,"peso":0},{"id":3,"peso":15},{"id":164,"peso":14},{"id":127,"peso":6},{"id":92,"peso":6},{"id":87,"peso":8},{"id":176,"peso":16},{"id":103,"peso":19},{"id":118,"peso":2},{"id":32,"peso":12},{"id":166,"peso":8},{"id":7,"peso":19},{"id":21,"peso":0},{"id":23,"peso":7},{"id":29,"peso":19},{"id":196,"peso":8},{"id":70,"peso":4},{"id":115,"peso":16},{"id":36,"peso":5},{"id":71,"peso":20}]}