{"docente":{"nome":"Laerte","departamento":"FEF","id":1062},"atividades":[{"id":121,"peso":17},{"id":130,"peso":14},{"id":142,"peso":11},{"id":10,"peso":20},{"id":60,"peso":1},{"id":150,"peso":10},{"id":97,"peso":7},{"id":152,"peso":20},{"id":136,"peso":4},{"id":176,"peso":17},{"id":91,"peso":16},{"id":77,"peso":16},{"id":11,"peso":18},{"id":82,"peso":15},{"id":108,"peso":16},{"id":100,"peso":5},{"id":127,"peso":5},{"id":21,"peso":7},{"id":6,"peso":18},{"id":48,"peso":17},{"id":178,"peso":15},{"id":72,"peso":18},{"id":25,"peso":19},{"id":140,"peso":6},{"id":134,"peso":2},{"id":45,"peso":17},{"id":55,"peso":18},{"id":3,"peso":14},{"id":79,"peso":9},{"id":24,"peso":10},{"id":197,"peso":19},{"id":171,"peso":5},{"id":83,"peso":2},{"id":39,"peso":16},{"id":8,"peso":6},{"id":183,"peso":2},{"id":41,"peso":13},{"id":180,"peso":18},{"id":167,"peso":4},{"id":70,"peso":12},{"id":40,"peso":8},{"id":111,"peso":8},{"id":187,"peso":13},{"id":15,"peso":6},{"id":105,"peso":9},{"id":46,"peso":7},{"id":76,"peso":10},{"id":172,"peso":13},{"id":128,"peso":9},{"id":198,"peso":17},{"id":38,"peso":9},{"id":57,"peso":6},{"id":110,"peso":15},{"id":185,"peso":5},{"id":112,"peso":15},{"id":101,"peso":6},{"id":74,"peso":10},{"id":35,"peso":8},{"id":61,"peso":16},{"id":117,"peso":0},{"id":98,"peso":12},{"id":93,"peso":11},{"id":196,"peso":5},{"id":42,"peso":0},{"id":92,"peso":6},{"id":190,"peso":19},{"id":186,"peso":10},{"id":65,"peso":4},{"id":102,"peso":10},{"id":120,"peso":13},{"id":19,"peso":17},{"id":161,"peso":20},{"id":5,"peso":14},{"id":141,"peso":5}]}