{"docente":{"nome":"Ingrid","departamento":"IQ","id":1114},"atividades":[{"id":147,"peso":20},{"id":123,"peso":6},{"id":78,"peso":20},{"id":176,"peso":4},{"id":152,"peso":17},{"id":26,"peso":19},{"id":72,"peso":4},{"id":198,"peso":19},{"id":2,"peso":12},{"id":20,"peso":6},{"id":145,"peso":16},{"id":81,"peso":6},{"id":8,"peso":20},{"id":194,"peso":20},{"id":166,"peso":14},{"id":149,"peso":7},{"id":154,"peso":0},{"id":41,"peso":4},{"id":127,"peso":18},{"id":49,"peso":18},{"id":192,"peso":17},{"id":167,"peso":4},{"id":68,"peso":3},{"id":12,"peso":11},{"id":151,"peso":9},{"id":177,"peso":2},{"id":108,"peso":4},{"id":87,"peso":5},{"id":30,"peso":13},{"id":174,"peso":13},{"id":71,"peso":6},{"id":139,"peso":7},{"id":129,"peso":5},{"id":83,"peso":11},{"id":25,"peso":11},{"id":59,"peso":5},{"id":128,"peso":8},{"id":162,"peso":12},{"id":117,"peso":7},{"id":136,"peso":1},{"id":116,"peso":8},{"id":39,"peso":0},{"id":106,"peso":8},{"id":185,"peso":6},{"id":40,"peso":16},{"id":80,"peso":17},{"id":63,"peso":20},{"id":45,"peso":8},{"id":195,"peso":10},{"id":61,"peso":8},{"id":16,"peso":3},{"id":95,"peso":10},{"id":96,"peso":12},{"id":161,"peso":6},{"id":32,"peso":9},{"id":105,"peso":15},{"id":188,"peso":19},{"id":58,"peso":7},{"id":62,"peso":5},{"id":159,"peso":8},{"id":47,"peso":6},{"id":37,"peso":11},{"id":36,"peso":14},{"id":184,"peso":19},{"id":10,"peso":4},{"id":70,"peso":7},{"id":114,"peso":2},{"id":160,"peso":7},{"id":181,"peso":7},{"id":140,"peso":18},{"id":183,"peso":7},{"id":14,"peso":12},{"id":98,"peso":1},{"id":197,"peso":20}]}