{"docente":{"nome":"Luiz","departamento":"ICB","id":1153},"atividades":[{"id":64,"peso":10},{"id":119,"peso":10},{"id":194,"peso":5},{"id":35,"peso":16},{"id":100,"peso":8},{"id":39,"peso":20},{"id":26,"peso":6},{"id":24,"peso":0},{"id":183,"peso":4},{"id":132,"peso":17},{"id":56,"peso":17},{"id":165,"peso":8},{"id":16,"peso":6},{"id":112,"peso":20},{"id":162,"peso":0},{"id":20,"peso":4},{"id":8,"peso":17},{"id":28,"peso":16},{"id":89,"peso":14},{"id":57,"peso":17},{"id":110,"peso":7},{"id":5,"peso":17},{"id":44,"peso":6},{"id":153,"peso":1},{"id":79,"peso":0},{"id":33,"peso":20},{"id":83,"peso":16},{"id":122,"peso":4},{"id":21,"peso":17},{"id":109,"peso":11},{"id":38,"peso":20},{"id":36,"peso":1},{"id":168,"peso":20},{"id":71,"peso":6},{"id":163,"peso":16},{"id":50,"peso":15},{"id":130,"peso":8},{"id":126,"peso":13},{"id":68,"peso":7},{"id":2,"peso":8},{"id":142,"peso":15},{"id":76,"peso":15},{"id":55,"peso":16},{"id":59,"peso":11},{"id":190,"peso":9},{"id":15,"peso":5},{"id":29,"peso":16},{"id":46,"peso":13},{"id":48,"peso":12},{"id":174,"peso":10},{"id":22,"peso":12},{"id":161,"peso":0},{"id":12,"peso":20},{"id":94,"peso":13},{"id":143,"peso":8},{"id":136,"peso":1},{"id":77,"peso":13},{"id":131,"peso":4},{"id":188,"peso":18},{"id":66,"peso":12},{"id":34,"peso":14},{"id":10,"peso":7},{"id":118,"peso":19},{"id":61,"peso":20},{"id":23,"peso":4},{"id":67,"peso":12},{"id":106,"peso":8},{"id":124,"peso":5},{"id":149,"peso":9},{"id":31,"peso":15},{"id":179,"peso":2},{"id":70,"peso":14},{"id":62,"peso":9},{"id":104,"peso":14},{"id":7,"peso":7},{"id":85,"peso":8},{"id":139,"peso":10},{"id":184,"peso":17},{"id":54,"peso":14},{"id":102,"peso":20},{"id":192,"peso":5}]}