{"docente":{"nome":"Iasmin","departamento":"IF","id":1171},"atividades":[{"id":39,"peso":2},{"id":121,"peso":16},{"id":113,"peso":12},{"id":175,"peso":9},{"id":77,"peso":7},{"id":42,"peso":16},{"id":192,"peso":1},{"id":194,"peso":14},{"id":47,"peso":11},{"id":118,"peso":18},{"id":95,"peso":8},{"id":193,"peso":3},{"id":126,"peso":15},{"id":102,"peso":1},{"id":101,"peso":1},{"id":57,"peso":16},{"id":96,"peso":15},{"id":164,"peso":19},{"id":187,"peso":5},{"id":172,"peso":11},{"id":117,"peso":13},{"id":128,"peso":10},{"id":159,"peso":0},{"id":34,"peso":12},{"id":184,"peso":13},{"id":100,"peso":1},{"id":54,"peso":18},{"id":67,"peso":3},{"id":170,"peso":18},{"id":171,"peso":8},{"id":103,"peso":19},{"id":104,"peso":14},{"id":49,"peso":3},{"id":183,"peso":13},{"id":153,"peso":16},{"id":143,"peso":7},{"id":106,"peso":11},{"id":188,"peso":7},{"id":8,"peso":11},{"id":69,"peso":12},{"id":114,"peso":4},{"id":62,"peso":7},{"id":142,"peso":19},{"id":18,"peso":17},{"id":94,"peso":15},{"id":134,"peso":9},{"id":16,"peso":8},{"id":17,"peso":20},{"id":147,"peso":2},{"id":2,"peso":18},{"id":119,"peso":9},{"id":195,"peso":6},{"id":29,"peso":19},{"id":133,"peso":18},{"id":15,"peso":7},{"id":115,"peso":18},{"id":139,"peso":3},{"id":138,"peso":6},{"id":65,"peso":17},{"id":189,"peso":0},{"id":13,"peso":8},{"id":136,"peso":11},{"id":163,"peso":20},{"id":88,"peso":16},{"id":146,"peso":9},{"id":148,"peso":16},{"id":9,"peso":2},{"id":116,"peso":10},{"id":31,"peso":6},{"id":58,"peso":15},{"id":162,"peso":12},{"id":81,"peso":6},{"id":158,"peso":5},{"id":144,"peso":7},{"id":60,"peso":13},{"id":89,"peso":19},{"id":73,"peso":15},{"id":197,"peso":18},{"id":122,"peso":4}]}