{"docente":{"nome":"Luiz","departamento":"IF","id":1431},"atividades":[{"id":171,"peso":20},{"id":182,"peso":10},{"id":11,"peso":19},{"id":82,"peso":0},{"id":22,"peso":6},{"id":50,"peso":20},{"id":105,"peso":6},{"id":15,"peso":14},{"id":119,"peso":3},{"id":104,"peso":7},{"id":31,"peso":15},{"id":78,"peso":8},{"id":166,"peso":11},{"id":197,"peso":7},{"id":71,"peso":5},{"id":62,"peso":6},{"id":160,"peso":12},{"id":113,"peso":2},{"id":158,"peso":16},{"id":150,"peso":16},{"id":176,"peso":6},{"id":61,"peso":15},{"id":175,"peso":4},{"id":172,"peso":11},{"id":4,"peso":18},{"id":8,"peso":18},{"id":185,"peso":20},{"id":128,"peso":0},{"id":38,"peso":5},{"id":141,"peso":1},{"id":70,"peso":19},{"id":49,"peso":9},{"id":143,"peso":18},{"id":191,"peso":18},{"id":88,"peso":5},{"id":123,"peso":20},{"id":168,"peso":5},{"id":187,"peso":14},{"id":120,"peso":17},{"id":36,"peso":16},{"id":178,"peso":13},{"id":196,"peso":11},{"id":98,"peso":0},{"id":59,"peso":6},{"id":89,"peso":4},{"id":5,"peso":9},{"id":57,"peso":0},{"id":27,"peso":18},{"id":149,"peso":14},{"id":64,"peso":13},{"id":76,"peso":10},{"id":84,"peso":5},{"id":138,"peso":9},{"id":117,"peso":19},{"id":67,"peso":11},{"id":159,"peso":16},{"id":109,"peso":13},{"id":69,"peso":14},{"id":127,"peso":12},{"id":152,"peso":5},{"id":132,"peso":4},{"id":142,"peso":20},{"id":192,"peso":10},{"id":7,"peso":6},{"id":58,"peso":0},{"id":115,"peso":4},{"id":23,"peso":3},{"id":139,"peso":4},{"id":66,"peso":17},{"id":77,"peso":14},{"id":55,"peso":13},{"id":92,"peso":20},{"id":165,"peso":13},{"id":80,"peso":19},{"id":124,"peso":15},{"id":100,"peso":20},{"id":95,"peso":1},{"id":140,"peso":0},{"id":153,"peso":6},{"id":87,"peso":19}]}