{"docente":{"nome":"Iasmin","departamento":"IF","id":1092},"atividades":[{"id":161,"peso":5},{"id":111,"peso":8},{"id":139,"peso":19},{"id":170,"peso":3},{"id":57,"peso":16},{"id":41,"peso":5},{"id":22,"peso":15},{"id":68,"peso":19},{"id":10,"peso":0},{"id":118,"peso":4},{"id":146,"peso":1},{"id":40,"peso":20},{"id":129,"peso":0},{"id":77,"peso":0},{"id":181,"peso":2},{"id":70,"peso":0},{"id":38,"peso":18},{"id":172,"peso":13},{"id":99,"peso":9},{"id":137,"peso":3},{"id":45,"peso":3},{"id":36,"peso":4},{"id":12,"peso":1},{"id":165,"peso":3},{"id":1,"peso":14},{"id":169,"peso":10},{"id":145,"peso":15},{"id":89,"peso":16},{"id":11,"peso":3},{"id":85,"peso":10},{"id":76,"peso":3},{"id":108,"peso":19},{"id":164,"peso":16},{"id":67,"peso":19},{"id":51,"peso":16},{"id":162,"peso":20},{"id":193,"peso":14},{"id":28,"peso":10},{"id":98,"peso":4},{"id":114,"peso":17},{"id":166,"peso":19},{"id":138,"peso":4},{"id":131,"peso":20},{"id":189,"peso":10},{"id":83,"peso":14},{"id":39,"peso":12},{"id":87,"peso":15},{"id":9,"peso":19},{"id":163,"peso":10},{"id":52,"peso":5},{"id":159,"peso":10},{"id":191,"peso":7},{"id":20,"peso":7},{"id":121,"peso":15},{"id":2,"peso":19},{"id":33,"peso":2},{"id":26,"peso":1},{"id":86,"peso":17},{"id":176,"peso":6},{"id":64,"peso":15},{"id":117,"peso":16},{"id":184,"peso":11},{"id":81,"peso":10},{"id":88,"peso":0},{"id":18,"peso":10},{"id":155,"peso":2},{"id":197,"peso":4},{"id":173,"peso":10},{"id":74,"peso":0},{"id":29,"peso":11},{"id":152,"peso":1},{"id":116,"peso":19},{"id":179,"peso":19},{"id":142,"peso":1},{"id":153,"peso":1},{"id":92,"peso":9},{"id":71,"peso":13},{"id":75,"peso":19},{"id":106,"peso":6},{"id":160,"peso":6}]}