{"docente":{"nome":"Luiz","departamento":"INF","id":1115},"atividades":[{"id":143,"peso":16},{"id":140,"peso":19},{"id":75,"peso":11},{"id":123,"peso":16},{"id":26,"peso":15},{"id":68,"peso":15},{"id":121,"peso":18},{"id":70,"peso":2},{"id":164,"peso":20},{"id":3,"peso":15},{"id":16,"peso":17},{"id":174,"peso":13},{"id":107,"peso":10},{"id":77,"peso":20},{"id":118,"peso":12},{"id":57,"peso":20},{"id":83,"peso":10},{"id":195,"peso":2},{"id":81,"peso":7},{"id":71,"peso":9},{"id":82,"peso":10},{"id":100,"peso":10},{"id":163,"peso":13},{"id":104,"peso":13},{"id":135,"peso":5},{"id":21,"peso":10},{"id":2,"peso":10},{"id":33,"peso":0},{"id":134,"peso":7},{"id":53,"peso":14},{"id":166,"peso":1},{"id":4,"peso":10},{"id":99,"peso":11},{"id":178,"peso":20},{"id":31,"peso":16},{"id":37,"peso":15},{"id":7,"peso":16},{"id":65,"peso":5},{"id":119,"peso":11},{"id":10,"peso":20},{"id":93,"peso":13},{"id":86,"peso":0},{"id":161,"peso":11},{"id":72,"peso":15},{"id":133,"peso":5},{"id":25,"peso":8},{"id":154,"peso":19},{"id":131,"peso":8},{"id":168,"peso":19},{"id":165,"peso":8},{"id":192,"peso":18},{"id":63,"peso":15},{"id":183,"peso":4},{"id":9,"peso":7},{"id":175,"peso":10},{"id":19,"peso":9},{"id":173,"peso":4},{"id":113,"peso":18},{"id":35,"peso":13},{"id":184,"peso":7},{"id":90,"peso":7},{"id":186,"peso":17},{"id":147,"peso":9},{"id":122,"peso":20},{"id":139,"peso":16},{"id":152,"peso":11},{"id":45,"peso":6},{"id":38,"peso":10},{"id":84,"peso":12},{"id":106,"peso":17},{"id":67,"peso":4},{"id":110,"peso":17},{"id":52,"peso":13},{"id":148,"peso":0},{"id":142,"peso":15},{"id":124,"peso":20}]}