{"docente":{"nome":"Marcelo","departamento":"INF","id":1308},"atividades":[{"id":168,"peso":0},{"id":85,"peso":14},{"id":124,"peso":8},{"id":45,"peso":12},{"id":52,"peso":3},{"id":47,"peso":2},{"id":65,"peso":8},{"id":176,"peso":1},{"id":150,"peso":17},{"id":130,"peso":20},{"id":28,"peso":15},{"id":138,"peso":7},{"id":120,"peso":3},{"id":62,"peso":1},{"id":27,"peso":8},{"id":61,"peso":1},{"id":177,"peso":2},{"id":63,"peso":18},{"id":153,"peso":3},{"id":182,"peso":0},{"id":3,"peso":12},{"id":172,"peso":18},{"id":151,"peso":16},{"id":54,"peso":14},{"id":92,"peso":6},{"id":71,"peso":4},{"id":147,"peso":15},{"id":44,"peso":11},{"id":186,"peso":12},{"id":141,"peso":0},{"id":181,"peso":14},{"id":116,"peso":19},{"id":101,"peso":19},{"id":159,"peso":18},{"id":110,"peso":6},{"id":156,"peso":8},{"id":34,"peso":19},{"id":126,"peso":19},{"id":152,"peso":5},{"id":125,"peso":11},{"id":188,"peso":19},{"id":24,"peso":17},{"id":7,"peso":0},{"id":91,"peso":7},{"id":171,"peso":1},{"id":143,"peso":1},{"id":191,"peso":11},{"id":131,"peso":14},{"id":155,"peso":2},{"id":118,"peso":16},{"id":94,"peso":9},{"id":164,"peso":15},{"id":42,"peso":18},{"id":51,"peso":2},{"id":185,"peso":20},{"id":41,"peso":17},{"id":81,"peso":10},{"id":166,"peso":18},{"id":137,"peso":20},{"id":2,"peso":13},{"id":72,"peso":8},{"id":32,"peso":4},{"id":161,"peso":11},{"id":19,"peso":0},{"id":175,"peso":11},{"id":169,"peso":6},{"id":136,"peso":2},{"id":86,"peso":20},{"id":135,"peso":5},{"id":119,"peso":15},{"id":36,"peso":2},{"id":106,"peso":14},{"id":77,"peso":7},{"id":5,"peso":12},{"id":114,"peso":15},{"id":64,"peso":10},{"id":98,"peso":5}]}