{"docente":{"nome":"Paulo","departamento":"IQ","id":1399},"atividades":[{"id":88,"peso":8},{"id":93,"peso":13},{"id":68,"peso":11},{"id":25,"peso":8},{"id":198,"peso":9},{"id":127,"peso":13},{"id":49,"peso":5},{"id":38,"peso":4},{"id":173,"peso":5},{"id":56,"peso":9},{"id":29,"peso":17},{"id":137,"peso":3},{"id":11,"peso":13},{"id":32,"peso":1},{"id":33,"peso":3},{"id":194,"peso":11},{"id":59,"peso":10},{"id":160,"peso":12},{"id":104,"peso":8},{"id":191,"peso":20},{"id":6,"peso":0},{"id":175,"peso":14},{"id":37,"peso":3},{"id":44,"peso":19},{"id":189,"peso":11},{"id":117,"peso":17},{"id":164,"peso":20},{"id":86,"peso":8},{"id":105,"peso":15},{"id":62,"peso":16},{"id":112,"peso":8},{"id":121,"peso":0},{"id":16,"peso":8},{"id":34,"peso":2},{"id":87,"peso":11},{"id":172,"peso":16},{"id":5,"peso":13},{"id":125,"peso":12},{"id":89,"peso":20},{"id":152,"peso":12},{"id":153,"peso":5},{"id":155,"peso":15},{"id":27,"peso":3},{"id":57,"peso":16},{"id":35,"peso":16},{"id":188,"peso":13},{"id":182,"peso":13},{"id":64,"peso":6},{"id":79,"peso":18},{"id":114,"peso":19},{"id":145,"peso":3},{"id":92,"peso":16},{"id":66,"peso":5},{"id":54,"peso":2},{"id":98,"peso":20},{"id":72,"peso":15},{"id":17,"peso":12},{"id":151,"peso":17},{"id":55,"peso":15},{"id":131,"peso":1},{"id":102,"peso":12},{"id":108,"peso":16},{"id":149,"peso":3},{"id":177,"peso":16},{"id":174,"peso":0},{"id":138,"peso":5},{"id":144,"peso":12},{"id":24,"peso":19},{"id":115,"peso":10},{"id":140,"peso":4},{"id":4,"peso":12},{"id":97,"peso":15},{"id":84,"peso":20},{"id":150,"peso":15},{"id":19,"peso":14},{"id":53,"peso":7}]}