{"docente":{"nome":"Laerte","departamento":"IQ","id":1200},"atividades":[{"id":37,"peso":13},{"id":158,"peso":16},{"id":100,"peso":6},{"id":70,"peso":15},{"id":86,"peso":9},{"id":46,"peso":6},{"id":191,"peso":9},{"id":98,"peso":18},{"id":194,"peso":17},{"id":150,"peso":10},{"id":44,"peso":7},{"id":192,"peso":2},{"id":91,"peso":18},{"id":12,"peso":20},{"id":47,"peso":0},{"id":190,"peso":1},{"id":145,"peso":1},{"id":59,"peso":15},{"id":90,"peso":15},{"id":3,"peso":9},{"id":193,"peso":17},{"id":118,"peso":2},{"id":101,"peso":13},{"id":138,"peso":11},{"id":60,"peso":15},{"id":74,"peso":9},{"id":144,"peso":11},{"id":113,"peso":5},{"id":57,"peso":1},{"id":68,"peso":15},{"id":11,"peso":9},{"id":195,"peso":18},{"id":142,"peso":2},{"id":51,"peso":3},{"id":50,"peso":8},{"id":55,"peso":0},{"id":157,"peso":1},{"id":185,"peso":3},{"id":128,"peso":8},{"id":119,"peso":5},{"id":89,"peso":5},{"id":24,"peso":19},{"id":40,"peso":12},{"id":10,"peso":10},{"id":151,"peso":10},{"id":112,"peso":16},{"id":120,"peso":5},{"id":133,"peso":13},{"id":93,"peso":6},{"id":22,"peso":10},{"id":4,"peso":10},{"id":163,"peso":15},{"id":79,"peso":20},{"id":171,"peso":12},{"id":54,"peso":10},{"id":30,"peso":12},{"id":130,"peso":2},{"id":181,"peso":6},{"id":114,"peso":20},{"id":73,"peso":10},{"id":196,"peso":1},{"id":168,"peso":18},{"id":164,"peso":19},{"id":116,"peso":20},{"id":162,"peso":2},{"id":19,"peso":3},{"id":102,"peso":0},{"id":13,"peso":19},{"id":84,"peso":5},{"id":41,"peso":19},{"id":111,"peso":16},{"id":2,"peso":0},{"id":77,"peso":10},{"id":45,"peso":3},{"id":179,"peso":13},{"id":129,"peso":1},{"id":69,"peso":10},{"id":65,"peso":1},{"id":9,"peso":14},{"id":32,"peso":11},{"id":63,"peso":8},{"id":188,"peso":15},{"id":27,"peso":11}]}