{"docente":{"nome":"Murilo","departamento":"IF","id":1387},"atividades":[{"id":65,"peso":1},{"id":101,"peso":6},{"id":159,"peso":10},{"id":138,"peso":3},{"id":182,"peso":14},{"id":137,"peso":17},{"id":173,"peso":4},{"id":132,"peso":3},{"id":1,"peso":9},{"id":134,"peso":10},{"id":177,"peso":2},{"id":149,"peso":4},{"id":140,"peso":18},{"id":161,"peso":0},{"id":9,"peso":5},{"id":76,"peso":6},{"id":57,"peso":14},{"id":148,"peso":20},{"id":144,"peso":10},{"id":79,"peso":19},{"id":121,"peso":2},{"id":69,"peso":5},{"id":88,"peso":13},{"id":156,"peso":5},{"id":198,"peso":0},{"id":32,"peso":2},{"id":172,"peso":6},{"id":191,"peso":2},{"id":85,"peso":6},{"id":169,"peso":8},{"id":180,"peso":7},{"id":68,"peso":12},{"id":35,"peso":10},{"id":55,"peso":16},{"id":14,"peso":11},{"id":153,"peso":13},{"id":136,"peso":19},{"id":63,"peso":12},{"id":20,"peso":3},{"id":187,"peso":2},{"id":109,"peso":9},{"id":122,"peso":18},{"id":164,"peso":15},{"id":67,"peso":20},{"id":12,"peso":14},{"id":167,"peso":4},{"id":61,"peso":7},{"id":100,"peso":0},{"id":89,"peso":6},{"id":91,"peso":15},{"id":8,"peso":1},{"id":98,"peso":10},{"id":82,"peso":6},{"id":183,"peso":2},{"id":43,"peso":5},{"id":90,"peso":15},{"id":64,"peso":18},{"id":39,"peso":2},{"id":53,"peso":20},{"id":34,"peso":8},{"id":174,"peso":6},{"id":142,"peso":1},{"id":188,"peso":3},{"id":50,"peso":11},{"id":59,"peso":13},{"id":179,"peso":10},{"id":15,"peso":20},{"id":84,"peso":20},{"id":93,"peso":18},{"id":13,"peso":14},{"id":41,"peso":12},{"id":99,"peso":12},{"id":119,"peso":3},{"id":96,"peso":11},{"id":129,"peso":13},{"id":47,"peso":18},{"id":28,"peso":16},{"id":74,"peso":18},{"id":171,"peso":4},{"id":103,"peso":10},{"id":5,"peso":2}]}