{"docente":{"nome":"Pedro","departamento":"IQ","id":1202},"atividades":[{"id":185,"peso":12},{"id":37,"peso":16},{"id":181,"peso":1},{"id":26,"peso":20},{"id":60,"peso":15},{"id":160,"peso":14},{"id":84,"peso":20},{"id":189,"peso":20},{"id":159,"peso":13},{"id":187,"peso":16},{"id":143,"peso":20},{"id":109,"peso":1},{"id":63,"peso":19},{"id":15,"peso":16},{"id":88,"peso":17},{"id":133,"peso":5},{"id":105,"peso":2},{"id":179,"peso":1},{"id":78,"peso":8},{"id":75,"peso":8},{"id":55,"peso":16},{"id":73,"peso":2},{"id":153,"peso":1},{"id":95,"peso":18},{"id":183,"peso":8},{"id":106,"peso":9},{"id":11,"peso":11},{"id":52,"peso":19},{"id":140,"peso":1},{"id":158,"peso":1},{"id":39,"peso":8},{"id":119,"peso":19},{"id":107,"peso":5},{"id":192,"peso":18},{"id":115,"peso":19},{"id":165,"peso":8},{"id":7,"peso":20},{"id":123,"peso":5},{"id":46,"peso":3},{"id":83,"peso":7},{"id":173,"peso":16},{"id":98,"peso":15},{"id":25,"peso":18},{"id":125,"peso":19},{"id":56,"peso":20},{"id":49,"peso":3},{"id":145,"peso":3},{"id":127,"peso":15},{"id":116,"peso":0},{"id":81,"peso":11},{"id":148,"peso":20},{"id":67,"peso":13},{"id":79,"peso":14},{"id":70,"peso":6},{"id":29,"peso":14},{"id":117,"peso":14},{"id":62,"peso":3},{"id":51,"peso":17},{"id":161,"peso":17},{"id":139,"peso":0},{"id":154,"peso":15},{"id":128,"peso":0},{"id":178,"peso":11},{"id":61,"peso":17},{"id":132,"peso":7},{"id":72,"peso":1},{"id":175,"peso":8},{"id":104,"peso":2},{"id":112,"peso":8},{"id":134,"peso":13},{"id":190,"peso":14},{"id":19,"peso":18},{"id":47,"peso":3},{"id":174,"peso":3},{"id":197,"peso":1},{"id":136,"peso":7},{"id":129,"peso":11},{"id":184,"peso":6},{"id":24,"peso":8},{"id":71,"peso":6},{"id":1,"peso":16}]}