{"docente":{"nome":"Iasmin","departamento":"FEF","id":1117},"atividades":[{"id":15,"peso":8},{"id":64,"peso":18},{"id":167,"peso":11},{"id":66,"peso":20},{"id":192,"peso":7},{"id":123,"peso":13},{"id":165,"peso":0},{"id":187,"peso":16},{"id":7,"peso":9},{"id":100,"peso":17},{"id":101,"peso":10},{"id":124,"peso":15},{"id":53,"peso":9},{"id":29,"peso":9},{"id":99,"peso":12},{"id":126,"peso":2},{"id":27,"peso":14},{"id":34,"peso":12},{"id":44,"peso":16},{"id":82,"peso":7},{"id":80,"peso":14},{"id":140,"peso":7},{"id":184,"peso":17},{"id":40,"peso":12},{"id":172,"peso":7},{"id":170,"peso":6},{"id":1,"peso":16},{"id":118,"peso":2},{"id":186,"peso":15},{"id":48,"peso":13},{"id":153,"peso":14},{"id":56,"peso":13},{"id":96,"peso":7},{"id":86,"peso":20},{"id":133,"peso":11},{"id":46,"peso":7},{"id":73,"peso":20},{"id":69,"peso":10},{"id":72,"peso":5},{"id":55,"peso":20},{"id":26,"peso":0},{"id":148,"peso":1},{"id":121,"peso":5},{"id":143,"peso":3},{"id":108,"peso":17},{"id":23,"peso":13},{"id":155,"peso":17},{"id":90,"peso":19},{"id":89,"peso":10},{"id":116,"peso":5},{"id":77,"peso":4},{"id":162,"peso":15},{"id":43,"peso":2},{"id":38,"peso":19},{"id":114,"peso":10},{"id":182,"peso":15},{"id":110,"peso":12},{"id":138,"peso":4},{"id":166,"peso":6},{"id":142,"peso":10},{"id":84,"peso":1},{"id":21,"peso":11},{"id":177,"peso":14},{"id":32,"peso":7},{"id":94,"peso":15},{"id":189,"peso":3},{"id":52,"peso":7},{"id":183,"peso":19},{"id":37,"peso":11},{"id":164,"peso":4},{"id":181,"peso":4},{"id":16,"peso":12},{"id":139,"peso":9},{"id":67,"peso":6},{"id":8,"peso":0},{"id":50,"peso":7},{"id":104,"peso":7},{"id":128,"peso":13},{"id":130,"peso":14},{"id":10,"peso":16},{"id":88,"peso":20},{"id":149,"peso":18}]}