{"docente":{"nome":"Fernanda","departamento":"INF","id":1052},"atividades":[{"id":184,"peso":5},{"id":46,"peso":3},{"id":105,"peso":14},{"id":80,"peso":4},{"id":85,"peso":16},{"id":47,"peso":20},{"id":62,"peso":15},{"id":140,"peso":2},{"id":127,"peso":18},{"id":178,"peso":20},{"id":153,"peso":12},{"id":107,"peso":12},{"id":129,"peso":1},{"id":168,"peso":13},{"id":186,"peso":19},{"id":108,"peso":16},{"id":138,"peso":1},{"id":58,"peso":5},{"id":99,"peso":17},{"id":196,"peso":5},{"id":141,"peso":0},{"id":150,"peso":20},{"id":36,"peso":9},{"id":64,"peso":18},{"id":40,"peso":12},{"id":26,"peso":5},{"id":171,"peso":14},{"id":154,"peso":13},{"id":45,"peso":10},{"id":131,"peso":10},{"id":67,"peso":1},{"id":52,"peso":2},{"id":9,"peso":4},{"id":162,"peso":19},{"id":113,"peso":4},{"id":21,"peso":10},{"id":130,"peso":8},{"id":103,"peso":7},{"id":93,"peso":3},{"id":182,"peso":4},{"id":1,"peso":4},{"id":102,"peso":1},{"id":23,"peso":15},{"id":165,"peso":0},{"id":5,"peso":17},{"id":81,"peso":4},{"id":106,"peso":3},{"id":29,"peso":11},{"id":122,"peso":16},{"id":145,"peso":10},{"id":91,"peso":3},{"id":24,"peso":14},{"id":180,"peso":13},{"id":3,"peso":18},{"id":78,"peso":0},{"id":28,"peso":7},{"id":72,"peso":2},{"id":193,"peso":14},{"id":55,"peso":11},{"id":188,"peso":19},{"id":68,"peso":10},{"id":53,"peso":8},{"id":35,"peso":2},{"id":198,"peso":17},{"id":25,"peso":11},{"id":42,"peso":11},{"id":18,"peso":15},{"id":37,"peso":10},{"id":119,"peso":17},{"id":160,"peso":10},{"id":185,"peso":1},{"id":144,"peso":16},{"id":194,"peso":8},{"id":128,"peso":8},{"id":2,"peso":12},{"id":149,"peso":17},{"id":125,"peso":9},{"id":179,"peso":5},{"id":22,"peso":12}]}