{"docente":{"nome":"Paulo","departamento":"IF","id":1384},"atividades":[{"id":155,"peso":2},{"id":75,"peso":0},{"id":178,"peso":9},{"id":48,"peso":0},{"id":193,"peso":2},{"id":196,"peso":19},{"id":72,"peso":1},{"id":187,"peso":8},{"id":67,"peso":9},{"id":134,"peso":19},{"id":27,"peso":9},{"id":180,"peso":7},{"id":120,"peso":7},{"id":18,"peso":17},{"id":41,"peso":5},{"id":15,"peso":18},{"id":42,"peso":5},{"id":54,"peso":0},{"id":186,"peso":13},{"id":173,"peso":8},{"id":166,"peso":12},{"id":74,"peso":11},{"id":107,"peso":11},{"id":53,"peso":14},{"id":122,"peso":1},{"id":43,"peso":17},{"id":49,"peso":18},{"id":65,"peso":17},{"id":106,"peso":4},{"id":83,"peso":2},{"id":24,"peso":15},{"id":105,"peso":8},{"id":56,"peso":0},{"id":2,"peso":19},{"id":47,"peso":12},{"id":159,"peso":18},{"id":131,"peso":13},{"id":116,"peso":17},{"id":93,"peso":2},{"id":50,"peso":0},{"id":57,"peso":4},{"id":147,"peso":14},{"id":71,"peso":16},{"id":177,"peso":14},{"id":167,"peso":3},{"id":130,"peso":11},{"id":37,"peso":12},{"id":9,"peso":9},{"id":39,"peso":19},{"id":149,"peso":5},{"id":17,"peso":2},{"id":164,"peso":18},{"id":22,"peso":19},{"id":161,"peso":3},{"id":194,"peso":14},{"id":8,"peso":13},{"id":91,"peso":20},{"id":145,"peso":5},{"id":32,"peso":15},{"id":176,"peso":2},{"id":14,"peso":17},{"id":103,"peso":2},{"id":144,"peso":18},{"id":11,"peso":3},{"id":26,"peso":15},{"id":79,"peso":17},{"id":86,"peso":18},{"id":127,"peso":19},{"id":119,"peso":7},{"id":101,"peso":0},{"id":40,"peso":1},{"id":38,"peso":0},{"id":121,"peso":14},{"id":1,"peso":3},{"id":191,"peso":3},{"id":112,"peso":11},{"id":162,"peso":13},{"id":21,"peso":14},{"id":35,"peso":0}]}