{"docente":{"nome":"Luiz","departamento":"ICB","id":1058},"atividades":[{"id":51,"peso":14},{"id":46,"peso":0},{"id":125,"peso":19},{"id":18,"peso":14},{"id":122,"peso":16},{"id":188,"peso":3},{"id":50,"peso":6},{"id":69,"peso":10},{"id":8,"peso":0},{"id":90,"peso":3},{"id":102,"peso":3},{"id":28,"peso":14},{"id":53,"peso":15},{"id":194,"peso":10},{"id":78,"peso":15},{"id":40,"peso":17},{"id":137,"peso":15},{"id":152,"peso":20},{"id":27,"peso":15},{"id":193,"peso":13},{"id":22,"peso":17},{"id":198,"peso":12},{"id":77,"peso":8},{"id":109,"peso":4},{"id":164,"peso":14},{"id":162,"peso":17},{"id":94,"peso":10},{"id":37,"peso":18},{"id":36,"peso":13},{"id":101,"peso":1},{"id":12,"peso":7},{"id":59,"peso":7},{"id":88,"peso":11},{"id":147,"peso":0},{"id":42,"peso":8},{"id":74,"peso":14},{"id":169,"peso":17},{"id":187,"peso":16},{"id":7,"peso":0},{"id":58,"peso":10},{"id":114,"peso":11},{"id":97,"peso":4},{"id":92,"peso":16},{"id":61,"peso":16},{"id":171,"peso":2},{"id":130,"peso":9},{"id":132,"peso":10},{"id":19,"peso":16},{"id":4,"peso":5},{"id":158,"peso":17},{"id":123,"peso":12},{"id":124,"peso":18},{"id":145,"peso":2},{"id":2,"peso":6},{"id":172,"peso":17},{"id":35,"peso":9},{"id":120,"peso":11},{"id":136,"peso":7},{"id":56,"peso":1},{"id":160,"peso":12},{"id":91,"peso":19},{"id":26,"peso":5},{"id":197,"peso":13},{"id":110,"peso":19},{"id":111,"peso":7},{"id":89,"peso":10},{"id":135,"peso":15},{"id":64,"peso":14},{"id":38,"peso":18},{"id":20,"peso":7},{"id":23,"peso":16},{"id":85,"peso":20},{"id":13,"peso":9},{"id":3,"peso":1},{"id":72,"peso":17},{"id":29,"peso":9},{"id":121,"peso":3},{"id":99,"peso":4},{"id":163,"peso":5},{"id":168,"peso":13}]}