{"docente":{"nome":"Fabio","departamento":"IQ","id":1023},"atividades":[{"id":101,"peso":11},{"id":64,"peso":20},{"id":75,"peso":13},{"id":87,"peso":12},{"id":97,"peso":7},{"id":24,"peso":8},{"id":116,"peso":5},{"id":98,"peso":20},{"id":186,"peso":10},{"id":193,"peso":6},{"id":3,"peso":18},{"id":37,"peso":11},{"id":11,"peso":3},{"id":173,"peso":19},{"id":19,"peso":9},{"id":90,"peso":5},{"id":105,"peso":19},{"id":45,"peso":3},{"id":56,"peso":4},{"id":84,"peso":19},{"id":132,"peso":19},{"id":52,"peso":6},{"id":31,"peso":13},{"id":103,"peso":4},{"id":161,"peso":10},{"id":20,"peso":0},{"id":57,"peso":8},{"id":79,"peso":8},{"id":150,"peso":14},{"id":120,"peso":13},{"id":149,"peso":18},{"id":32,"peso":7},{"id":118,"peso":13},{"id":160,"peso":8},{"id":151,"peso":16},{"id":167,"peso":11},{"id":111,"peso":5},{"id":62,"peso":0},{"id":162,"peso":14},{"id":133,"peso":4},{"id":166,"peso":3},{"id":55,"peso":14},{"id":191,"peso":1},{"id":189,"peso":10},{"id":125,"peso":18},{"id":44,"peso":8},{"id":114,"peso":20},{"id":152,"peso":19},{"id":5,"peso":12},{"id":143,"peso":13},{"id":113,"peso":8},{"id":67,"peso":5},{"id":104,"peso":3},{"id":141,"peso":3},{"id":181,"peso":15},{"id":183,"peso":1},{"id":138,"peso":7},{"id":128,"peso":9},{"id":169,"peso":8},{"id":18,"peso":17},{"id":27,"peso":6},{"id":14,"peso":1},{"id":40,"peso":12},{"id":126,"peso":6},{"id":63,"peso":3},{"id":38,"peso":6},{"id":148,"peso":11},{"id":170,"peso":17},{"id":92,"peso":8},{"id":46,"peso":18},{"id":131,"peso":2},{"id":30,"peso":18},{"id":74,"peso":13},{"id":7,"peso":8},{"id":112,"peso":10},{"id":50,"peso":6},{"id":16,"peso":6},{"id":49,"peso":1},{"id":144,"peso":15},{"id":137,"peso":6},{"id":115,"peso":11},{"id":39,"peso":11},{"id":77,"peso":13},{"id":164,"peso":3},{"id":100,"peso":7}]}