{"docente":{"nome":"Ana","departamento":"FEF","id":1350},"atividades":[{"id":80,"peso":17},{"id":173,"peso":8},{"id":94,"peso":7},{"id":24,"peso":7},{"id":35,"peso":15},{"id":141,"peso":16},{"id":126,"peso":5},{"id":88,"peso":15},{"id":60,"peso":12},{"id":150,"peso":2},{"id":106,"peso":9},{"id":74,"peso":6},{"id":190,"peso":2},{"id":72,"peso":1},{"id":125,"peso":11},{"id":49,"peso":17},{"id":191,"peso":5},{"id":140,"peso":17},{"id":110,"peso":0},{"id":130,"peso":20},{"id":144,"peso":15},{"id":145,"peso":4},{"id":123,"peso":1},{"id":59,"peso":8},{"id":138,"peso":5},{"id":11,"peso":7},{"id":81,"peso":10},{"id":70,"peso":8},{"id":152,"peso":8},{"id":111,"peso":4},{"id":178,"peso":5},{"id":132,"peso":20},{"id":154,"peso":0},{"id":13,"peso":3},{"id":83,"peso":8},{"id":128,"peso":17},{"id":29,"peso":11},{"id":33,"peso":12},{"id":160,"peso":20},{"id":8,"peso":9},{"id":76,"peso":17},{"id":43,"peso":8},{"id":68,"peso":8},{"id":167,"peso":1},{"id":14,"peso":3},{"id":148,"peso":17},{"id":40,"peso":1},{"id":2,"peso":11},{"id":129,"peso":8},{"id":120,"peso":14},{"id":20,"peso":19},{"id":177,"peso":20},{"id":84,"peso":16},{"id":85,"peso":13},{"id":23,"peso":14},{"id":50,"peso":2},{"id":6,"peso":1},{"id":45,"peso":1},{"id":151,"peso":4},{"id":181,"peso":10},{"id":133,"peso":13},{"id":115,"peso":7},{"id":162,"peso":14},{"id":69,"peso":15},{"id":156,"peso":3},{"id":9,"peso":16},{"id":90,"peso":19},{"id":168,"peso":6},{"id":97,"peso":14},{"id":36,"peso":1},{"id":12,"peso":7},{"id":135,"peso":15},{"id":56,"peso":20},{"id":188,"peso":9},{"id":38,"peso":15}]}