{"docente":{"nome":"Ana","departamento":"ICB","id":1166},"atividades":[{"id":2,"peso":17},{"id":17,"peso":6},{"id":53,"peso":10},{"id":191,"peso":14},{"id":154,"peso":18},{"id":123,"peso":1},{"id":173,"peso":17},{"id":61,"peso":20},{"id":124,"peso":16},{"id":10,"peso":2},{"id":15,"peso":0},{"id":176,"peso":18},{"id":41,"peso":4},{"id":188,"peso":19},{"id":150,"peso":13},{"id":43,"peso":1},{"id":145,"peso":6},{"id":72,"peso":7},{"id":77,"peso":6},{"id":3,"peso":3},{"id":121,"peso":20},{"id":54,"peso":13},{"id":151,"peso":20},{"id":45,"peso":9},{"id":88,"peso":20},{"id":163,"peso":6},{"id":139,"peso":4},{"id":62,"peso":6},{"id":128,"peso":17},{"id":183,"peso":16},{"id":158,"peso":14},{"id":44,"peso":7},{"id":78,"peso":14},{"id":35,"peso":17},{"id":194,"peso":1},{"id":115,"peso":9},{"id":180,"peso":3},{"id":131,"peso":18},{"id":138,"peso":13},{"id":11,"peso":6},{"id":103,"peso":16},{"id":58,"peso":14},{"id":147,"peso":15},{"id":161,"peso":4},{"id":140,"peso":7},{"id":18,"peso":19},{"id":55,"peso":7},{"id":67,"peso":13},{"id":63,"peso":3},{"id":46,"peso":9},{"id":104,"peso":12},{"id":113,"peso":16},{"id":197,"peso":13},{"id":47,"peso":0},{"id":169,"peso":15},{"id":178,"peso":14},{"id":196,"peso":19},{"id":198,"peso":4},{"id":83,"peso":2},{"id":49,"peso":0},{"id":86,"peso":16},{"id":39,"peso":8},{"id":73,"peso":15},{"id":93,"peso":4},{"id":36,"peso":20},{"id":7,"peso":11},{"id":129,"peso":18},{"id":22,"peso":18},{"id":182,"peso":9},{"id":37,"peso":8},{"id":79,"peso":8},{"id":57,"peso":18},{"id":168,"peso":2},{"id":132,"peso":10},{"id":120,"peso":3},{"id":6,"peso":12}]}