{"docente":{"nome":"Paulo","departamento":"IF","id":1165},"atividades":[{"id":108,"peso":12},{"id":2,"peso":10},{"id":187,"peso":8},{"id":114,"peso":10},{"id":27,"peso":3},{"id":62,"peso":12},{"id":175,"peso":4},{"id":97,"peso":8},{"id":12,"peso":8},{"id":23,"peso":4},{"id":90,"peso":16},{"id":40,"peso":16},{"id":51,"peso":12},{"id":124,"peso":2},{"id":60,"peso":3},{"id":37,"peso":3},{"id":181,"peso":14},{"id":26,"peso":19},{"id":183,"peso":3},{"id":121,"peso":5},{"id":35,"peso":3},{"id":109,"peso":0},{"id":15,"peso":16},{"id":113,"peso":8},{"id":19,"peso":8},{"id":123,"peso":19},{"id":6,"peso":11},{"id":189,"peso":3},{"id":52,"peso":3},{"id":115,"peso":3},{"id":156,"peso":3},{"id":30,"peso":2},{"id":107,"peso":20},{"id":147,"peso":0},{"id":47,"peso":18},{"id":119,"peso":10},{"id":159,"peso":13},{"id":168,"peso":20},{"id":76,"peso":2},{"id":28,"peso":12},{"id":149,"peso":4},{"id":92,"peso":11},{"id":179,"peso":6},{"id":111,"peso":8},{"id":54,"peso":12},{"id":157,"peso":7},{"id":9,"peso":20},{"id":173,"peso":4},{"id":151,"peso":6},{"id":118,"peso":7},{"id":161,"peso":1},{"id":80,"peso":17},{"id":61,"peso":20},{"id":128,"peso":10},{"id":31,"peso":4},{"id":49,"peso":12},{"id":48,"peso":7},{"id":112,"peso":15},{"id":120,"peso":1},{"id":102,"peso":12},{"id":116,"peso":7},{"id":13,"peso":8},{"id":11,"peso":6},{"id":96,"peso":14},{"id":89,"peso":17},{"id":32,"peso":10},{"id":162,"peso":8},{"id":75,"peso":17},{"id":154,"peso":16},{"id":3,"peso":6},{"id":185,"peso":16},{"id":63,"peso":17},{"id":59,"peso":12},{"id":33,"peso":5},{"id":117,"peso":2},{"id":140,"peso":5},{"id":91,"peso":10}]}