{"docente":{"nome":"Ana","departamento":"ICB","id":1014},"atividades":[{"id":41,"peso":14},{"id":181,"peso":5},{"id":155,"peso":5},{"id":192,"peso":12},{"id":78,"peso":8},{"id":121,"peso":5},{"id":170,"peso":14},{"id":197,"peso":7},{"id":51,"peso":7},{"id":92,"peso":19},{"id":64,"peso":7},{"id":149,"peso":20},{"id":96,"peso":20},{"id":126,"peso":1},{"id":77,"peso":0},{"id":193,"peso":14},{"id":53,"peso":16},{"id":69,"peso":6},{"id":26,"peso":3},{"id":137,"peso":1},{"id":14,"peso":15},{"id":120,"peso":7},{"id":124,"peso":17},{"id":25,"peso":3},{"id":32,"peso":12},{"id":80,"peso":12},{"id":115,"peso":9},{"id":175,"peso":19},{"id":106,"peso":4},{"id":73,"peso":4},{"id":160,"peso":2},{"id":18,"peso":16},{"id":10,"peso":0},{"id":168,"peso":20},{"id":33,"peso":19},{"id":161,"peso":10},{"id":9,"peso":13},{"id":2,"peso":4},{"id":66,"peso":18},{"id":148,"peso":3},{"id":184,"peso":17},{"id":42,"peso":3},{"id":88,"peso":11},{"id":72,"peso":13},{"id":5,"peso":17},{"id":85,"peso":17},{"id":118,"peso":9},{"id":158,"peso":13},{"id":79,"peso":15},{"id":39,"peso":7},{"id":186,"peso":12},{"id":82,"peso":11},{"id":166,"peso":10},{"id":29,"peso":20},{"id":167,"peso":13},{"id":198,"peso":16},{"id":196,"peso":19},{"id":189,"peso":12},{"id":7,"peso":6},{"id":49,"peso":6},{"id":180,"peso":5},{"id":1,"peso":20},{"id":87,"peso":12},{"id":163,"peso":5},{"id":113,"peso":8},{"id":76,"peso":6},{"id":111,"peso":15},{"id":62,"peso":15},{"id":11,"peso":19},{"id":36,"peso":17},{"id":31,"peso":20},{"id":56,"peso":6},{"id":94,"peso":14},{"id":75,"peso":8},{"id":52,"peso":9}]}