{"docente":{"nome":"Luiz","departamento":"FEF","id":1432},"atividades":[{"id":24,"peso":15},{"id":99,"peso":12},{"id":6,"peso":13},{"id":187,"peso":13},{"id":35,"peso":20},{"id":46,"peso":3},{"id":10,"peso":20},{"id":154,"peso":14},{"id":178,"peso":17},{"id":17,"peso":2},{"id":7,"peso":10},{"id":103,"peso":2},{"id":150,"peso":14},{"id":155,"peso":11},{"id":185,"peso":13},{"id":162,"peso":17},{"id":37,"peso":16},{"id":87,"peso":17},{"id":85,"peso":20},{"id":136,"peso":2},{"id":167,"peso":16},{"id":144,"peso":14},{"id":88,"peso":3},{"id":26,"peso":5},{"id":147,"peso":19},{"id":182,"peso":4},{"id":102,"peso":11},{"id":139,"peso":11},{"id":48,"peso":4},{"id":39,"peso":4},{"id":157,"peso":1},{"id":3,"peso":19},{"id":153,"peso":15},{"id":12,"peso":3},{"id":142,"peso":7},{"id":117,"peso":0},{"id":47,"peso":9},{"id":126,"peso":2},{"id":16,"peso":14},{"id":138,"peso":11},{"id":120,"peso":4},{"id":180,"peso":5},{"id":198,"peso":1},{"id":75,"peso":8},{"id":83,"peso":11},{"id":63,"peso":11},{"id":28,"peso":8},{"id":195,"peso":7},{"id":131,"peso":13},{"id":122,"peso":15},{"id":188,"peso":7},{"id":86,"peso":9},{"id":62,"peso":20},{"id":106,"peso":14},{"id":72,"peso":2},{"id":111,"peso":2},{"id":95,"peso":1},{"id":114,"peso":18},{"id":97,"peso":19},{"id":159,"peso":2},{"id":189,"peso":14},{"id":169,"peso":20},{"id":4,"peso":14},{"id":101,"peso":19},{"id":176,"peso":11},{"id":54,"peso":8},{"id":32,"peso":16},{"id":78,"peso":11},{"id":80,"peso":12},{"id":18,"peso":3},{"id":183,"peso":2},{"id":79,"peso":10},{"id":27,"peso":12},{"id":158,"peso":19},{"id":107,"peso":14},{"id":193,"peso":4},{"id":29,"peso":16},{"id":165,"peso":8},{"id":113,"peso":19}]}