{"docente":{"nome":"Joao","departamento":"IQ","id":108},"atividades":[{"id":76,"peso":1},{"id":30,"peso":4},{"id":134,"peso":9},{"id":36,"peso":13},{"id":69,"peso":13},{"id":70,"peso":17},{"id":133,"peso":12},{"id":128,"peso":20},{"id":119,"peso":8},{"id":154,"peso":6},{"id":175,"peso":13},{"id":5,"peso":20},{"id":81,"peso":20},{"id":109,"peso":1},{"id":142,"peso":5},{"id":152,"peso":3},{"id":110,"peso":11},{"id":158,"peso":7},{"id":25,"peso":16},{"id":26,"peso":20},{"id":155,"peso":8},{"id":56,"peso":3},{"id":111,"peso":15},{"id":57,"peso":15},{"id":180,"peso":0},{"id":84,"peso":2},{"id":162,"peso":7},{"id":166,"peso":13},{"id":117,"peso":6},{"id":60,"peso":0},{"id":48,"peso":19},{"id":153,"peso":3},{"id":170,"peso":2},{"id":187,"peso":5},{"id":161,"peso":14},{"id":102,"peso":19},{"id":177,"peso":8},{"id":146,"peso":5},{"id":182,"peso":18},{"id":49,"peso":17},{"id":23,"peso":9},{"id":24,"peso":12},{"id":120,"peso":7},{"id":131,"peso":10},{"id":64,"peso":10},{"id":197,"peso":13},{"id":15,"peso":13},{"id":34,"peso":7},{"id":7,"peso":13},{"id":91,"peso":19},{"id":52,"peso":11},{"id":127,"peso":19},{"id":67,"peso":3},{"id":40,"peso":20},{"id":159,"peso":15},{"id":78,"peso":9},{"id":86,"peso":2},{"id":72,"peso":4},{"id":92,"peso":11},{"id":136,"peso":8},{"id":112,"peso":13},{"id":55,"peso":8},{"id":54,"peso":3},{"id":125,"peso":16},{"id":32,"peso":4},{"id":160,"peso":9},{"id":115,"peso":2},{"id":9,"peso":7},{"id":8,"peso":2},{"id":21,"peso":3},{"id":95,"peso":2},{"id":42,"peso":19}]}