{"docente":{"nome":"Laerte","departamento":"IQ","id":1212},"atividades":[{"id":75,"peso":4},{"id":104,"peso":1},{"id":72,"peso":0},{"id":126,"peso":14},{"id":185,"peso":0},{"id":147,"peso":7},{"id":76,"peso":7},{"id":84,"peso":19},{"id":67,"peso":6},{"id":175,"peso":19},{"id":176,"peso":13},{"id":133,"peso":2},{"id":159,"peso":17},{"id":48,"peso":0},{"id":31,"peso":1},{"id":81,"peso":13},{"id":21,"peso":12},{"id":68,"peso":8},{"id":106,"peso":17},{"id":128,"peso":5},{"id":105,"peso":5},{"id":9,"peso":11},{"id":101,"peso":11},{"id":151,"peso":3},{"id":134,"peso":11},{"id":34,"peso":10},{"id":28,"peso":7},{"id":141,"peso":16},{"id":149,"peso":7},{"id":181,"peso":7},{"id":167,"peso":17},{"id":1,"peso":16},{"id":50,"peso":14},{"id":118,"peso":11},{"id":153,"peso":2},{"id":191,"peso":16},{"id":46,"peso":13},{"id":132,"peso":1},{"id":56,"peso":8},{"id":60,"peso":9},{"id":59,"peso":2},{"id":166,"peso":15},{"id":62,"peso":1},{"id":197,"peso":6},{"id":119,"peso":20},{"id":139,"peso":4},{"id":122,"peso":19},{"id":42,"peso":6},{"id":22,"peso":10},{"id":182,"peso":20},{"id":112,"peso":10},{"id":163,"peso":16},{"id":8,"peso":5},{"id":7,"peso":14},{"id":93,"peso":11},{"id":131,"peso":16},{"id":165,"peso":4},{"id":193,"peso":14},{"id":64,"peso":12},{"id":3,"peso":16},{"id":53,"peso":0},{"id":177,"peso":3},{"id":157,"peso":15},{"id":17,"peso":8},{"id":194,"peso":8},{"id":82,"peso":11},{"id":19,"peso":16},{"id":35,"peso":17},{"id":192,"peso":2},{"id":65,"peso":0},{"id":156,"peso":19},{"id":55,"peso":1},{"id":137,"peso":0},{"id":114,"peso":15},{"id":74,"peso":18},{"id":108,"peso":14},{"id":142,"peso":18}]}