{"docente":{"nome":"Luiz","departamento":"IQ","id":1444},"atividades":[{"id":147,"peso":6},{"id":60,"peso":14},{"id":40,"peso":13},{"id":63,"peso":4},{"id":189,"peso":17},{"id":152,"peso":7},{"id":158,"peso":1},{"id":174,"peso":16},{"id":124,"peso":20},{"id":145,"peso":17},{"id":80,"peso":15},{"id":6,"peso":19},{"id":172,"peso":17},{"id":95,"peso":2},{"id":115,"peso":14},{"id":13,"peso":15},{"id":151,"peso":13},{"id":53,"peso":4},{"id":157,"peso":12},{"id":135,"peso":12},{"id":47,"peso":11},{"id":161,"peso":20},{"id":109,"peso":0},{"id":83,"peso":7},{"id":143,"peso":1},{"id":191,"peso":6},{"id":139,"peso":4},{"id":141,"peso":4},{"id":46,"peso":3},{"id":163,"peso":0},{"id":119,"peso":8},{"id":159,"peso":2},{"id":15,"peso":5},{"id":113,"peso":12},{"id":112,"peso":19},{"id":58,"peso":7},{"id":62,"peso":0},{"id":177,"peso":9},{"id":144,"peso":7},{"id":105,"peso":7},{"id":57,"peso":15},{"id":131,"peso":19},{"id":181,"peso":1},{"id":154,"peso":6},{"id":77,"peso":19},{"id":148,"peso":7},{"id":72,"peso":10},{"id":178,"peso":10},{"id":1,"peso":3},{"id":55,"peso":8},{"id":94,"peso":0},{"id":194,"peso":12},{"id":129,"peso":6},{"id":167,"peso":0},{"id":137,"peso":15},{"id":10,"peso":18},{"id":126,"peso":4},{"id":44,"peso":19},{"id":142,"peso":9},{"id":116,"peso":5},{"id":92,"peso":6},{"id":117,"peso":0},{"id":98,"peso":10},{"id":70,"peso":8},{"id":74,"peso":17},{"id":22,"peso":7},{"id":104,"peso":10},{"id":111,"peso":16},{"id":37,"peso":14},{"id":166,"peso":12},{"id":160,"peso":12},{"id":78,"peso":14},{"id":153,"peso":20},{"id":168,"peso":16},{"id":39,"peso":17},{"id":2,"peso":1},{"id":54,"peso":1},{"id":64,"peso":17},{"id":9,"peso":14},{"id":91,"peso":16}]}