{"docente":{"nome":"Auri","departamento":"FIC","id":1303},"atividades":[{"id":90,"peso":17},{"id":170,"peso":15},{"id":151,"peso":12},{"id":75,"peso":1},{"id":67,"peso":16},{"id":85,"peso":10},{"id":34,"peso":1},{"id":139,"peso":13},{"id":73,"peso":3},{"id":197,"peso":19},{"id":162,"peso":20},{"id":97,"peso":5},{"id":163,"peso":7},{"id":22,"peso":16},{"id":102,"peso":18},{"id":31,"peso":4},{"id":24,"peso":1},{"id":88,"peso":10},{"id":125,"peso":9},{"id":173,"peso":14},{"id":3,"peso":13},{"id":137,"peso":15},{"id":33,"peso":12},{"id":62,"peso":15},{"id":157,"peso":15},{"id":18,"peso":4},{"id":158,"peso":15},{"id":116,"peso":2},{"id":155,"peso":7},{"id":175,"peso":2},{"id":110,"peso":5},{"id":117,"peso":1},{"id":166,"peso":12},{"id":83,"peso":18},{"id":186,"peso":9},{"id":134,"peso":8},{"id":174,"peso":10},{"id":42,"peso":17},{"id":152,"peso":7},{"id":143,"peso":14},{"id":180,"peso":8},{"id":25,"peso":13},{"id":68,"peso":16},{"id":188,"peso":20},{"id":30,"peso":10},{"id":124,"peso":14},{"id":156,"peso":4},{"id":122,"peso":14},{"id":86,"peso":12},{"id":146,"peso":16},{"id":53,"peso":15},{"id":115,"peso":1},{"id":114,"peso":0},{"id":181,"peso":12},{"id":52,"peso":18},{"id":29,"peso":6},{"id":50,"peso":13},{"id":72,"peso":20},{"id":160,"peso":2},{"id":148,"peso":14},{"id":147,"peso":18},{"id":142,"peso":19},{"id":182,"peso":13},{"id":43,"peso":20},{"id":14,"peso":8},{"id":131,"peso":6},{"id":66,"peso":13},{"id":108,"peso":11},{"id":63,"peso":2},{"id":15,"peso":15},{"id":56,"peso":7},{"id":138,"peso":16},{"id":107,"peso":15},{"id":132,"peso":16},{"id":4,"peso":7},{"id":2,"peso":14},{"id":12,"peso":16}]}