{"docente":{"nome":"Auri","departamento":"INF","id":1310},"atividades":[{"id":198,"peso":0},{"id":6,"peso":15},{"id":80,"peso":1},{"id":27,"peso":17},{"id":99,"peso":18},{"id":42,"peso":14},{"id":138,"peso":20},{"id":108,"peso":18},{"id":45,"peso":1},{"id":82,"peso":19},{"id":70,"peso":4},{"id":105,"peso":9},{"id":173,"peso":15},{"id":146,"peso":11},{"id":151,"peso":8},{"id":113,"peso":10},{"id":111,"peso":6},{"id":35,"peso":18},{"id":124,"peso":15},{"id":37,"peso":9},{"id":109,"peso":9},{"id":121,"peso":1},{"id":56,"peso":18},{"id":18,"peso":18},{"id":28,"peso":0},{"id":87,"peso":20},{"id":24,"peso":8},{"id":156,"peso":4},{"id":61,"peso":3},{"id":29,"peso":15},{"id":44,"peso":4},{"id":161,"peso":19},{"id":60,"peso":10},{"id":179,"peso":0},{"id":34,"peso":10},{"id":8,"peso":18},{"id":75,"peso":11},{"id":120,"peso":9},{"id":165,"peso":17},{"id":175,"peso":7},{"id":136,"peso":16},{"id":14,"peso":4},{"id":98,"peso":20},{"id":152,"peso":10},{"id":9,"peso":7},{"id":110,"peso":4},{"id":180,"peso":10},{"id":176,"peso":10},{"id":31,"peso":17},{"id":168,"peso":12},{"id":154,"peso":0},{"id":36,"peso":5},{"id":195,"peso":17},{"id":137,"peso":13},{"id":145,"peso":14},{"id":128,"peso":1},{"id":49,"peso":16},{"id":140,"peso":18},{"id":63,"peso":18},{"id":101,"peso":19},{"id":30,"peso":14},{"id":167,"peso":14},{"id":64,"peso":18},{"id":148,"peso":8},{"id":122,"peso":12},{"id":88,"peso":11},{"id":192,"peso":5},{"id":185,"peso":0},{"id":116,"peso":5},{"id":50,"peso":14},{"id":127,"peso":19},{"id":79,"peso":9}]}