{"docente":{"nome":"Fabio","departamento":"ICB","id":1442},"atividades":[{"id":80,"peso":0},{"id":84,"peso":16},{"id":128,"peso":19},{"id":148,"peso":19},{"id":192,"peso":4},{"id":191,"peso":19},{"id":91,"peso":20},{"id":141,"peso":3},{"id":135,"peso":4},{"id":5,"peso":10},{"id":67,"peso":11},{"id":93,"peso":3},{"id":175,"peso":8},{"id":197,"peso":10},{"id":170,"peso":13},{"id":157,"peso":19},{"id":112,"peso":5},{"id":110,"peso":2},{"id":9,"peso":10},{"id":26,"peso":3},{"id":160,"peso":18},{"id":129,"peso":9},{"id":114,"peso":19},{"id":106,"peso":2},{"id":49,"peso":11},{"id":56,"peso":18},{"id":104,"peso":13},{"id":182,"peso":18},{"id":139,"peso":1},{"id":76,"peso":9},{"id":37,"peso":13},{"id":50,"peso":12},{"id":64,"peso":5},{"id":165,"peso":8},{"id":142,"peso":0},{"id":111,"peso":3},{"id":118,"peso":11},{"id":127,"peso":1},{"id":151,"peso":12},{"id":18,"peso":17},{"id":130,"peso":17},{"id":115,"peso":16},{"id":198,"peso":13},{"id":10,"peso":16},{"id":15,"peso":19},{"id":4,"peso":17},{"id":136,"peso":2},{"id":6,"peso":19},{"id":119,"peso":17},{"id":71,"peso":13},{"id":179,"peso":19},{"id":105,"peso":7},{"id":186,"peso":5},{"id":36,"peso":4},{"id":79,"peso":16},{"id":1,"peso":19},{"id":171,"peso":11},{"id":147,"peso":14},{"id":62,"peso":5},{"id":173,"peso":20},{"id":22,"peso":6},{"id":27,"peso":9},{"id":69,"peso":4},{"id":116,"peso":11},{"id":169,"peso":16},{"id":53,"peso":11},{"id":20,"peso":18},{"id":103,"peso":9},{"id":95,"peso":13},{"id":158,"peso":15},{"id":89,"peso":19},{"id":88,"peso":15},{"id":30,"peso":9},{"id":25,"peso":0},{"id":3,"peso":19},{"id":188,"peso":4},{"id":31,"peso":2},{"id":2,"peso":0}]}