{"docente":{"nome":"Karla","departamento":"FIC","id":1011},"atividades":[{"id":168,"peso":20},{"id":144,"peso":16},{"id":196,"peso":14},{"id":188,"peso":13},{"id":46,"peso":6},{"id":141,"peso":1},{"id":178,"peso":12},{"id":180,"peso":8},{"id":95,"peso":10},{"id":3,"peso":13},{"id":117,"peso":0},{"id":93,"peso":13},{"id":132,"peso":11},{"id":131,"peso":7},{"id":2,"peso":15},{"id":114,"peso":5},{"id":10,"peso":20},{"id":60,"peso":14},{"id":11,"peso":15},{"id":33,"peso":8},{"id":184,"peso":20},{"id":38,"peso":8},{"id":104,"peso":20},{"id":94,"peso":0},{"id":82,"peso":6},{"id":172,"peso":19},{"id":99,"peso":0},{"id":120,"peso":2},{"id":21,"peso":1},{"id":13,"peso":9},{"id":52,"peso":19},{"id":153,"peso":1},{"id":70,"peso":1},{"id":43,"peso":18},{"id":19,"peso":1},{"id":25,"peso":19},{"id":102,"peso":18},{"id":176,"peso":9},{"id":81,"peso":10},{"id":177,"peso":1},{"id":151,"peso":0},{"id":78,"peso":16},{"id":37,"peso":2},{"id":198,"peso":8},{"id":90,"peso":0},{"id":14,"peso":2},{"id":148,"peso":1},{"id":5,"peso":16},{"id":72,"peso":3},{"id":15,"peso":14},{"id":108,"peso":19},{"id":111,"peso":0},{"id":65,"peso":16},{"id":126,"peso":4},{"id":6,"peso":14},{"id":69,"peso":2},{"id":186,"peso":7},{"id":97,"peso":17},{"id":163,"peso":16},{"id":125,"peso":8},{"id":29,"peso":9},{"id":147,"peso":13},{"id":96,"peso":4},{"id":27,"peso":5},{"id":63,"peso":3},{"id":26,"peso":5},{"id":8,"peso":16},{"id":182,"peso":11},{"id":36,"peso":2},{"id":136,"peso":3},{"id":113,"peso":14},{"id":155,"peso":12},{"id":101,"peso":10},{"id":146,"peso":1}]}