{"docente":{"nome":"Berenice","departamento":"IF","id":1093},"atividades":[{"id":142,"peso":12},{"id":27,"peso":15},{"id":51,"peso":9},{"id":7,"peso":20},{"id":31,"peso":11},{"id":72,"peso":7},{"id":99,"peso":15},{"id":25,"peso":14},{"id":1,"peso":14},{"id":174,"peso":18},{"id":10,"peso":9},{"id":170,"peso":18},{"id":196,"peso":15},{"id":193,"peso":5},{"id":40,"peso":19},{"id":38,"peso":3},{"id":82,"peso":15},{"id":156,"peso":8},{"id":76,"peso":19},{"id":88,"peso":9},{"id":5,"peso":3},{"id":137,"peso":11},{"id":17,"peso":12},{"id":192,"peso":14},{"id":36,"peso":6},{"id":32,"peso":10},{"id":119,"peso":11},{"id":117,"peso":6},{"id":96,"peso":10},{"id":104,"peso":12},{"id":132,"peso":9},{"id":65,"peso":16},{"id":33,"peso":17},{"id":67,"peso":17},{"id":146,"peso":19},{"id":131,"peso":19},{"id":53,"peso":14},{"id":49,"peso":17},{"id":43,"peso":1},{"id":50,"peso":7},{"id":3,"peso":17},{"id":91,"peso":9},{"id":184,"peso":2},{"id":188,"peso":10},{"id":150,"peso":2},{"id":128,"peso":16},{"id":15,"peso":18},{"id":153,"peso":2},{"id":155,"peso":12},{"id":189,"peso":15},{"id":116,"peso":13},{"id":12,"peso":4},{"id":90,"peso":6},{"id":73,"peso":1},{"id":23,"peso":15},{"id":123,"peso":1},{"id":30,"peso":9},{"id":9,"peso":18},{"id":154,"peso":9},{"id":169,"peso":10},{"id":95,"peso":14},{"id":183,"peso":18},{"id":186,"peso":14},{"id":120,"peso":1},{"id":140,"peso":16},{"id":41,"peso":6},{"id":162,"peso":12},{"id":124,"peso":5},{"id":110,"peso":6},{"id":75,"peso":5},{"id":92,"peso":5},{"id":71,"peso":17},{"id":165,"peso":9},{"id":163,"peso":15},{"id":180,"peso":14},{"id":14,"peso":2},{"id":8,"peso":17}]}