{"docente":{"nome":"Fabio","departamento":"INF","id":1427},"atividades":[{"id":174,"peso":18},{"id":122,"peso":13},{"id":40,"peso":15},{"id":146,"peso":6},{"id":38,"peso":7},{"id":103,"peso":12},{"id":110,"peso":7},{"id":193,"peso":4},{"id":134,"peso":14},{"id":25,"peso":5},{"id":121,"peso":17},{"id":136,"peso":8},{"id":70,"peso":16},{"id":19,"peso":9},{"id":65,"peso":9},{"id":75,"peso":5},{"id":125,"peso":5},{"id":39,"peso":9},{"id":129,"peso":4},{"id":111,"peso":6},{"id":185,"peso":16},{"id":172,"peso":7},{"id":9,"peso":19},{"id":31,"peso":6},{"id":100,"peso":11},{"id":89,"peso":13},{"id":101,"peso":2},{"id":67,"peso":9},{"id":196,"peso":11},{"id":20,"peso":3},{"id":48,"peso":7},{"id":118,"peso":6},{"id":63,"peso":11},{"id":176,"peso":15},{"id":127,"peso":7},{"id":170,"peso":6},{"id":61,"peso":5},{"id":131,"peso":3},{"id":83,"peso":16},{"id":30,"peso":13},{"id":109,"peso":8},{"id":12,"peso":16},{"id":163,"peso":3},{"id":178,"peso":7},{"id":82,"peso":2},{"id":68,"peso":15},{"id":18,"peso":8},{"id":64,"peso":13},{"id":156,"peso":4},{"id":105,"peso":10},{"id":95,"peso":7},{"id":165,"peso":5},{"id":80,"peso":16},{"id":54,"peso":9},{"id":33,"peso":1},{"id":37,"peso":13},{"id":139,"peso":5},{"id":1,"peso":0},{"id":144,"peso":2},{"id":190,"peso":1},{"id":23,"peso":20},{"id":93,"peso":16},{"id":69,"peso":15},{"id":188,"peso":7},{"id":183,"peso":4},{"id":26,"peso":7},{"id":171,"peso":17},{"id":17,"peso":8},{"id":198,"peso":6},{"id":152,"peso":2},{"id":36,"peso":2},{"id":2,"peso":11},{"id":11,"peso":0},{"id":143,"peso":8}]}