{"docente":{"nome":"Joao","departamento":"ICB","id":1241},"atividades":[{"id":133,"peso":3},{"id":39,"peso":15},{"id":66,"peso":18},{"id":102,"peso":0},{"id":82,"peso":3},{"id":186,"peso":0},{"id":79,"peso":3},{"id":86,"peso":11},{"id":180,"peso":11},{"id":16,"peso":16},{"id":175,"peso":18},{"id":124,"peso":6},{"id":138,"peso":18},{"id":123,"peso":6},{"id":113,"peso":7},{"id":10,"peso":9},{"id":187,"peso":9},{"id":168,"peso":9},{"id":75,"peso":10},{"id":115,"peso":14},{"id":12,"peso":0},{"id":161,"peso":0},{"id":179,"peso":5},{"id":97,"peso":9},{"id":2,"peso":8},{"id":128,"peso":10},{"id":140,"peso":1},{"id":174,"peso":14},{"id":13,"peso":12},{"id":74,"peso":13},{"id":44,"peso":19},{"id":157,"peso":19},{"id":194,"peso":7},{"id":190,"peso":8},{"id":117,"peso":14},{"id":153,"peso":17},{"id":155,"peso":17},{"id":156,"peso":11},{"id":37,"peso":15},{"id":65,"peso":13},{"id":135,"peso":3},{"id":149,"peso":19},{"id":34,"peso":3},{"id":170,"peso":5},{"id":24,"peso":4},{"id":165,"peso":17},{"id":52,"peso":1},{"id":94,"peso":14},{"id":93,"peso":18},{"id":83,"peso":8},{"id":196,"peso":10},{"id":122,"peso":5},{"id":63,"peso":6},{"id":164,"peso":3},{"id":18,"peso":6},{"id":130,"peso":0},{"id":108,"peso":2},{"id":116,"peso":20},{"id":6,"peso":7},{"id":30,"peso":15},{"id":197,"peso":18},{"id":127,"peso":14},{"id":59,"peso":9},{"id":173,"peso":17},{"id":21,"peso":1},{"id":121,"peso":6},{"id":17,"peso":1},{"id":100,"peso":7},{"id":5,"peso":3},{"id":136,"peso":12},{"id":72,"peso":9},{"id":69,"peso":0},{"id":67,"peso":20},{"id":111,"peso":3},{"id":89,"peso":14},{"id":166,"peso":3},{"id":28,"peso":17},{"id":172,"peso":9},{"id":45,"peso":14},{"id":125,"peso":5},{"id":154,"peso":0},{"id":92,"peso":5},{"id":118,"peso":7},{"id":36,"peso":17}]}