{"docente":{"nome":"Murilo","departamento":"FIC","id":1126},"atividades":[{"id":30,"peso":18},{"id":50,"peso":5},{"id":92,"peso":6},{"id":24,"peso":18},{"id":80,"peso":18},{"id":134,"peso":9},{"id":151,"peso":17},{"id":28,"peso":4},{"id":197,"peso":12},{"id":40,"peso":7},{"id":58,"peso":6},{"id":179,"peso":8},{"id":39,"peso":20},{"id":10,"peso":19},{"id":150,"peso":18},{"id":101,"peso":1},{"id":133,"peso":13},{"id":47,"peso":10},{"id":158,"peso":8},{"id":23,"peso":7},{"id":174,"peso":9},{"id":12,"peso":17},{"id":99,"peso":11},{"id":196,"peso":13},{"id":35,"peso":14},{"id":81,"peso":14},{"id":160,"peso":17},{"id":78,"peso":7},{"id":183,"peso":19},{"id":18,"peso":7},{"id":195,"peso":9},{"id":120,"peso":19},{"id":194,"peso":4},{"id":51,"peso":9},{"id":93,"peso":8},{"id":138,"peso":5},{"id":88,"peso":0},{"id":22,"peso":16},{"id":48,"peso":0},{"id":53,"peso":3},{"id":152,"peso":1},{"id":5,"peso":5},{"id":21,"peso":4},{"id":82,"peso":4},{"id":105,"peso":10},{"id":144,"peso":6},{"id":166,"peso":7},{"id":143,"peso":19},{"id":131,"peso":4},{"id":125,"peso":20},{"id":41,"peso":1},{"id":26,"peso":6},{"id":42,"peso":14},{"id":111,"peso":17},{"id":176,"peso":15},{"id":16,"peso":18},{"id":7,"peso":5},{"id":87,"peso":0},{"id":56,"peso":8},{"id":20,"peso":6},{"id":154,"peso":9},{"id":175,"peso":17},{"id":102,"peso":19},{"id":108,"peso":3},{"id":14,"peso":16},{"id":77,"peso":16},{"id":140,"peso":19},{"id":89,"peso":3},{"id":27,"peso":16},{"id":137,"peso":14},{"id":73,"peso":9},{"id":69,"peso":14},{"id":68,"peso":12},{"id":181,"peso":11},{"id":169,"peso":19},{"id":157,"peso":1},{"id":146,"peso":5},{"id":190,"peso":1},{"id":149,"peso":3}]}