{"docente":{"nome":"Luiz","departamento":"ICB","id":1150},"atividades":[{"id":35,"peso":7},{"id":195,"peso":19},{"id":82,"peso":2},{"id":77,"peso":16},{"id":141,"peso":6},{"id":33,"peso":16},{"id":126,"peso":16},{"id":137,"peso":7},{"id":53,"peso":1},{"id":144,"peso":11},{"id":79,"peso":12},{"id":187,"peso":19},{"id":51,"peso":6},{"id":65,"peso":5},{"id":189,"peso":5},{"id":40,"peso":2},{"id":130,"peso":15},{"id":177,"peso":8},{"id":119,"peso":11},{"id":52,"peso":12},{"id":114,"peso":15},{"id":2,"peso":9},{"id":15,"peso":18},{"id":104,"peso":13},{"id":154,"peso":11},{"id":181,"peso":18},{"id":111,"peso":10},{"id":10,"peso":7},{"id":47,"peso":12},{"id":131,"peso":5},{"id":21,"peso":15},{"id":133,"peso":17},{"id":198,"peso":2},{"id":163,"peso":7},{"id":20,"peso":14},{"id":101,"peso":15},{"id":76,"peso":0},{"id":100,"peso":11},{"id":184,"peso":20},{"id":136,"peso":11},{"id":113,"peso":19},{"id":48,"peso":2},{"id":62,"peso":14},{"id":31,"peso":1},{"id":197,"peso":8},{"id":12,"peso":14},{"id":153,"peso":6},{"id":112,"peso":4},{"id":1,"peso":7},{"id":74,"peso":18},{"id":43,"peso":2},{"id":14,"peso":10},{"id":125,"peso":6},{"id":122,"peso":14},{"id":167,"peso":17},{"id":73,"peso":16},{"id":160,"peso":0},{"id":132,"peso":7},{"id":26,"peso":1},{"id":172,"peso":10},{"id":41,"peso":15},{"id":64,"peso":7},{"id":54,"peso":8},{"id":61,"peso":14},{"id":7,"peso":17},{"id":179,"peso":12},{"id":155,"peso":20},{"id":93,"peso":18},{"id":183,"peso":6},{"id":66,"peso":16},{"id":30,"peso":13},{"id":25,"peso":5},{"id":84,"peso":7},{"id":36,"peso":14},{"id":32,"peso":18},{"id":81,"peso":11},{"id":89,"peso":12},{"id":191,"peso":10},{"id":102,"peso":7},{"id":56,"peso":5}]}