{"docente":{"nome":"Adriana","departamento":"FEF","id":1365},"atividades":[{"id":154,"peso":16},{"id":160,"peso":16},{"id":127,"peso":3},{"id":82,"peso":16},{"id":30,"peso":13},{"id":176,"peso":15},{"id":147,"peso":0},{"id":122,"peso":4},{"id":54,"peso":1},{"id":29,"peso":11},{"id":67,"peso":19},{"id":68,"peso":5},{"id":64,"peso":2},{"id":190,"peso":0},{"id":197,"peso":6},{"id":155,"peso":19},{"id":84,"peso":16},{"id":136,"peso":6},{"id":109,"peso":10},{"id":177,"peso":0},{"id":32,"peso":14},{"id":105,"peso":9},{"id":152,"peso":7},{"id":78,"peso":13},{"id":133,"peso":11},{"id":76,"peso":15},{"id":53,"peso":5},{"id":37,"peso":17},{"id":23,"peso":9},{"id":6,"peso":13},{"id":148,"peso":8},{"id":120,"peso":2},{"id":145,"peso":19},{"id":134,"peso":10},{"id":132,"peso":4},{"id":170,"peso":11},{"id":3,"peso":13},{"id":35,"peso":3},{"id":24,"peso":1},{"id":113,"peso":8},{"id":123,"peso":1},{"id":96,"peso":12},{"id":39,"peso":11},{"id":56,"peso":17},{"id":107,"peso":20},{"id":99,"peso":10},{"id":86,"peso":8},{"id":100,"peso":12},{"id":16,"peso":8},{"id":81,"peso":10},{"id":194,"peso":4},{"id":97,"peso":20},{"id":73,"peso":0},{"id":150,"peso":13},{"id":156,"peso":1},{"id":126,"peso":9},{"id":63,"peso":16},{"id":74,"peso":11},{"id":115,"peso":1},{"id":14,"peso":19},{"id":189,"peso":7},{"id":25,"peso":9},{"id":41,"peso":11},{"id":101,"peso":6},{"id":111,"peso":7},{"id":186,"peso":11},{"id":164,"peso":12},{"id":178,"peso":20},{"id":70,"peso":6},{"id":62,"peso":5},{"id":169,"peso":15},{"id":172,"peso":16},{"id":33,"peso":7},{"id":118,"peso":5},{"id":13,"peso":6},{"id":175,"peso":10},{"id":46,"peso":17},{"id":55,"peso":5},{"id":151,"peso":15}]}