{"docente":{"nome":"Murilo","departamento":"IF","id":1129},"atividades":[{"id":103,"peso":4},{"id":162,"peso":19},{"id":63,"peso":9},{"id":198,"peso":7},{"id":57,"peso":16},{"id":108,"peso":7},{"id":173,"peso":1},{"id":2,"peso":13},{"id":94,"peso":10},{"id":29,"peso":6},{"id":28,"peso":14},{"id":27,"peso":8},{"id":172,"peso":5},{"id":80,"peso":20},{"id":35,"peso":19},{"id":72,"peso":12},{"id":98,"peso":1},{"id":43,"peso":15},{"id":150,"peso":13},{"id":15,"peso":16},{"id":164,"peso":18},{"id":85,"peso":11},{"id":60,"peso":12},{"id":71,"peso":8},{"id":9,"peso":10},{"id":104,"peso":6},{"id":176,"peso":10},{"id":146,"peso":1},{"id":99,"peso":14},{"id":81,"peso":8},{"id":4,"peso":1},{"id":73,"peso":5},{"id":120,"peso":4},{"id":48,"peso":17},{"id":25,"peso":9},{"id":74,"peso":6},{"id":23,"peso":4},{"id":78,"peso":2},{"id":3,"peso":3},{"id":192,"peso":0},{"id":68,"peso":8},{"id":36,"peso":16},{"id":177,"peso":18},{"id":20,"peso":6},{"id":158,"peso":10},{"id":70,"peso":16},{"id":59,"peso":19},{"id":47,"peso":20},{"id":187,"peso":10},{"id":65,"peso":9},{"id":188,"peso":10},{"id":33,"peso":7},{"id":144,"peso":2},{"id":193,"peso":6},{"id":107,"peso":3},{"id":114,"peso":8},{"id":55,"peso":8},{"id":123,"peso":4},{"id":168,"peso":6},{"id":49,"peso":16},{"id":132,"peso":5},{"id":191,"peso":5},{"id":82,"peso":13},{"id":95,"peso":1},{"id":117,"peso":5},{"id":139,"peso":1},{"id":170,"peso":17},{"id":175,"peso":5},{"id":163,"peso":13},{"id":189,"peso":7},{"id":115,"peso":16},{"id":141,"peso":10},{"id":17,"peso":13},{"id":46,"peso":13},{"id":197,"peso":10},{"id":151,"peso":4},{"id":121,"peso":9},{"id":171,"peso":16},{"id":84,"peso":2},{"id":69,"peso":13}]}