{"docente":{"nome":"Karla","departamento":"INF","id":1156},"atividades":[{"id":30,"peso":0},{"id":57,"peso":2},{"id":184,"peso":16},{"id":89,"peso":10},{"id":114,"peso":16},{"id":31,"peso":20},{"id":153,"peso":7},{"id":94,"peso":14},{"id":49,"peso":0},{"id":42,"peso":2},{"id":106,"peso":8},{"id":26,"peso":5},{"id":56,"peso":12},{"id":91,"peso":20},{"id":169,"peso":10},{"id":60,"peso":12},{"id":198,"peso":20},{"id":154,"peso":1},{"id":78,"peso":7},{"id":176,"peso":17},{"id":43,"peso":16},{"id":113,"peso":3},{"id":44,"peso":17},{"id":197,"peso":15},{"id":166,"peso":20},{"id":142,"peso":12},{"id":182,"peso":6},{"id":125,"peso":4},{"id":164,"peso":6},{"id":37,"peso":0},{"id":41,"peso":0},{"id":36,"peso":6},{"id":108,"peso":6},{"id":156,"peso":7},{"id":170,"peso":9},{"id":161,"peso":0},{"id":102,"peso":15},{"id":192,"peso":12},{"id":143,"peso":5},{"id":189,"peso":9},{"id":158,"peso":20},{"id":132,"peso":20},{"id":19,"peso":20},{"id":10,"peso":2},{"id":23,"peso":12},{"id":84,"peso":13},{"id":86,"peso":2},{"id":70,"peso":18},{"id":25,"peso":16},{"id":115,"peso":7},{"id":179,"peso":9},{"id":117,"peso":5},{"id":183,"peso":17},{"id":20,"peso":9},{"id":133,"peso":3},{"id":127,"peso":13},{"id":152,"peso":11},{"id":100,"peso":19},{"id":137,"peso":9},{"id":81,"peso":9},{"id":178,"peso":11},{"id":186,"peso":7},{"id":3,"peso":11},{"id":66,"peso":17},{"id":188,"peso":14},{"id":165,"peso":14},{"id":167,"peso":20},{"id":53,"peso":13},{"id":29,"peso":1},{"id":109,"peso":15},{"id":18,"peso":20},{"id":163,"peso":11},{"id":131,"peso":18},{"id":123,"peso":3},{"id":144,"peso":20},{"id":12,"peso":0},{"id":5,"peso":19},{"id":138,"peso":6},{"id":80,"peso":14},{"id":159,"peso":15},{"id":141,"peso":1},{"id":51,"peso":10},{"id":87,"peso":18}]}