{"docente":{"nome":"Karla","departamento":"IF","id":1389},"atividades":[{"id":45,"peso":12},{"id":50,"peso":3},{"id":95,"peso":14},{"id":26,"peso":0},{"id":180,"peso":15},{"id":189,"peso":9},{"id":69,"peso":1},{"id":32,"peso":6},{"id":51,"peso":15},{"id":105,"peso":5},{"id":162,"peso":5},{"id":171,"peso":4},{"id":106,"peso":0},{"id":96,"peso":13},{"id":38,"peso":13},{"id":151,"peso":14},{"id":198,"peso":16},{"id":20,"peso":3},{"id":2,"peso":20},{"id":81,"peso":10},{"id":39,"peso":6},{"id":28,"peso":1},{"id":133,"peso":9},{"id":158,"peso":8},{"id":160,"peso":11},{"id":70,"peso":15},{"id":84,"peso":16},{"id":113,"peso":2},{"id":146,"peso":8},{"id":65,"peso":11},{"id":101,"peso":20},{"id":181,"peso":19},{"id":194,"peso":9},{"id":169,"peso":2},{"id":44,"peso":10},{"id":21,"peso":10},{"id":119,"peso":8},{"id":82,"peso":15},{"id":122,"peso":10},{"id":97,"peso":16},{"id":89,"peso":11},{"id":14,"peso":14},{"id":72,"peso":9},{"id":183,"peso":18},{"id":99,"peso":18},{"id":83,"peso":4},{"id":22,"peso":18},{"id":63,"peso":6},{"id":27,"peso":8},{"id":68,"peso":11},{"id":79,"peso":9},{"id":59,"peso":19},{"id":111,"peso":19},{"id":98,"peso":5},{"id":156,"peso":12},{"id":190,"peso":6},{"id":1,"peso":20},{"id":134,"peso":11},{"id":163,"peso":4},{"id":48,"peso":13},{"id":187,"peso":12},{"id":173,"peso":0},{"id":100,"peso":2},{"id":108,"peso":11},{"id":78,"peso":16},{"id":9,"peso":19},{"id":30,"peso":16},{"id":168,"peso":14},{"id":6,"peso":10},{"id":196,"peso":15},{"id":33,"peso":18},{"id":34,"peso":1},{"id":3,"peso":8},{"id":49,"peso":9},{"id":166,"peso":5},{"id":66,"peso":14},{"id":136,"peso":19},{"id":125,"peso":11},{"id":153,"peso":18},{"id":126,"peso":1}]}