{"docente":{"nome":"Adriana","departamento":"IF","id":1199},"atividades":[{"id":44,"peso":18},{"id":156,"peso":4},{"id":187,"peso":8},{"id":198,"peso":18},{"id":180,"peso":5},{"id":102,"peso":1},{"id":36,"peso":5},{"id":56,"peso":9},{"id":47,"peso":12},{"id":196,"peso":18},{"id":34,"peso":5},{"id":134,"peso":20},{"id":175,"peso":11},{"id":192,"peso":17},{"id":141,"peso":10},{"id":190,"peso":4},{"id":165,"peso":17},{"id":74,"peso":11},{"id":66,"peso":14},{"id":69,"peso":19},{"id":46,"peso":13},{"id":128,"peso":11},{"id":125,"peso":15},{"id":177,"peso":15},{"id":162,"peso":7},{"id":6,"peso":7},{"id":5,"peso":15},{"id":153,"peso":11},{"id":27,"peso":6},{"id":116,"peso":3},{"id":148,"peso":0},{"id":35,"peso":3},{"id":58,"peso":7},{"id":50,"peso":9},{"id":135,"peso":5},{"id":110,"peso":6},{"id":121,"peso":8},{"id":30,"peso":12},{"id":59,"peso":7},{"id":24,"peso":15},{"id":106,"peso":2},{"id":181,"peso":4},{"id":172,"peso":5},{"id":7,"peso":2},{"id":171,"peso":16},{"id":114,"peso":9},{"id":120,"peso":18},{"id":138,"peso":2},{"id":115,"peso":9},{"id":91,"peso":8},{"id":161,"peso":15},{"id":22,"peso":13},{"id":140,"peso":3},{"id":194,"peso":0},{"id":173,"peso":13},{"id":97,"peso":8},{"id":137,"peso":14},{"id":64,"peso":15},{"id":163,"peso":2},{"id":103,"peso":20},{"id":29,"peso":9},{"id":72,"peso":8},{"id":146,"peso":8},{"id":94,"peso":11},{"id":25,"peso":20},{"id":12,"peso":7},{"id":105,"peso":19},{"id":83,"peso":0},{"id":169,"peso":0},{"id":90,"peso":17},{"id":92,"peso":3},{"id":19,"peso":19},{"id":133,"peso":13},{"id":85,"peso":18},{"id":33,"peso":0},{"id":84,"peso":19},{"id":176,"peso":10},{"id":31,"peso":12},{"id":155,"peso":15},{"id":99,"peso":13}]}