{"docente":{"nome":"Paulo","departamento":"IQ","id":1201},"atividades":[{"id":72,"peso":4},{"id":192,"peso":0},{"id":158,"peso":16},{"id":161,"peso":4},{"id":103,"peso":16},{"id":46,"peso":20},{"id":2,"peso":7},{"id":152,"peso":4},{"id":195,"peso":12},{"id":11,"peso":4},{"id":64,"peso":7},{"id":112,"peso":13},{"id":170,"peso":13},{"id":14,"peso":18},{"id":53,"peso":3},{"id":156,"peso":5},{"id":79,"peso":19},{"id":19,"peso":2},{"id":168,"peso":4},{"id":65,"peso":18},{"id":186,"peso":4},{"id":197,"peso":19},{"id":25,"peso":0},{"id":149,"peso":10},{"id":145,"peso":14},{"id":33,"peso":13},{"id":171,"peso":15},{"id":104,"peso":2},{"id":34,"peso":7},{"id":120,"peso":12},{"id":142,"peso":2},{"id":160,"peso":6},{"id":140,"peso":18},{"id":45,"peso":11},{"id":73,"peso":14},{"id":35,"peso":7},{"id":125,"peso":8},{"id":13,"peso":1},{"id":157,"peso":16},{"id":198,"peso":17},{"id":128,"peso":4},{"id":172,"peso":11},{"id":164,"peso":8},{"id":27,"peso":11},{"id":61,"peso":3},{"id":90,"peso":9},{"id":80,"peso":1},{"id":141,"peso":19},{"id":89,"peso":0},{"id":62,"peso":3},{"id":167,"peso":8},{"id":8,"peso":2},{"id":94,"peso":1},{"id":6,"peso":19},{"id":151,"peso":9},{"id":191,"peso":11},{"id":58,"peso":16},{"id":132,"peso":11},{"id":163,"peso":19},{"id":38,"peso":17},{"id":190,"peso":9},{"id":136,"peso":5},{"id":48,"peso":4},{"id":5,"peso":12},{"id":181,"peso":1},{"id":131,"peso":20},{"id":78,"peso":0},{"id":84,"peso":8},{"id":184,"peso":10},{"id":87,"peso":2},{"id":196,"peso":6},{"id":123,"peso":11},{"id":63,"peso":7},{"id":40,"peso":1},{"id":32,"peso":20},{"id":119,"peso":9},{"id":115,"peso":0},{"id":88,"peso":17},{"id":106,"peso":8},{"id":154,"peso":20}]}