{"docente":{"nome":"Henrique","departamento":"FEF","id":1025},"atividades":[{"id":4,"peso":19},{"id":60,"peso":17},{"id":101,"peso":5},{"id":40,"peso":13},{"id":36,"peso":14},{"id":100,"peso":20},{"id":35,"peso":6},{"id":130,"peso":12},{"id":79,"peso":4},{"id":158,"peso":18},{"id":178,"peso":6},{"id":76,"peso":16},{"id":5,"peso":14},{"id":50,"peso":13},{"id":193,"peso":17},{"id":117,"peso":19},{"id":179,"peso":18},{"id":167,"peso":0},{"id":121,"peso":12},{"id":138,"peso":10},{"id":127,"peso":6},{"id":146,"peso":9},{"id":177,"peso":8},{"id":83,"peso":17},{"id":15,"peso":7},{"id":59,"peso":0},{"id":186,"peso":9},{"id":91,"peso":16},{"id":65,"peso":19},{"id":67,"peso":16},{"id":115,"peso":20},{"id":44,"peso":6},{"id":45,"peso":1},{"id":184,"peso":3},{"id":20,"peso":1},{"id":68,"peso":2},{"id":39,"peso":16},{"id":85,"peso":14},{"id":87,"peso":13},{"id":24,"peso":0},{"id":164,"peso":5},{"id":187,"peso":5},{"id":88,"peso":1},{"id":56,"peso":17},{"id":10,"peso":2},{"id":28,"peso":16},{"id":46,"peso":2},{"id":195,"peso":14},{"id":169,"peso":12},{"id":129,"peso":15},{"id":48,"peso":17},{"id":19,"peso":14},{"id":135,"peso":12},{"id":142,"peso":10},{"id":197,"peso":15},{"id":137,"peso":2},{"id":126,"peso":20},{"id":94,"peso":12},{"id":23,"peso":0},{"id":26,"peso":11},{"id":140,"peso":20},{"id":34,"peso":10},{"id":84,"peso":10},{"id":42,"peso":6},{"id":153,"peso":20},{"id":159,"peso":8},{"id":145,"peso":3},{"id":71,"peso":8},{"id":38,"peso":5},{"id":165,"peso":0},{"id":175,"peso":3},{"id":150,"peso":3},{"id":141,"peso":18},{"id":173,"peso":10},{"id":97,"peso":4},{"id":155,"peso":19},{"id":12,"peso":8},{"id":147,"peso":5}]}