{"docente":{"nome":"Ana","departamento":"FIC","id":1031},"atividades":[{"id":132,"peso":13},{"id":95,"peso":12},{"id":126,"peso":10},{"id":23,"peso":19},{"id":194,"peso":17},{"id":193,"peso":18},{"id":134,"peso":4},{"id":66,"peso":11},{"id":13,"peso":9},{"id":76,"peso":9},{"id":17,"peso":17},{"id":179,"peso":2},{"id":62,"peso":8},{"id":138,"peso":20},{"id":73,"peso":7},{"id":198,"peso":4},{"id":24,"peso":7},{"id":63,"peso":19},{"id":2,"peso":4},{"id":41,"peso":6},{"id":143,"peso":13},{"id":152,"peso":2},{"id":137,"peso":1},{"id":144,"peso":2},{"id":104,"peso":4},{"id":153,"peso":19},{"id":131,"peso":15},{"id":135,"peso":16},{"id":93,"peso":17},{"id":92,"peso":9},{"id":15,"peso":8},{"id":120,"peso":11},{"id":100,"peso":4},{"id":99,"peso":16},{"id":102,"peso":1},{"id":122,"peso":1},{"id":27,"peso":20},{"id":5,"peso":12},{"id":87,"peso":4},{"id":113,"peso":12},{"id":26,"peso":14},{"id":136,"peso":0},{"id":161,"peso":3},{"id":8,"peso":5},{"id":48,"peso":0},{"id":9,"peso":1},{"id":21,"peso":9},{"id":151,"peso":18},{"id":84,"peso":4},{"id":33,"peso":17},{"id":121,"peso":7},{"id":149,"peso":18},{"id":31,"peso":15},{"id":190,"peso":19},{"id":37,"peso":16},{"id":146,"peso":10},{"id":128,"peso":12},{"id":106,"peso":8},{"id":70,"peso":14},{"id":157,"peso":13},{"id":7,"peso":20},{"id":148,"peso":12},{"id":188,"peso":11},{"id":43,"peso":9},{"id":57,"peso":10},{"id":10,"peso":15},{"id":127,"peso":3},{"id":60,"peso":10},{"id":110,"peso":20},{"id":86,"peso":18},{"id":142,"peso":13},{"id":118,"peso":19},{"id":133,"peso":15},{"id":67,"peso":8},{"id":18,"peso":1},{"id":180,"peso":14},{"id":150,"peso":3}]}