{"docente":{"nome":"Laerte","departamento":"FEF","id":1287},"atividades":[{"id":158,"peso":9},{"id":148,"peso":12},{"id":25,"peso":10},{"id":71,"peso":6},{"id":49,"peso":19},{"id":170,"peso":5},{"id":152,"peso":15},{"id":103,"peso":13},{"id":194,"peso":14},{"id":35,"peso":10},{"id":87,"peso":19},{"id":85,"peso":7},{"id":55,"peso":11},{"id":123,"peso":16},{"id":139,"peso":5},{"id":113,"peso":1},{"id":182,"peso":6},{"id":59,"peso":19},{"id":27,"peso":3},{"id":33,"peso":19},{"id":64,"peso":6},{"id":175,"peso":17},{"id":77,"peso":8},{"id":4,"peso":3},{"id":92,"peso":16},{"id":82,"peso":8},{"id":79,"peso":8},{"id":198,"peso":16},{"id":93,"peso":3},{"id":121,"peso":5},{"id":17,"peso":5},{"id":68,"peso":12},{"id":153,"peso":13},{"id":134,"peso":20},{"id":163,"peso":12},{"id":195,"peso":13},{"id":162,"peso":2},{"id":47,"peso":12},{"id":108,"peso":2},{"id":91,"peso":17},{"id":122,"peso":4},{"id":57,"peso":2},{"id":105,"peso":0},{"id":61,"peso":4},{"id":62,"peso":14},{"id":60,"peso":14},{"id":186,"peso":2},{"id":145,"peso":2},{"id":109,"peso":0},{"id":107,"peso":0},{"id":160,"peso":18},{"id":137,"peso":8},{"id":114,"peso":2},{"id":89,"peso":13},{"id":12,"peso":13},{"id":196,"peso":5},{"id":150,"peso":2},{"id":142,"peso":13},{"id":159,"peso":2},{"id":130,"peso":8},{"id":76,"peso":10},{"id":96,"peso":12},{"id":70,"peso":5},{"id":157,"peso":19},{"id":39,"peso":16},{"id":9,"peso":5},{"id":31,"peso":9},{"id":136,"peso":4},{"id":100,"peso":2},{"id":90,"peso":18},{"id":106,"peso":5},{"id":86,"peso":19},{"id":151,"peso":15},{"id":84,"peso":4},{"id":191,"peso":9},{"id":2,"peso":1},{"id":14,"peso":4},{"id":131,"peso":9},{"id":168,"peso":11}]}