{"docente":{"nome":"Ana","departamento":"IF","id":1020},"atividades":[{"id":2,"peso":13},{"id":114,"peso":4},{"id":153,"peso":6},{"id":119,"peso":4},{"id":139,"peso":10},{"id":116,"peso":3},{"id":79,"peso":13},{"id":128,"peso":12},{"id":29,"peso":4},{"id":150,"peso":10},{"id":56,"peso":0},{"id":61,"peso":9},{"id":4,"peso":0},{"id":15,"peso":0},{"id":93,"peso":15},{"id":110,"peso":13},{"id":39,"peso":5},{"id":198,"peso":2},{"id":66,"peso":12},{"id":32,"peso":13},{"id":162,"peso":9},{"id":34,"peso":11},{"id":104,"peso":11},{"id":185,"peso":10},{"id":85,"peso":7},{"id":55,"peso":10},{"id":37,"peso":18},{"id":106,"peso":13},{"id":123,"peso":17},{"id":111,"peso":19},{"id":182,"peso":14},{"id":120,"peso":0},{"id":179,"peso":0},{"id":10,"peso":9},{"id":135,"peso":19},{"id":42,"peso":4},{"id":60,"peso":8},{"id":26,"peso":7},{"id":63,"peso":19},{"id":92,"peso":11},{"id":103,"peso":20},{"id":16,"peso":17},{"id":133,"peso":11},{"id":108,"peso":16},{"id":147,"peso":6},{"id":64,"peso":12},{"id":97,"peso":8},{"id":197,"peso":20},{"id":52,"peso":11},{"id":100,"peso":2},{"id":137,"peso":7},{"id":72,"peso":18},{"id":31,"peso":19},{"id":8,"peso":7},{"id":188,"peso":19},{"id":131,"peso":8},{"id":171,"peso":9},{"id":163,"peso":8},{"id":194,"peso":3},{"id":121,"peso":6},{"id":156,"peso":5},{"id":96,"peso":2},{"id":77,"peso":11},{"id":30,"peso":1},{"id":136,"peso":14},{"id":78,"peso":7},{"id":21,"peso":9},{"id":35,"peso":0},{"id":74,"peso":15},{"id":58,"peso":0},{"id":83,"peso":3},{"id":3,"peso":2},{"id":51,"peso":15},{"id":168,"peso":1},{"id":87,"peso":8},{"id":170,"peso":5},{"id":190,"peso":8},{"id":113,"peso":11},{"id":155,"peso":5}]}