{"docente":{"nome":"Marcelo","departamento":"INF","id":1083},"atividades":[{"id":157,"peso":4},{"id":24,"peso":0},{"id":68,"peso":0},{"id":71,"peso":4},{"id":76,"peso":10},{"id":34,"peso":15},{"id":174,"peso":2},{"id":93,"peso":0},{"id":61,"peso":11},{"id":25,"peso":12},{"id":23,"peso":10},{"id":48,"peso":12},{"id":143,"peso":6},{"id":73,"peso":7},{"id":119,"peso":5},{"id":169,"peso":15},{"id":190,"peso":17},{"id":13,"peso":18},{"id":87,"peso":4},{"id":70,"peso":16},{"id":129,"peso":20},{"id":106,"peso":11},{"id":99,"peso":5},{"id":188,"peso":11},{"id":136,"peso":9},{"id":165,"peso":20},{"id":82,"peso":15},{"id":79,"peso":6},{"id":182,"peso":2},{"id":194,"peso":11},{"id":92,"peso":9},{"id":118,"peso":7},{"id":54,"peso":0},{"id":127,"peso":11},{"id":128,"peso":9},{"id":96,"peso":20},{"id":98,"peso":13},{"id":103,"peso":16},{"id":60,"peso":10},{"id":149,"peso":8},{"id":130,"peso":13},{"id":177,"peso":19},{"id":111,"peso":4},{"id":163,"peso":14},{"id":116,"peso":15},{"id":151,"peso":19},{"id":148,"peso":10},{"id":101,"peso":12},{"id":44,"peso":2},{"id":2,"peso":19},{"id":59,"peso":13},{"id":51,"peso":7},{"id":192,"peso":19},{"id":91,"peso":10},{"id":123,"peso":17},{"id":21,"peso":2},{"id":19,"peso":2},{"id":117,"peso":0},{"id":114,"peso":14},{"id":63,"peso":13},{"id":183,"peso":15},{"id":113,"peso":20},{"id":125,"peso":11},{"id":53,"peso":0},{"id":161,"peso":5},{"id":124,"peso":18},{"id":134,"peso":19},{"id":140,"peso":2},{"id":81,"peso":4},{"id":10,"peso":19},{"id":141,"peso":20},{"id":20,"peso":15},{"id":196,"peso":13},{"id":184,"peso":12},{"id":28,"peso":16},{"id":153,"peso":16},{"id":121,"peso":7},{"id":6,"peso":6},{"id":104,"peso":2},{"id":89,"peso":17},{"id":110,"peso":4},{"id":180,"peso":11},{"id":176,"peso":13},{"id":26,"peso":17},{"id":85,"peso":2}]}