{"docente":{"nome":"Joao","departamento":"INF","id":1393},"atividades":[{"id":112,"peso":3},{"id":149,"peso":0},{"id":19,"peso":7},{"id":126,"peso":20},{"id":50,"peso":8},{"id":45,"peso":11},{"id":130,"peso":20},{"id":76,"peso":19},{"id":160,"peso":18},{"id":87,"peso":17},{"id":164,"peso":5},{"id":111,"peso":20},{"id":173,"peso":17},{"id":35,"peso":8},{"id":107,"peso":11},{"id":156,"peso":10},{"id":73,"peso":3},{"id":132,"peso":10},{"id":129,"peso":17},{"id":43,"peso":14},{"id":32,"peso":5},{"id":120,"peso":18},{"id":81,"peso":9},{"id":71,"peso":12},{"id":62,"peso":2},{"id":155,"peso":5},{"id":188,"peso":11},{"id":139,"peso":10},{"id":187,"peso":10},{"id":5,"peso":12},{"id":18,"peso":19},{"id":109,"peso":4},{"id":116,"peso":19},{"id":52,"peso":9},{"id":60,"peso":2},{"id":77,"peso":8},{"id":165,"peso":12},{"id":69,"peso":3},{"id":80,"peso":11},{"id":186,"peso":15},{"id":46,"peso":11},{"id":196,"peso":7},{"id":125,"peso":4},{"id":72,"peso":7},{"id":144,"peso":10},{"id":3,"peso":2},{"id":150,"peso":20},{"id":89,"peso":14},{"id":51,"peso":19},{"id":14,"peso":0},{"id":11,"peso":2},{"id":106,"peso":8},{"id":153,"peso":11},{"id":105,"peso":19},{"id":137,"peso":1},{"id":40,"peso":4},{"id":23,"peso":15},{"id":96,"peso":20},{"id":134,"peso":3},{"id":83,"peso":20},{"id":178,"peso":13},{"id":41,"peso":6},{"id":85,"peso":1},{"id":59,"peso":9},{"id":13,"peso":1},{"id":8,"peso":18},{"id":190,"peso":9},{"id":185,"peso":2},{"id":179,"peso":18},{"id":121,"peso":15},{"id":123,"peso":7},{"id":124,"peso":9},{"id":27,"peso":11},{"id":17,"peso":14},{"id":42,"peso":2},{"id":170,"peso":18},{"id":2,"peso":7},{"id":29,"peso":12}]}