{"docente":{"nome":"Fabio","departamento":"IF","id":1246},"atividades":[{"id":108,"peso":18},{"id":185,"peso":5},{"id":134,"peso":10},{"id":169,"peso":2},{"id":15,"peso":15},{"id":163,"peso":14},{"id":116,"peso":18},{"id":167,"peso":20},{"id":174,"peso":14},{"id":90,"peso":17},{"id":150,"peso":7},{"id":97,"peso":18},{"id":13,"peso":6},{"id":101,"peso":0},{"id":53,"peso":12},{"id":162,"peso":17},{"id":6,"peso":20},{"id":37,"peso":13},{"id":82,"peso":8},{"id":40,"peso":4},{"id":121,"peso":2},{"id":94,"peso":4},{"id":102,"peso":4},{"id":98,"peso":14},{"id":91,"peso":18},{"id":5,"peso":13},{"id":12,"peso":4},{"id":3,"peso":20},{"id":149,"peso":16},{"id":41,"peso":2},{"id":60,"peso":3},{"id":117,"peso":15},{"id":198,"peso":20},{"id":93,"peso":10},{"id":19,"peso":10},{"id":196,"peso":13},{"id":178,"peso":10},{"id":131,"peso":11},{"id":20,"peso":2},{"id":180,"peso":7},{"id":1,"peso":0},{"id":56,"peso":19},{"id":81,"peso":17},{"id":181,"peso":2},{"id":137,"peso":11},{"id":44,"peso":5},{"id":80,"peso":9},{"id":24,"peso":15},{"id":158,"peso":1},{"id":145,"peso":2},{"id":10,"peso":1},{"id":173,"peso":17},{"id":33,"peso":16},{"id":128,"peso":7},{"id":109,"peso":14},{"id":193,"peso":4},{"id":62,"peso":14},{"id":42,"peso":11},{"id":154,"peso":20},{"id":168,"peso":11},{"id":78,"peso":14},{"id":189,"peso":16},{"id":14,"peso":14},{"id":29,"peso":13},{"id":17,"peso":18},{"id":110,"peso":16},{"id":84,"peso":7},{"id":49,"peso":13},{"id":79,"peso":4},{"id":50,"peso":0},{"id":45,"peso":12},{"id":32,"peso":12},{"id":132,"peso":0},{"id":54,"peso":6},{"id":26,"peso":13}]}