{"docente":{"nome":"Laerte","departamento":"ICB","id":1224},"atividades":[{"id":92,"peso":10},{"id":82,"peso":5},{"id":3,"peso":13},{"id":100,"peso":15},{"id":195,"peso":5},{"id":126,"peso":9},{"id":98,"peso":12},{"id":188,"peso":6},{"id":51,"peso":3},{"id":40,"peso":1},{"id":134,"peso":14},{"id":80,"peso":17},{"id":71,"peso":12},{"id":163,"peso":17},{"id":32,"peso":11},{"id":39,"peso":18},{"id":116,"peso":3},{"id":67,"peso":2},{"id":17,"peso":10},{"id":78,"peso":5},{"id":181,"peso":15},{"id":153,"peso":11},{"id":21,"peso":16},{"id":130,"peso":17},{"id":28,"peso":6},{"id":45,"peso":18},{"id":5,"peso":7},{"id":33,"peso":19},{"id":161,"peso":20},{"id":7,"peso":16},{"id":35,"peso":4},{"id":25,"peso":15},{"id":104,"peso":2},{"id":175,"peso":15},{"id":167,"peso":18},{"id":94,"peso":20},{"id":132,"peso":4},{"id":169,"peso":17},{"id":60,"peso":6},{"id":63,"peso":6},{"id":105,"peso":6},{"id":31,"peso":14},{"id":165,"peso":17},{"id":160,"peso":12},{"id":172,"peso":0},{"id":183,"peso":0},{"id":180,"peso":0},{"id":75,"peso":11},{"id":193,"peso":18},{"id":173,"peso":20},{"id":179,"peso":15},{"id":1,"peso":17},{"id":155,"peso":7},{"id":162,"peso":6},{"id":189,"peso":19},{"id":13,"peso":11},{"id":68,"peso":1},{"id":9,"peso":1},{"id":149,"peso":15},{"id":154,"peso":18},{"id":29,"peso":3},{"id":115,"peso":2},{"id":178,"peso":11},{"id":14,"peso":2},{"id":103,"peso":20},{"id":55,"peso":7},{"id":4,"peso":16},{"id":97,"peso":20},{"id":57,"peso":8},{"id":72,"peso":17},{"id":58,"peso":5},{"id":197,"peso":11},{"id":143,"peso":16},{"id":144,"peso":1},{"id":8,"peso":13},{"id":99,"peso":12},{"id":42,"peso":3},{"id":102,"peso":12}]}