{"docente":{"nome":"Paulo","departamento":"IF","id":1},"atividades":[{"id":129,"peso":19},{"id":26,"peso":13},{"id":23,"peso":13},{"id":59,"peso":13},{"id":168,"peso":7},{"id":146,"peso":13},{"id":114,"peso":17},{"id":63,"peso":6},{"id":191,"peso":17},{"id":141,"peso":3},{"id":196,"peso":1},{"id":195,"peso":7},{"id":181,"peso":5},{"id":14,"peso":13},{"id":183,"peso":10},{"id":151,"peso":1},{"id":20,"peso":19},{"id":39,"peso":15},{"id":189,"peso":18},{"id":29,"peso":6},{"id":28,"peso":14},{"id":101,"peso":18},{"id":74,"peso":2},{"id":2,"peso":6},{"id":124,"peso":4},{"id":98,"peso":2},{"id":65,"peso":1},{"id":194,"peso":14},{"id":166,"peso":14},{"id":116,"peso":9},{"id":44,"peso":6},{"id":51,"peso":7},{"id":33,"peso":12},{"id":164,"peso":5},{"id":134,"peso":19},{"id":58,"peso":11},{"id":135,"peso":14},{"id":121,"peso":17},{"id":107,"peso":18},{"id":192,"peso":4},{"id":163,"peso":15},{"id":25,"peso":14},{"id":176,"peso":20},{"id":79,"peso":3},{"id":128,"peso":3},{"id":75,"peso":1},{"id":133,"peso":7},{"id":36,"peso":18},{"id":188,"peso":18},{"id":105,"peso":13},{"id":32,"peso":3},{"id":30,"peso":2},{"id":11,"peso":18},{"id":123,"peso":9},{"id":19,"peso":0},{"id":90,"peso":12},{"id":87,"peso":19},{"id":137,"peso":4},{"id":62,"peso":13},{"id":38,"peso":16},{"id":182,"peso":13},{"id":27,"peso":14},{"id":48,"peso":14},{"id":43,"peso":10},{"id":89,"peso":10},{"id":71,"peso":14},{"id":46,"peso":14},{"id":160,"peso":19},{"id":88,"peso":16},{"id":67,"peso":2},{"id":80,"peso":4},{"id":161,"peso":16},{"id":68,"peso":14},{"id":190,"peso":4},{"id":110,"peso":20},{"id":175,"peso":17},{"id":198,"peso":8},{"id":154,"peso":17},{"id":174,"peso":10},{"id":179,"peso":2},{"id":47,"peso":14}]}