{"docente":{"nome":"Maria","departamento":"ICB","id":1141},"atividades":[{"id":16,"peso":6},{"id":76,"peso":7},{"id":54,"peso":9},{"id":12,"peso":4},{"id":70,"peso":13},{"id":108,"peso":12},{"id":146,"peso":10},{"id":168,"peso":17},{"id":140,"peso":15},{"id":82,"peso":10},{"id":83,"peso":16},{"id":160,"peso":14},{"id":174,"peso":4},{"id":85,"peso":16},{"id":136,"peso":15},{"id":26,"peso":5},{"id":184,"peso":9},{"id":11,"peso":3},{"id":8,"peso":16},{"id":177,"peso":4},{"id":125,"peso":4},{"id":77,"peso":9},{"id":194,"peso":5},{"id":109,"peso":1},{"id":45,"peso":3},{"id":29,"peso":8},{"id":178,"peso":18},{"id":33,"peso":19},{"id":191,"peso":9},{"id":94,"peso":2},{"id":67,"peso":11},{"id":159,"peso":20},{"id":21,"peso":15},{"id":66,"peso":11},{"id":157,"peso":3},{"id":165,"peso":19},{"id":153,"peso":10},{"id":186,"peso":2},{"id":152,"peso":18},{"id":93,"peso":19},{"id":122,"peso":2},{"id":61,"peso":11},{"id":2,"peso":5},{"id":115,"peso":18},{"id":44,"peso":14},{"id":137,"peso":0},{"id":27,"peso":11},{"id":163,"peso":9},{"id":150,"peso":10},{"id":3,"peso":8},{"id":116,"peso":11},{"id":101,"peso":10},{"id":19,"peso":10},{"id":176,"peso":3},{"id":139,"peso":8},{"id":126,"peso":10},{"id":38,"peso":10},{"id":9,"peso":1},{"id":105,"peso":6},{"id":14,"peso":8},{"id":6,"peso":12},{"id":48,"peso":12},{"id":5,"peso":9},{"id":131,"peso":1},{"id":114,"peso":9},{"id":20,"peso":3},{"id":113,"peso":20},{"id":107,"peso":7},{"id":72,"peso":15},{"id":190,"peso":0},{"id":111,"peso":0},{"id":179,"peso":18},{"id":193,"peso":11},{"id":162,"peso":2},{"id":73,"peso":3},{"id":143,"peso":18},{"id":17,"peso":5},{"id":53,"peso":12}]}