{"docente":{"nome":"Ingrid","departamento":"FIC","id":1366},"atividades":[{"id":37,"peso":11},{"id":3,"peso":2},{"id":194,"peso":3},{"id":16,"peso":5},{"id":187,"peso":8},{"id":86,"peso":18},{"id":40,"peso":16},{"id":106,"peso":9},{"id":112,"peso":15},{"id":70,"peso":11},{"id":136,"peso":15},{"id":189,"peso":1},{"id":98,"peso":14},{"id":44,"peso":20},{"id":72,"peso":19},{"id":167,"peso":4},{"id":104,"peso":3},{"id":177,"peso":9},{"id":17,"peso":7},{"id":137,"peso":1},{"id":58,"peso":6},{"id":185,"peso":18},{"id":50,"peso":6},{"id":47,"peso":9},{"id":143,"peso":18},{"id":12,"peso":7},{"id":140,"peso":16},{"id":107,"peso":14},{"id":29,"peso":15},{"id":66,"peso":6},{"id":135,"peso":7},{"id":14,"peso":2},{"id":154,"peso":10},{"id":134,"peso":16},{"id":13,"peso":8},{"id":15,"peso":11},{"id":156,"peso":6},{"id":141,"peso":4},{"id":78,"peso":15},{"id":7,"peso":9},{"id":67,"peso":8},{"id":123,"peso":0},{"id":54,"peso":20},{"id":27,"peso":15},{"id":26,"peso":1},{"id":4,"peso":8},{"id":115,"peso":18},{"id":174,"peso":10},{"id":132,"peso":11},{"id":147,"peso":16},{"id":35,"peso":20},{"id":114,"peso":11},{"id":2,"peso":10},{"id":57,"peso":12},{"id":63,"peso":4},{"id":61,"peso":1},{"id":34,"peso":14},{"id":42,"peso":13},{"id":82,"peso":3},{"id":56,"peso":17},{"id":22,"peso":16},{"id":74,"peso":15},{"id":33,"peso":12},{"id":87,"peso":14},{"id":52,"peso":13},{"id":188,"peso":17},{"id":133,"peso":19},{"id":20,"peso":6},{"id":195,"peso":13},{"id":142,"peso":6},{"id":77,"peso":20},{"id":183,"peso":12},{"id":146,"peso":8},{"id":108,"peso":2},{"id":80,"peso":4},{"id":92,"peso":2},{"id":170,"peso":18},{"id":30,"peso":1},{"id":81,"peso":19},{"id":198,"peso":10},{"id":90,"peso":0}]}