{"docente":{"nome":"Henrique","departamento":"FEF","id":1421},"atividades":[{"id":157,"peso":17},{"id":168,"peso":12},{"id":78,"peso":0},{"id":91,"peso":2},{"id":117,"peso":16},{"id":119,"peso":1},{"id":55,"peso":1},{"id":148,"peso":6},{"id":142,"peso":8},{"id":103,"peso":6},{"id":72,"peso":1},{"id":71,"peso":20},{"id":68,"peso":7},{"id":53,"peso":4},{"id":165,"peso":1},{"id":196,"peso":0},{"id":172,"peso":0},{"id":155,"peso":14},{"id":28,"peso":14},{"id":41,"peso":16},{"id":176,"peso":19},{"id":134,"peso":4},{"id":178,"peso":2},{"id":89,"peso":3},{"id":94,"peso":13},{"id":181,"peso":12},{"id":167,"peso":5},{"id":14,"peso":13},{"id":190,"peso":6},{"id":153,"peso":18},{"id":114,"peso":3},{"id":92,"peso":3},{"id":25,"peso":10},{"id":169,"peso":19},{"id":52,"peso":15},{"id":97,"peso":11},{"id":164,"peso":8},{"id":170,"peso":11},{"id":44,"peso":9},{"id":29,"peso":1},{"id":144,"peso":15},{"id":76,"peso":11},{"id":141,"peso":8},{"id":187,"peso":3},{"id":185,"peso":16},{"id":19,"peso":5},{"id":39,"peso":15},{"id":109,"peso":4},{"id":159,"peso":16},{"id":13,"peso":5},{"id":171,"peso":7},{"id":43,"peso":17},{"id":74,"peso":5},{"id":143,"peso":4},{"id":113,"peso":18},{"id":116,"peso":8},{"id":156,"peso":13},{"id":35,"peso":6},{"id":22,"peso":0},{"id":65,"peso":8},{"id":16,"peso":6},{"id":1,"peso":6},{"id":42,"peso":13},{"id":63,"peso":14},{"id":122,"peso":19},{"id":106,"peso":11},{"id":166,"peso":11},{"id":48,"peso":8},{"id":23,"peso":10},{"id":100,"peso":10},{"id":30,"peso":14},{"id":18,"peso":13},{"id":56,"peso":14},{"id":127,"peso":4},{"id":140,"peso":12},{"id":101,"peso":5},{"id":84,"peso":6},{"id":73,"peso":5}]}