{"docente":{"nome":"Henrique","departamento":"IF","id":1123},"atividades":[{"id":151,"peso":5},{"id":142,"peso":10},{"id":86,"peso":15},{"id":175,"peso":4},{"id":75,"peso":17},{"id":10,"peso":19},{"id":132,"peso":8},{"id":161,"peso":3},{"id":69,"peso":7},{"id":9,"peso":15},{"id":77,"peso":12},{"id":139,"peso":5},{"id":196,"peso":17},{"id":112,"peso":19},{"id":122,"peso":9},{"id":143,"peso":17},{"id":187,"peso":7},{"id":98,"peso":3},{"id":79,"peso":12},{"id":63,"peso":6},{"id":41,"peso":8},{"id":59,"peso":11},{"id":180,"peso":2},{"id":91,"peso":1},{"id":49,"peso":20},{"id":12,"peso":1},{"id":154,"peso":2},{"id":170,"peso":1},{"id":96,"peso":3},{"id":189,"peso":9},{"id":197,"peso":15},{"id":198,"peso":0},{"id":70,"peso":12},{"id":71,"peso":13},{"id":24,"peso":7},{"id":113,"peso":8},{"id":83,"peso":15},{"id":27,"peso":2},{"id":173,"peso":13},{"id":14,"peso":9},{"id":128,"peso":13},{"id":165,"peso":8},{"id":179,"peso":10},{"id":87,"peso":13},{"id":51,"peso":17},{"id":43,"peso":4},{"id":155,"peso":14},{"id":164,"peso":12},{"id":55,"peso":10},{"id":78,"peso":18},{"id":195,"peso":6},{"id":101,"peso":2},{"id":1,"peso":8},{"id":88,"peso":4},{"id":177,"peso":8},{"id":168,"peso":0},{"id":176,"peso":14},{"id":5,"peso":14},{"id":52,"peso":13},{"id":48,"peso":2},{"id":147,"peso":13},{"id":131,"peso":14},{"id":125,"peso":13},{"id":99,"peso":4},{"id":130,"peso":19},{"id":137,"peso":8},{"id":2,"peso":14},{"id":110,"peso":8},{"id":53,"peso":18},{"id":123,"peso":15},{"id":127,"peso":2},{"id":33,"peso":8},{"id":56,"peso":14}]}