{"docente":{"nome":"Maria","departamento":"INF","id":1339},"atividades":[{"id":98,"peso":0},{"id":151,"peso":5},{"id":107,"peso":15},{"id":144,"peso":12},{"id":61,"peso":2},{"id":20,"peso":12},{"id":94,"peso":3},{"id":99,"peso":0},{"id":108,"peso":11},{"id":183,"peso":13},{"id":159,"peso":16},{"id":198,"peso":8},{"id":132,"peso":3},{"id":35,"peso":18},{"id":43,"peso":12},{"id":29,"peso":15},{"id":50,"peso":20},{"id":131,"peso":9},{"id":89,"peso":18},{"id":38,"peso":15},{"id":49,"peso":4},{"id":26,"peso":4},{"id":189,"peso":1},{"id":119,"peso":4},{"id":133,"peso":9},{"id":102,"peso":2},{"id":148,"peso":3},{"id":85,"peso":7},{"id":64,"peso":14},{"id":17,"peso":20},{"id":3,"peso":18},{"id":96,"peso":20},{"id":1,"peso":5},{"id":19,"peso":1},{"id":13,"peso":14},{"id":192,"peso":9},{"id":195,"peso":2},{"id":185,"peso":7},{"id":146,"peso":19},{"id":173,"peso":13},{"id":36,"peso":13},{"id":82,"peso":19},{"id":27,"peso":10},{"id":106,"peso":8},{"id":95,"peso":0},{"id":116,"peso":5},{"id":167,"peso":1},{"id":193,"peso":8},{"id":55,"peso":20},{"id":68,"peso":18},{"id":172,"peso":1},{"id":59,"peso":13},{"id":76,"peso":18},{"id":11,"peso":9},{"id":56,"peso":1},{"id":115,"peso":10},{"id":123,"peso":18},{"id":48,"peso":11},{"id":72,"peso":0},{"id":46,"peso":8},{"id":162,"peso":10},{"id":80,"peso":19},{"id":129,"peso":6},{"id":160,"peso":16},{"id":158,"peso":0},{"id":177,"peso":14},{"id":79,"peso":7},{"id":25,"peso":13},{"id":122,"peso":14},{"id":180,"peso":18},{"id":6,"peso":7},{"id":90,"peso":11},{"id":66,"peso":1},{"id":53,"peso":13},{"id":188,"peso":2},{"id":168,"peso":3},{"id":9,"peso":3},{"id":130,"peso":4},{"id":87,"peso":13},{"id":182,"peso":11},{"id":110,"peso":9}]}