{"docente":{"nome":"Auri","departamento":"INF","id":1193},"atividades":[{"id":4,"peso":5},{"id":44,"peso":8},{"id":156,"peso":7},{"id":89,"peso":6},{"id":62,"peso":16},{"id":29,"peso":12},{"id":14,"peso":8},{"id":82,"peso":19},{"id":109,"peso":18},{"id":178,"peso":20},{"id":58,"peso":17},{"id":113,"peso":16},{"id":96,"peso":5},{"id":177,"peso":1},{"id":166,"peso":2},{"id":157,"peso":5},{"id":124,"peso":11},{"id":92,"peso":16},{"id":70,"peso":11},{"id":125,"peso":20},{"id":154,"peso":8},{"id":194,"peso":3},{"id":141,"peso":15},{"id":107,"peso":20},{"id":40,"peso":19},{"id":138,"peso":14},{"id":114,"peso":15},{"id":163,"peso":14},{"id":21,"peso":18},{"id":97,"peso":15},{"id":66,"peso":2},{"id":181,"peso":1},{"id":153,"peso":17},{"id":108,"peso":4},{"id":99,"peso":11},{"id":43,"peso":14},{"id":15,"peso":8},{"id":195,"peso":16},{"id":72,"peso":13},{"id":140,"peso":11},{"id":33,"peso":17},{"id":160,"peso":11},{"id":77,"peso":1},{"id":16,"peso":6},{"id":143,"peso":10},{"id":26,"peso":9},{"id":145,"peso":4},{"id":159,"peso":14},{"id":25,"peso":20},{"id":67,"peso":4},{"id":128,"peso":4},{"id":83,"peso":0},{"id":23,"peso":11},{"id":126,"peso":18},{"id":101,"peso":17},{"id":158,"peso":13},{"id":84,"peso":2},{"id":80,"peso":14},{"id":55,"peso":19},{"id":18,"peso":17},{"id":31,"peso":4},{"id":19,"peso":10},{"id":56,"peso":12},{"id":54,"peso":8},{"id":100,"peso":2},{"id":165,"peso":14},{"id":187,"peso":14},{"id":111,"peso":7},{"id":115,"peso":15},{"id":6,"peso":9},{"id":170,"peso":10},{"id":85,"peso":6},{"id":131,"peso":1},{"id":1,"peso":7},{"id":172,"peso":11},{"id":36,"peso":0},{"id":117,"peso":2},{"id":10,"peso":11}]}