{"docente":{"nome":"Iasmin","departamento":"INF","id":1074},"atividades":[{"id":22,"peso":15},{"id":116,"peso":7},{"id":149,"peso":16},{"id":56,"peso":5},{"id":19,"peso":15},{"id":30,"peso":9},{"id":44,"peso":8},{"id":112,"peso":17},{"id":123,"peso":5},{"id":154,"peso":13},{"id":33,"peso":18},{"id":69,"peso":11},{"id":173,"peso":17},{"id":185,"peso":19},{"id":186,"peso":4},{"id":8,"peso":17},{"id":92,"peso":5},{"id":17,"peso":11},{"id":165,"peso":18},{"id":100,"peso":17},{"id":178,"peso":2},{"id":139,"peso":12},{"id":85,"peso":5},{"id":176,"peso":0},{"id":167,"peso":17},{"id":59,"peso":8},{"id":63,"peso":2},{"id":180,"peso":7},{"id":120,"peso":5},{"id":76,"peso":0},{"id":88,"peso":17},{"id":157,"peso":16},{"id":129,"peso":11},{"id":142,"peso":0},{"id":128,"peso":9},{"id":151,"peso":18},{"id":12,"peso":17},{"id":170,"peso":13},{"id":197,"peso":2},{"id":40,"peso":14},{"id":171,"peso":0},{"id":111,"peso":10},{"id":174,"peso":18},{"id":29,"peso":8},{"id":175,"peso":1},{"id":42,"peso":0},{"id":73,"peso":19},{"id":21,"peso":10},{"id":102,"peso":12},{"id":10,"peso":8},{"id":61,"peso":9},{"id":82,"peso":1},{"id":45,"peso":13},{"id":37,"peso":10},{"id":161,"peso":15},{"id":105,"peso":7},{"id":127,"peso":16},{"id":119,"peso":20},{"id":35,"peso":13},{"id":153,"peso":9},{"id":124,"peso":4},{"id":121,"peso":0},{"id":184,"peso":0},{"id":133,"peso":11},{"id":138,"peso":13},{"id":113,"peso":3},{"id":20,"peso":8},{"id":54,"peso":1},{"id":93,"peso":2},{"id":104,"peso":18},{"id":147,"peso":16},{"id":72,"peso":0},{"id":9,"peso":13},{"id":156,"peso":2},{"id":34,"peso":5},{"id":77,"peso":16},{"id":84,"peso":4},{"id":13,"peso":20},{"id":160,"peso":15}]}