{"docente":{"nome":"Berenice","departamento":"INF","id":1323},"atividades":[{"id":123,"peso":16},{"id":193,"peso":11},{"id":57,"peso":3},{"id":170,"peso":11},{"id":159,"peso":20},{"id":107,"peso":1},{"id":33,"peso":1},{"id":131,"peso":20},{"id":73,"peso":11},{"id":31,"peso":13},{"id":181,"peso":4},{"id":166,"peso":19},{"id":12,"peso":14},{"id":85,"peso":13},{"id":40,"peso":0},{"id":66,"peso":12},{"id":150,"peso":13},{"id":23,"peso":6},{"id":149,"peso":18},{"id":10,"peso":8},{"id":21,"peso":18},{"id":82,"peso":4},{"id":167,"peso":2},{"id":157,"peso":11},{"id":146,"peso":15},{"id":164,"peso":3},{"id":88,"peso":14},{"id":182,"peso":13},{"id":116,"peso":3},{"id":191,"peso":7},{"id":189,"peso":13},{"id":156,"peso":8},{"id":162,"peso":18},{"id":118,"peso":11},{"id":65,"peso":11},{"id":72,"peso":8},{"id":183,"peso":0},{"id":64,"peso":17},{"id":13,"peso":9},{"id":27,"peso":5},{"id":130,"peso":15},{"id":111,"peso":2},{"id":60,"peso":7},{"id":32,"peso":14},{"id":169,"peso":14},{"id":67,"peso":4},{"id":108,"peso":9},{"id":172,"peso":12},{"id":133,"peso":20},{"id":152,"peso":1},{"id":55,"peso":16},{"id":51,"peso":19},{"id":136,"peso":8},{"id":147,"peso":19},{"id":109,"peso":18},{"id":132,"peso":1},{"id":135,"peso":19},{"id":121,"peso":19},{"id":19,"peso":16},{"id":180,"peso":16},{"id":17,"peso":5},{"id":24,"peso":5},{"id":3,"peso":19},{"id":86,"peso":19},{"id":75,"peso":17},{"id":96,"peso":6},{"id":79,"peso":5},{"id":84,"peso":1},{"id":15,"peso":11},{"id":7,"peso":8},{"id":52,"peso":12},{"id":101,"peso":12},{"id":175,"peso":0},{"id":18,"peso":14},{"id":158,"peso":10},{"id":29,"peso":1}]}