{"docente":{"nome":"Pedro","departamento":"IQ","id":1217},"atividades":[{"id":196,"peso":2},{"id":174,"peso":0},{"id":160,"peso":0},{"id":105,"peso":10},{"id":135,"peso":9},{"id":21,"peso":11},{"id":155,"peso":10},{"id":175,"peso":4},{"id":89,"peso":10},{"id":191,"peso":13},{"id":158,"peso":12},{"id":28,"peso":18},{"id":117,"peso":20},{"id":62,"peso":13},{"id":194,"peso":3},{"id":182,"peso":15},{"id":44,"peso":5},{"id":183,"peso":0},{"id":82,"peso":3},{"id":33,"peso":11},{"id":192,"peso":0},{"id":170,"peso":0},{"id":39,"peso":6},{"id":166,"peso":0},{"id":186,"peso":6},{"id":83,"peso":1},{"id":109,"peso":4},{"id":1,"peso":8},{"id":9,"peso":1},{"id":74,"peso":2},{"id":46,"peso":4},{"id":157,"peso":1},{"id":136,"peso":18},{"id":118,"peso":8},{"id":177,"peso":20},{"id":133,"peso":15},{"id":173,"peso":11},{"id":17,"peso":8},{"id":179,"peso":11},{"id":101,"peso":1},{"id":114,"peso":19},{"id":43,"peso":1},{"id":106,"peso":5},{"id":88,"peso":4},{"id":41,"peso":1},{"id":143,"peso":1},{"id":7,"peso":17},{"id":104,"peso":14},{"id":189,"peso":19},{"id":134,"peso":12},{"id":40,"peso":20},{"id":79,"peso":13},{"id":6,"peso":16},{"id":159,"peso":1},{"id":22,"peso":20},{"id":122,"peso":0},{"id":19,"peso":1},{"id":103,"peso":20},{"id":119,"peso":13},{"id":63,"peso":19},{"id":169,"peso":16},{"id":24,"peso":13},{"id":162,"peso":15},{"id":93,"peso":10},{"id":35,"peso":14},{"id":123,"peso":4},{"id":61,"peso":10},{"id":55,"peso":13},{"id":164,"peso":8},{"id":185,"peso":18},{"id":187,"peso":3},{"id":168,"peso":1},{"id":86,"peso":8},{"id":148,"peso":18},{"id":67,"peso":7}]}