{"docente":{"nome":"Guilherme","departamento":"IF","id":1178},"atividades":[{"id":30,"peso":7},{"id":54,"peso":5},{"id":53,"peso":3},{"id":38,"peso":5},{"id":67,"peso":13},{"id":120,"peso":16},{"id":86,"peso":11},{"id":124,"peso":14},{"id":63,"peso":11},{"id":91,"peso":8},{"id":37,"peso":20},{"id":131,"peso":20},{"id":26,"peso":0},{"id":76,"peso":8},{"id":87,"peso":18},{"id":152,"peso":10},{"id":159,"peso":7},{"id":60,"peso":20},{"id":36,"peso":8},{"id":143,"peso":0},{"id":198,"peso":1},{"id":121,"peso":17},{"id":155,"peso":14},{"id":113,"peso":9},{"id":59,"peso":16},{"id":23,"peso":1},{"id":191,"peso":5},{"id":3,"peso":8},{"id":8,"peso":7},{"id":197,"peso":0},{"id":132,"peso":12},{"id":179,"peso":18},{"id":69,"peso":11},{"id":114,"peso":14},{"id":185,"peso":10},{"id":9,"peso":4},{"id":40,"peso":11},{"id":95,"peso":16},{"id":35,"peso":18},{"id":112,"peso":4},{"id":123,"peso":0},{"id":180,"peso":16},{"id":101,"peso":16},{"id":102,"peso":7},{"id":45,"peso":5},{"id":18,"peso":12},{"id":24,"peso":4},{"id":83,"peso":1},{"id":1,"peso":19},{"id":15,"peso":15},{"id":12,"peso":5},{"id":176,"peso":0},{"id":56,"peso":13},{"id":78,"peso":8},{"id":22,"peso":14},{"id":92,"peso":13},{"id":125,"peso":18},{"id":137,"peso":8},{"id":177,"peso":12},{"id":98,"peso":1},{"id":173,"peso":0},{"id":58,"peso":16},{"id":16,"peso":4},{"id":135,"peso":18},{"id":6,"peso":8},{"id":127,"peso":18},{"id":186,"peso":2},{"id":129,"peso":7},{"id":170,"peso":13},{"id":74,"peso":9},{"id":82,"peso":0},{"id":41,"peso":20},{"id":80,"peso":11},{"id":27,"peso":20},{"id":7,"peso":1},{"id":193,"peso":12},{"id":19,"peso":20},{"id":116,"peso":12}]}