{"docente":{"nome":"Fabio","departamento":"FIC","id":1341},"atividades":[{"id":79,"peso":9},{"id":105,"peso":20},{"id":53,"peso":1},{"id":75,"peso":19},{"id":196,"peso":2},{"id":24,"peso":9},{"id":188,"peso":3},{"id":89,"peso":11},{"id":116,"peso":20},{"id":4,"peso":0},{"id":3,"peso":7},{"id":127,"peso":11},{"id":14,"peso":13},{"id":177,"peso":16},{"id":155,"peso":2},{"id":165,"peso":12},{"id":126,"peso":14},{"id":159,"peso":2},{"id":135,"peso":11},{"id":197,"peso":14},{"id":192,"peso":8},{"id":167,"peso":3},{"id":1,"peso":0},{"id":108,"peso":8},{"id":32,"peso":8},{"id":161,"peso":17},{"id":17,"peso":8},{"id":145,"peso":2},{"id":49,"peso":15},{"id":171,"peso":12},{"id":144,"peso":17},{"id":95,"peso":9},{"id":152,"peso":11},{"id":70,"peso":13},{"id":111,"peso":2},{"id":50,"peso":15},{"id":157,"peso":19},{"id":90,"peso":18},{"id":69,"peso":9},{"id":184,"peso":19},{"id":113,"peso":17},{"id":51,"peso":17},{"id":148,"peso":1},{"id":33,"peso":18},{"id":10,"peso":17},{"id":190,"peso":11},{"id":48,"peso":6},{"id":83,"peso":15},{"id":45,"peso":10},{"id":98,"peso":10},{"id":102,"peso":13},{"id":191,"peso":20},{"id":94,"peso":6},{"id":97,"peso":19},{"id":26,"peso":9},{"id":134,"peso":16},{"id":40,"peso":8},{"id":128,"peso":8},{"id":146,"peso":19},{"id":35,"peso":10},{"id":169,"peso":17},{"id":121,"peso":0},{"id":170,"peso":5},{"id":82,"peso":14},{"id":163,"peso":2},{"id":7,"peso":16},{"id":96,"peso":1},{"id":60,"peso":1},{"id":55,"peso":6},{"id":54,"peso":12},{"id":181,"peso":16},{"id":182,"peso":17},{"id":23,"peso":13},{"id":65,"peso":9},{"id":168,"peso":2},{"id":178,"peso":8},{"id":85,"peso":14},{"id":80,"peso":17},{"id":76,"peso":18},{"id":175,"peso":0},{"id":63,"peso":1},{"id":162,"peso":10}]}