{"docente":{"nome":"Renato","departamento":"IQ","id":1039},"atividades":[{"id":184,"peso":12},{"id":37,"peso":4},{"id":174,"peso":5},{"id":137,"peso":12},{"id":44,"peso":7},{"id":103,"peso":12},{"id":8,"peso":0},{"id":42,"peso":4},{"id":53,"peso":10},{"id":64,"peso":7},{"id":100,"peso":12},{"id":153,"peso":3},{"id":76,"peso":9},{"id":128,"peso":3},{"id":81,"peso":7},{"id":86,"peso":6},{"id":183,"peso":9},{"id":185,"peso":17},{"id":149,"peso":4},{"id":162,"peso":13},{"id":60,"peso":12},{"id":136,"peso":20},{"id":110,"peso":6},{"id":157,"peso":2},{"id":130,"peso":9},{"id":99,"peso":20},{"id":19,"peso":10},{"id":154,"peso":6},{"id":35,"peso":15},{"id":180,"peso":16},{"id":194,"peso":1},{"id":123,"peso":15},{"id":70,"peso":20},{"id":118,"peso":15},{"id":11,"peso":1},{"id":125,"peso":19},{"id":172,"peso":20},{"id":193,"peso":13},{"id":121,"peso":11},{"id":124,"peso":7},{"id":163,"peso":8},{"id":83,"peso":17},{"id":33,"peso":16},{"id":40,"peso":8},{"id":10,"peso":0},{"id":47,"peso":8},{"id":67,"peso":16},{"id":177,"peso":5},{"id":71,"peso":3},{"id":45,"peso":10},{"id":36,"peso":16},{"id":41,"peso":4},{"id":31,"peso":11},{"id":106,"peso":3},{"id":159,"peso":9},{"id":2,"peso":5},{"id":104,"peso":0},{"id":32,"peso":18},{"id":155,"peso":11},{"id":181,"peso":0},{"id":15,"peso":6},{"id":141,"peso":0},{"id":151,"peso":4},{"id":145,"peso":2},{"id":156,"peso":19},{"id":75,"peso":6},{"id":196,"peso":16},{"id":85,"peso":15},{"id":72,"peso":7},{"id":108,"peso":8},{"id":46,"peso":0},{"id":135,"peso":7},{"id":120,"peso":13},{"id":61,"peso":13},{"id":94,"peso":19},{"id":148,"peso":19},{"id":187,"peso":1},{"id":39,"peso":0},{"id":117,"peso":12},{"id":16,"peso":6},{"id":178,"peso":11}]}