{"docente":{"nome":"Laerte","departamento":"FIC","id":1373},"atividades":[{"id":98,"peso":10},{"id":94,"peso":4},{"id":106,"peso":17},{"id":82,"peso":20},{"id":170,"peso":7},{"id":133,"peso":2},{"id":192,"peso":12},{"id":38,"peso":5},{"id":70,"peso":3},{"id":81,"peso":12},{"id":11,"peso":18},{"id":9,"peso":16},{"id":40,"peso":4},{"id":104,"peso":3},{"id":66,"peso":0},{"id":105,"peso":9},{"id":99,"peso":17},{"id":166,"peso":1},{"id":139,"peso":20},{"id":91,"peso":18},{"id":189,"peso":1},{"id":131,"peso":1},{"id":44,"peso":0},{"id":59,"peso":16},{"id":89,"peso":11},{"id":36,"peso":7},{"id":78,"peso":9},{"id":64,"peso":18},{"id":195,"peso":10},{"id":165,"peso":6},{"id":168,"peso":18},{"id":103,"peso":18},{"id":73,"peso":0},{"id":18,"peso":13},{"id":67,"peso":16},{"id":188,"peso":7},{"id":85,"peso":19},{"id":58,"peso":14},{"id":5,"peso":7},{"id":108,"peso":16},{"id":27,"peso":17},{"id":26,"peso":19},{"id":123,"peso":17},{"id":56,"peso":7},{"id":7,"peso":3},{"id":116,"peso":0},{"id":20,"peso":0},{"id":151,"peso":19},{"id":110,"peso":2},{"id":163,"peso":18},{"id":129,"peso":1},{"id":62,"peso":4},{"id":101,"peso":18},{"id":87,"peso":13},{"id":191,"peso":3},{"id":4,"peso":14},{"id":23,"peso":16},{"id":30,"peso":20},{"id":115,"peso":20},{"id":52,"peso":20},{"id":45,"peso":13},{"id":169,"peso":2},{"id":152,"peso":20},{"id":120,"peso":10},{"id":48,"peso":5},{"id":88,"peso":18},{"id":75,"peso":17},{"id":3,"peso":3},{"id":177,"peso":13},{"id":136,"peso":5},{"id":72,"peso":20},{"id":190,"peso":18},{"id":16,"peso":8},{"id":154,"peso":13},{"id":79,"peso":15},{"id":32,"peso":8},{"id":39,"peso":17},{"id":187,"peso":12},{"id":122,"peso":20},{"id":111,"peso":12},{"id":84,"peso":18},{"id":145,"peso":15},{"id":109,"peso":14},{"id":25,"peso":2},{"id":95,"peso":13}]}