{"docente":{"nome":"Joao","departamento":"ICB","id":1307},"atividades":[{"id":115,"peso":4},{"id":21,"peso":18},{"id":65,"peso":12},{"id":186,"peso":9},{"id":67,"peso":4},{"id":168,"peso":15},{"id":78,"peso":2},{"id":9,"peso":0},{"id":46,"peso":11},{"id":43,"peso":6},{"id":146,"peso":10},{"id":180,"peso":9},{"id":137,"peso":15},{"id":169,"peso":1},{"id":59,"peso":20},{"id":185,"peso":20},{"id":7,"peso":4},{"id":155,"peso":20},{"id":170,"peso":1},{"id":197,"peso":18},{"id":66,"peso":16},{"id":114,"peso":7},{"id":50,"peso":4},{"id":17,"peso":19},{"id":118,"peso":10},{"id":87,"peso":4},{"id":139,"peso":4},{"id":86,"peso":16},{"id":55,"peso":14},{"id":196,"peso":7},{"id":161,"peso":6},{"id":126,"peso":17},{"id":127,"peso":14},{"id":156,"peso":18},{"id":178,"peso":5},{"id":190,"peso":12},{"id":117,"peso":13},{"id":157,"peso":6},{"id":116,"peso":11},{"id":188,"peso":5},{"id":14,"peso":13},{"id":15,"peso":12},{"id":153,"peso":3},{"id":182,"peso":19},{"id":100,"peso":2},{"id":192,"peso":6},{"id":187,"peso":7},{"id":132,"peso":8},{"id":173,"peso":12},{"id":22,"peso":10},{"id":130,"peso":0},{"id":31,"peso":4},{"id":33,"peso":4},{"id":80,"peso":17},{"id":151,"peso":18},{"id":111,"peso":9},{"id":163,"peso":8},{"id":144,"peso":3},{"id":68,"peso":1},{"id":34,"peso":10},{"id":124,"peso":0},{"id":8,"peso":6},{"id":39,"peso":9},{"id":74,"peso":14},{"id":1,"peso":7},{"id":44,"peso":20},{"id":12,"peso":18},{"id":174,"peso":5},{"id":72,"peso":2},{"id":120,"peso":1},{"id":88,"peso":11},{"id":177,"peso":8},{"id":32,"peso":19},{"id":70,"peso":1},{"id":58,"peso":8}]}