{"docente":{"nome":"Henrique","departamento":"FEF","id":1276},"atividades":[{"id":195,"peso":18},{"id":196,"peso":2},{"id":102,"peso":3},{"id":19,"peso":4},{"id":158,"peso":6},{"id":114,"peso":5},{"id":107,"peso":16},{"id":198,"peso":4},{"id":38,"peso":13},{"id":197,"peso":16},{"id":62,"peso":0},{"id":57,"peso":4},{"id":141,"peso":2},{"id":64,"peso":3},{"id":51,"peso":7},{"id":122,"peso":4},{"id":137,"peso":18},{"id":69,"peso":19},{"id":160,"peso":18},{"id":144,"peso":17},{"id":3,"peso":10},{"id":176,"peso":0},{"id":50,"peso":13},{"id":94,"peso":12},{"id":9,"peso":3},{"id":138,"peso":20},{"id":180,"peso":5},{"id":6,"peso":3},{"id":39,"peso":11},{"id":66,"peso":0},{"id":129,"peso":9},{"id":87,"peso":5},{"id":163,"peso":14},{"id":155,"peso":4},{"id":22,"peso":17},{"id":151,"peso":2},{"id":121,"peso":19},{"id":133,"peso":19},{"id":132,"peso":11},{"id":123,"peso":0},{"id":97,"peso":2},{"id":88,"peso":9},{"id":105,"peso":14},{"id":1,"peso":17},{"id":130,"peso":18},{"id":36,"peso":12},{"id":118,"peso":0},{"id":85,"peso":3},{"id":42,"peso":15},{"id":18,"peso":14},{"id":153,"peso":13},{"id":117,"peso":11},{"id":179,"peso":18},{"id":172,"peso":5},{"id":157,"peso":9},{"id":170,"peso":17},{"id":106,"peso":4},{"id":150,"peso":13},{"id":67,"peso":1},{"id":183,"peso":0},{"id":187,"peso":8},{"id":148,"peso":11},{"id":63,"peso":11},{"id":108,"peso":14},{"id":143,"peso":15},{"id":173,"peso":17},{"id":194,"peso":7},{"id":14,"peso":5},{"id":65,"peso":8},{"id":43,"peso":6},{"id":20,"peso":15},{"id":181,"peso":12},{"id":45,"peso":15},{"id":164,"peso":5},{"id":119,"peso":10},{"id":95,"peso":19}]}