{"docente":{"nome":"Luiz","departamento":"FEF","id":1252},"atividades":[{"id":96,"peso":9},{"id":61,"peso":9},{"id":56,"peso":15},{"id":187,"peso":20},{"id":148,"peso":1},{"id":63,"peso":5},{"id":16,"peso":9},{"id":191,"peso":6},{"id":194,"peso":2},{"id":119,"peso":13},{"id":195,"peso":6},{"id":183,"peso":20},{"id":32,"peso":20},{"id":4,"peso":3},{"id":110,"peso":12},{"id":154,"peso":20},{"id":181,"peso":3},{"id":161,"peso":10},{"id":40,"peso":16},{"id":51,"peso":15},{"id":170,"peso":3},{"id":167,"peso":8},{"id":64,"peso":18},{"id":5,"peso":12},{"id":18,"peso":8},{"id":94,"peso":20},{"id":155,"peso":17},{"id":173,"peso":20},{"id":138,"peso":13},{"id":176,"peso":8},{"id":68,"peso":2},{"id":140,"peso":0},{"id":106,"peso":4},{"id":186,"peso":12},{"id":72,"peso":16},{"id":8,"peso":12},{"id":130,"peso":13},{"id":77,"peso":16},{"id":149,"peso":10},{"id":101,"peso":4},{"id":60,"peso":13},{"id":3,"peso":16},{"id":121,"peso":11},{"id":132,"peso":9},{"id":75,"peso":7},{"id":50,"peso":11},{"id":28,"peso":7},{"id":6,"peso":16},{"id":34,"peso":1},{"id":89,"peso":6},{"id":184,"peso":1},{"id":14,"peso":15},{"id":39,"peso":13},{"id":81,"peso":11},{"id":80,"peso":17},{"id":157,"peso":20},{"id":74,"peso":11},{"id":108,"peso":4},{"id":102,"peso":6},{"id":166,"peso":6},{"id":46,"peso":17},{"id":85,"peso":7},{"id":24,"peso":7},{"id":99,"peso":10},{"id":53,"peso":12},{"id":19,"peso":7},{"id":122,"peso":19},{"id":44,"peso":9},{"id":112,"peso":14},{"id":164,"peso":20},{"id":59,"peso":1},{"id":193,"peso":16},{"id":2,"peso":13},{"id":158,"peso":15},{"id":20,"peso":14}]}