{"docente":{"nome":"Paulo","departamento":"FIC","id":10},"atividades":[{"id":148,"peso":13},{"id":95,"peso":19},{"id":70,"peso":1},{"id":84,"peso":9},{"id":133,"peso":15},{"id":102,"peso":13},{"id":129,"peso":14},{"id":34,"peso":3},{"id":117,"peso":7},{"id":168,"peso":6},{"id":62,"peso":5},{"id":14,"peso":12},{"id":197,"peso":17},{"id":71,"peso":11},{"id":146,"peso":5},{"id":108,"peso":11},{"id":40,"peso":19},{"id":43,"peso":19},{"id":104,"peso":5},{"id":115,"peso":9},{"id":81,"peso":13},{"id":36,"peso":9},{"id":82,"peso":11},{"id":12,"peso":8},{"id":11,"peso":8},{"id":98,"peso":12},{"id":192,"peso":10},{"id":91,"peso":13},{"id":191,"peso":9},{"id":6,"peso":1},{"id":160,"peso":7},{"id":140,"peso":14},{"id":51,"peso":1},{"id":138,"peso":4},{"id":186,"peso":13},{"id":48,"peso":7},{"id":17,"peso":12},{"id":99,"peso":16},{"id":183,"peso":8},{"id":109,"peso":10},{"id":41,"peso":20},{"id":190,"peso":18},{"id":171,"peso":1},{"id":42,"peso":10},{"id":55,"peso":10},{"id":156,"peso":7},{"id":57,"peso":0},{"id":19,"peso":5},{"id":52,"peso":7},{"id":184,"peso":10},{"id":116,"peso":4},{"id":130,"peso":4},{"id":128,"peso":13},{"id":120,"peso":17},{"id":59,"peso":8},{"id":169,"peso":20},{"id":113,"peso":8},{"id":118,"peso":5},{"id":60,"peso":10},{"id":68,"peso":11},{"id":27,"peso":18},{"id":147,"peso":15},{"id":175,"peso":16},{"id":181,"peso":9},{"id":28,"peso":12},{"id":88,"peso":20},{"id":46,"peso":8},{"id":23,"peso":8},{"id":136,"peso":5},{"id":173,"peso":15},{"id":3,"peso":1},{"id":125,"peso":18},{"id":31,"peso":1},{"id":141,"peso":3},{"id":137,"peso":18},{"id":105,"peso":16},{"id":198,"peso":6},{"id":18,"peso":10},{"id":94,"peso":18},{"id":8,"peso":18},{"id":127,"peso":20}]}