{"docente":{"nome":"Adriana","departamento":"ICB","id":1285},"atividades":[{"id":75,"peso":2},{"id":186,"peso":4},{"id":181,"peso":16},{"id":187,"peso":5},{"id":122,"peso":11},{"id":192,"peso":3},{"id":185,"peso":6},{"id":36,"peso":18},{"id":27,"peso":11},{"id":50,"peso":17},{"id":119,"peso":6},{"id":23,"peso":0},{"id":62,"peso":20},{"id":39,"peso":17},{"id":84,"peso":14},{"id":65,"peso":20},{"id":194,"peso":12},{"id":93,"peso":12},{"id":175,"peso":4},{"id":195,"peso":1},{"id":127,"peso":6},{"id":108,"peso":13},{"id":48,"peso":16},{"id":4,"peso":20},{"id":83,"peso":13},{"id":16,"peso":2},{"id":156,"peso":8},{"id":168,"peso":7},{"id":193,"peso":12},{"id":22,"peso":19},{"id":44,"peso":16},{"id":49,"peso":16},{"id":154,"peso":5},{"id":145,"peso":20},{"id":90,"peso":11},{"id":91,"peso":6},{"id":106,"peso":11},{"id":165,"peso":18},{"id":143,"peso":15},{"id":17,"peso":12},{"id":111,"peso":11},{"id":69,"peso":3},{"id":182,"peso":8},{"id":144,"peso":6},{"id":54,"peso":19},{"id":100,"peso":14},{"id":71,"peso":11},{"id":113,"peso":2},{"id":47,"peso":13},{"id":38,"peso":19},{"id":92,"peso":1},{"id":37,"peso":1},{"id":146,"peso":12},{"id":149,"peso":16},{"id":6,"peso":2},{"id":10,"peso":1},{"id":33,"peso":18},{"id":96,"peso":18},{"id":104,"peso":18},{"id":70,"peso":18},{"id":198,"peso":8},{"id":152,"peso":3},{"id":115,"peso":3},{"id":125,"peso":5},{"id":41,"peso":6},{"id":46,"peso":13},{"id":72,"peso":14},{"id":166,"peso":13},{"id":161,"peso":6},{"id":135,"peso":18},{"id":169,"peso":17},{"id":196,"peso":6},{"id":61,"peso":9},{"id":159,"peso":16},{"id":77,"peso":10},{"id":131,"peso":17},{"id":174,"peso":6},{"id":120,"peso":5},{"id":133,"peso":0}]}