{"docente":{"nome":"Murilo","departamento":"FIC","id":1181},"atividades":[{"id":174,"peso":1},{"id":12,"peso":18},{"id":94,"peso":2},{"id":43,"peso":18},{"id":48,"peso":10},{"id":19,"peso":0},{"id":2,"peso":7},{"id":180,"peso":8},{"id":101,"peso":18},{"id":186,"peso":20},{"id":77,"peso":20},{"id":177,"peso":17},{"id":98,"peso":4},{"id":62,"peso":18},{"id":149,"peso":16},{"id":23,"peso":3},{"id":185,"peso":16},{"id":26,"peso":15},{"id":140,"peso":12},{"id":57,"peso":8},{"id":195,"peso":11},{"id":129,"peso":10},{"id":35,"peso":16},{"id":69,"peso":5},{"id":159,"peso":14},{"id":141,"peso":20},{"id":124,"peso":16},{"id":64,"peso":18},{"id":53,"peso":4},{"id":85,"peso":20},{"id":176,"peso":5},{"id":135,"peso":13},{"id":41,"peso":14},{"id":127,"peso":17},{"id":10,"peso":13},{"id":17,"peso":15},{"id":66,"peso":8},{"id":173,"peso":19},{"id":58,"peso":14},{"id":120,"peso":17},{"id":160,"peso":16},{"id":184,"peso":13},{"id":139,"peso":5},{"id":111,"peso":4},{"id":103,"peso":13},{"id":52,"peso":3},{"id":150,"peso":6},{"id":155,"peso":0},{"id":169,"peso":17},{"id":178,"peso":2},{"id":107,"peso":13},{"id":190,"peso":10},{"id":55,"peso":20},{"id":181,"peso":4},{"id":194,"peso":17},{"id":83,"peso":0},{"id":34,"peso":0},{"id":191,"peso":19},{"id":198,"peso":7},{"id":170,"peso":16},{"id":24,"peso":2},{"id":40,"peso":10},{"id":166,"peso":7},{"id":59,"peso":13},{"id":4,"peso":6},{"id":142,"peso":14},{"id":76,"peso":7},{"id":36,"peso":17},{"id":144,"peso":3},{"id":93,"peso":9},{"id":119,"peso":5},{"id":193,"peso":14},{"id":153,"peso":18},{"id":147,"peso":9},{"id":172,"peso":11},{"id":133,"peso":16},{"id":145,"peso":10},{"id":79,"peso":4},{"id":68,"peso":6},{"id":46,"peso":11},{"id":63,"peso":4}]}