{"docente":{"nome":"Fabio","departamento":"FEF","id":1228},"atividades":[{"id":99,"peso":20},{"id":113,"peso":8},{"id":173,"peso":17},{"id":27,"peso":6},{"id":189,"peso":20},{"id":122,"peso":16},{"id":90,"peso":10},{"id":34,"peso":3},{"id":172,"peso":10},{"id":150,"peso":3},{"id":152,"peso":10},{"id":87,"peso":7},{"id":64,"peso":2},{"id":181,"peso":16},{"id":44,"peso":8},{"id":174,"peso":7},{"id":118,"peso":16},{"id":165,"peso":16},{"id":68,"peso":13},{"id":105,"peso":15},{"id":139,"peso":7},{"id":37,"peso":4},{"id":21,"peso":1},{"id":18,"peso":19},{"id":80,"peso":15},{"id":76,"peso":2},{"id":4,"peso":12},{"id":176,"peso":18},{"id":33,"peso":0},{"id":49,"peso":0},{"id":126,"peso":7},{"id":32,"peso":6},{"id":140,"peso":17},{"id":59,"peso":11},{"id":154,"peso":4},{"id":2,"peso":20},{"id":51,"peso":1},{"id":184,"peso":7},{"id":70,"peso":5},{"id":29,"peso":5},{"id":145,"peso":9},{"id":178,"peso":9},{"id":111,"peso":2},{"id":92,"peso":2},{"id":79,"peso":0},{"id":133,"peso":1},{"id":151,"peso":18},{"id":94,"peso":7},{"id":156,"peso":0},{"id":9,"peso":8},{"id":65,"peso":10},{"id":67,"peso":8},{"id":35,"peso":15},{"id":74,"peso":10},{"id":162,"peso":0},{"id":119,"peso":16},{"id":137,"peso":3},{"id":158,"peso":0},{"id":146,"peso":17},{"id":164,"peso":17},{"id":81,"peso":14},{"id":114,"peso":13},{"id":101,"peso":0},{"id":42,"peso":11},{"id":180,"peso":8},{"id":131,"peso":16},{"id":41,"peso":4},{"id":149,"peso":2},{"id":160,"peso":5},{"id":38,"peso":7},{"id":128,"peso":15},{"id":25,"peso":19},{"id":112,"peso":5},{"id":50,"peso":8},{"id":102,"peso":5},{"id":109,"peso":5},{"id":177,"peso":10},{"id":72,"peso":7},{"id":191,"peso":15},{"id":124,"peso":6}]}