{"docente":{"nome":"Paulo","departamento":"FEF","id":1030},"atividades":[{"id":95,"peso":17},{"id":118,"peso":2},{"id":22,"peso":15},{"id":65,"peso":8},{"id":105,"peso":10},{"id":63,"peso":14},{"id":82,"peso":18},{"id":168,"peso":13},{"id":152,"peso":11},{"id":183,"peso":6},{"id":51,"peso":7},{"id":97,"peso":4},{"id":99,"peso":8},{"id":70,"peso":12},{"id":189,"peso":6},{"id":2,"peso":16},{"id":128,"peso":14},{"id":68,"peso":9},{"id":45,"peso":0},{"id":3,"peso":11},{"id":31,"peso":16},{"id":162,"peso":18},{"id":92,"peso":4},{"id":100,"peso":8},{"id":180,"peso":3},{"id":43,"peso":10},{"id":52,"peso":7},{"id":40,"peso":2},{"id":94,"peso":0},{"id":177,"peso":14},{"id":190,"peso":14},{"id":169,"peso":11},{"id":164,"peso":15},{"id":188,"peso":13},{"id":74,"peso":2},{"id":160,"peso":7},{"id":90,"peso":9},{"id":84,"peso":14},{"id":132,"peso":18},{"id":30,"peso":7},{"id":123,"peso":9},{"id":64,"peso":10},{"id":25,"peso":1},{"id":184,"peso":2},{"id":178,"peso":3},{"id":117,"peso":18},{"id":54,"peso":20},{"id":151,"peso":3},{"id":33,"peso":13},{"id":69,"peso":8},{"id":158,"peso":8},{"id":7,"peso":1},{"id":165,"peso":19},{"id":87,"peso":11},{"id":77,"peso":10},{"id":78,"peso":0},{"id":35,"peso":0},{"id":197,"peso":8},{"id":143,"peso":2},{"id":166,"peso":13},{"id":139,"peso":18},{"id":72,"peso":13},{"id":17,"peso":2},{"id":154,"peso":16},{"id":133,"peso":4},{"id":126,"peso":8},{"id":18,"peso":16},{"id":163,"peso":9},{"id":24,"peso":12},{"id":80,"peso":8}]}