{"docente":{"nome":"Ana","departamento":"IQ","id":1071},"atividades":[{"id":86,"peso":13},{"id":168,"peso":5},{"id":22,"peso":6},{"id":105,"peso":16},{"id":108,"peso":9},{"id":80,"peso":8},{"id":23,"peso":9},{"id":70,"peso":6},{"id":171,"peso":5},{"id":94,"peso":5},{"id":123,"peso":14},{"id":125,"peso":2},{"id":54,"peso":15},{"id":140,"peso":6},{"id":147,"peso":15},{"id":93,"peso":11},{"id":19,"peso":11},{"id":33,"peso":7},{"id":177,"peso":13},{"id":134,"peso":15},{"id":30,"peso":20},{"id":130,"peso":5},{"id":17,"peso":18},{"id":169,"peso":18},{"id":185,"peso":20},{"id":143,"peso":6},{"id":124,"peso":1},{"id":112,"peso":5},{"id":139,"peso":8},{"id":81,"peso":11},{"id":106,"peso":4},{"id":101,"peso":16},{"id":4,"peso":7},{"id":151,"peso":1},{"id":135,"peso":1},{"id":141,"peso":11},{"id":87,"peso":18},{"id":14,"peso":4},{"id":150,"peso":14},{"id":174,"peso":4},{"id":127,"peso":2},{"id":164,"peso":19},{"id":159,"peso":13},{"id":43,"peso":5},{"id":179,"peso":3},{"id":107,"peso":1},{"id":126,"peso":19},{"id":5,"peso":14},{"id":52,"peso":4},{"id":172,"peso":15},{"id":142,"peso":14},{"id":53,"peso":20},{"id":84,"peso":7},{"id":79,"peso":4},{"id":36,"peso":10},{"id":18,"peso":11},{"id":110,"peso":3},{"id":82,"peso":10},{"id":191,"peso":10},{"id":73,"peso":15},{"id":180,"peso":11},{"id":71,"peso":7},{"id":133,"peso":10},{"id":37,"peso":11},{"id":58,"peso":19},{"id":38,"peso":0},{"id":136,"peso":1},{"id":56,"peso":12},{"id":42,"peso":16},{"id":190,"peso":16},{"id":182,"peso":13},{"id":62,"peso":2},{"id":181,"peso":11},{"id":178,"peso":1},{"id":77,"peso":10},{"id":104,"peso":2},{"id":12,"peso":1},{"id":148,"peso":17},{"id":27,"peso":17},{"id":145,"peso":0},{"id":132,"peso":6},{"id":16,"peso":5}]}