{"docente":{"nome":"Iasmin","departamento":"ICB","id":1254},"atividades":[{"id":89,"peso":7},{"id":19,"peso":10},{"id":82,"peso":14},{"id":54,"peso":11},{"id":175,"peso":11},{"id":17,"peso":17},{"id":99,"peso":16},{"id":14,"peso":3},{"id":147,"peso":10},{"id":8,"peso":19},{"id":88,"peso":16},{"id":84,"peso":2},{"id":172,"peso":12},{"id":81,"peso":10},{"id":38,"peso":5},{"id":117,"peso":8},{"id":178,"peso":2},{"id":45,"peso":0},{"id":119,"peso":9},{"id":37,"peso":7},{"id":13,"peso":7},{"id":48,"peso":2},{"id":46,"peso":20},{"id":161,"peso":11},{"id":28,"peso":9},{"id":186,"peso":10},{"id":93,"peso":20},{"id":192,"peso":5},{"id":77,"peso":2},{"id":71,"peso":17},{"id":122,"peso":17},{"id":102,"peso":19},{"id":6,"peso":1},{"id":49,"peso":11},{"id":198,"peso":3},{"id":162,"peso":5},{"id":26,"peso":10},{"id":40,"peso":9},{"id":116,"peso":11},{"id":55,"peso":6},{"id":131,"peso":4},{"id":61,"peso":13},{"id":97,"peso":17},{"id":20,"peso":11},{"id":80,"peso":15},{"id":15,"peso":9},{"id":60,"peso":14},{"id":30,"peso":3},{"id":126,"peso":8},{"id":195,"peso":12},{"id":154,"peso":19},{"id":123,"peso":8},{"id":67,"peso":2},{"id":176,"peso":17},{"id":141,"peso":9},{"id":148,"peso":8},{"id":125,"peso":9},{"id":44,"peso":19},{"id":43,"peso":8},{"id":133,"peso":16},{"id":69,"peso":14},{"id":183,"peso":9},{"id":32,"peso":8},{"id":90,"peso":6},{"id":160,"peso":8},{"id":42,"peso":4},{"id":2,"peso":20},{"id":151,"peso":9},{"id":155,"peso":15},{"id":128,"peso":10},{"id":104,"peso":12},{"id":57,"peso":8},{"id":103,"peso":9}]}