{"docente":{"nome":"Murilo","departamento":"ICB","id":1288},"atividades":[{"id":40,"peso":7},{"id":20,"peso":18},{"id":112,"peso":9},{"id":121,"peso":5},{"id":22,"peso":16},{"id":146,"peso":5},{"id":33,"peso":18},{"id":195,"peso":20},{"id":37,"peso":2},{"id":95,"peso":3},{"id":176,"peso":19},{"id":154,"peso":5},{"id":44,"peso":9},{"id":61,"peso":2},{"id":63,"peso":4},{"id":178,"peso":12},{"id":14,"peso":13},{"id":59,"peso":0},{"id":86,"peso":13},{"id":78,"peso":5},{"id":64,"peso":12},{"id":110,"peso":8},{"id":15,"peso":2},{"id":149,"peso":6},{"id":69,"peso":9},{"id":115,"peso":0},{"id":23,"peso":9},{"id":132,"peso":12},{"id":96,"peso":7},{"id":21,"peso":11},{"id":169,"peso":3},{"id":198,"peso":10},{"id":5,"peso":1},{"id":49,"peso":10},{"id":140,"peso":2},{"id":85,"peso":17},{"id":191,"peso":12},{"id":180,"peso":18},{"id":102,"peso":13},{"id":164,"peso":6},{"id":193,"peso":20},{"id":90,"peso":10},{"id":141,"peso":13},{"id":113,"peso":15},{"id":192,"peso":0},{"id":80,"peso":14},{"id":45,"peso":6},{"id":43,"peso":17},{"id":166,"peso":1},{"id":94,"peso":6},{"id":10,"peso":11},{"id":197,"peso":5},{"id":34,"peso":3},{"id":159,"peso":1},{"id":157,"peso":13},{"id":101,"peso":6},{"id":120,"peso":3},{"id":19,"peso":9},{"id":81,"peso":20},{"id":41,"peso":1},{"id":70,"peso":4},{"id":133,"peso":7},{"id":88,"peso":3},{"id":18,"peso":12},{"id":173,"peso":16},{"id":2,"peso":18},{"id":117,"peso":14},{"id":153,"peso":19},{"id":189,"peso":18},{"id":158,"peso":19},{"id":145,"peso":10},{"id":177,"peso":17},{"id":137,"peso":0},{"id":185,"peso":19},{"id":162,"peso":3},{"id":163,"peso":17},{"id":179,"peso":11},{"id":165,"peso":10},{"id":75,"peso":8},{"id":168,"peso":14},{"id":97,"peso":5},{"id":123,"peso":12},{"id":54,"peso":8},{"id":76,"peso":16},{"id":31,"peso":15},{"id":156,"peso":0}]}