{"docente":{"nome":"Iasmin","departamento":"IQ","id":104},"atividades":[{"id":71,"peso":17},{"id":139,"peso":5},{"id":80,"peso":3},{"id":127,"peso":16},{"id":51,"peso":17},{"id":79,"peso":15},{"id":81,"peso":12},{"id":23,"peso":9},{"id":172,"peso":13},{"id":18,"peso":9},{"id":73,"peso":1},{"id":164,"peso":4},{"id":6,"peso":16},{"id":38,"peso":10},{"id":98,"peso":0},{"id":50,"peso":17},{"id":122,"peso":18},{"id":26,"peso":18},{"id":161,"peso":19},{"id":150,"peso":17},{"id":41,"peso":0},{"id":53,"peso":1},{"id":5,"peso":3},{"id":2,"peso":19},{"id":170,"peso":15},{"id":96,"peso":19},{"id":176,"peso":16},{"id":92,"peso":20},{"id":25,"peso":15},{"id":137,"peso":18},{"id":83,"peso":9},{"id":195,"peso":13},{"id":13,"peso":18},{"id":119,"peso":14},{"id":74,"peso":9},{"id":133,"peso":3},{"id":185,"peso":6},{"id":33,"peso":5},{"id":47,"peso":19},{"id":70,"peso":15},{"id":3,"peso":9},{"id":114,"peso":19},{"id":136,"peso":0},{"id":120,"peso":5},{"id":168,"peso":0},{"id":118,"peso":3},{"id":63,"peso":18},{"id":155,"peso":1},{"id":59,"peso":5},{"id":76,"peso":20},{"id":141,"peso":8},{"id":177,"peso":18},{"id":123,"peso":12},{"id":57,"peso":20},{"id":100,"peso":5},{"id":20,"peso":4},{"id":182,"peso":3},{"id":117,"peso":15},{"id":17,"peso":13},{"id":159,"peso":1},{"id":197,"peso":14},{"id":130,"peso":5},{"id":15,"peso":6},{"id":183,"peso":9},{"id":124,"peso":14},{"id":106,"peso":0},{"id":40,"peso":15},{"id":102,"peso":17},{"id":22,"peso":19},{"id":126,"peso":14},{"id":154,"peso":12},{"id":105,"peso":5},{"id":35,"peso":3},{"id":192,"peso":20},{"id":85,"peso":9},{"id":131,"peso":4},{"id":10,"peso":17},{"id":82,"peso":10},{"id":36,"peso":0},{"id":101,"peso":1}]}