{"docente":{"nome":"Laerte","departamento":"FEF","id":1084},"atividades":[{"id":99,"peso":4},{"id":128,"peso":19},{"id":126,"peso":11},{"id":91,"peso":2},{"id":124,"peso":19},{"id":102,"peso":19},{"id":59,"peso":8},{"id":51,"peso":20},{"id":149,"peso":13},{"id":27,"peso":5},{"id":41,"peso":2},{"id":118,"peso":4},{"id":143,"peso":1},{"id":58,"peso":11},{"id":63,"peso":10},{"id":173,"peso":11},{"id":137,"peso":14},{"id":165,"peso":13},{"id":114,"peso":12},{"id":135,"peso":16},{"id":198,"peso":0},{"id":169,"peso":1},{"id":69,"peso":14},{"id":68,"peso":10},{"id":45,"peso":3},{"id":30,"peso":16},{"id":78,"peso":2},{"id":186,"peso":7},{"id":96,"peso":9},{"id":185,"peso":9},{"id":42,"peso":17},{"id":40,"peso":0},{"id":109,"peso":17},{"id":168,"peso":12},{"id":4,"peso":14},{"id":83,"peso":9},{"id":56,"peso":19},{"id":177,"peso":8},{"id":55,"peso":11},{"id":106,"peso":12},{"id":85,"peso":18},{"id":160,"peso":20},{"id":145,"peso":17},{"id":195,"peso":5},{"id":32,"peso":5},{"id":191,"peso":18},{"id":140,"peso":17},{"id":35,"peso":20},{"id":60,"peso":15},{"id":29,"peso":18},{"id":127,"peso":5},{"id":49,"peso":13},{"id":88,"peso":17},{"id":82,"peso":6},{"id":176,"peso":11},{"id":38,"peso":13},{"id":167,"peso":0},{"id":139,"peso":5},{"id":154,"peso":20},{"id":112,"peso":9},{"id":125,"peso":13},{"id":123,"peso":3},{"id":132,"peso":13},{"id":65,"peso":5},{"id":98,"peso":18},{"id":190,"peso":6},{"id":161,"peso":10},{"id":156,"peso":10},{"id":21,"peso":3},{"id":9,"peso":16},{"id":46,"peso":13},{"id":47,"peso":14},{"id":170,"peso":6},{"id":5,"peso":8},{"id":28,"peso":17},{"id":111,"peso":15},{"id":103,"peso":12},{"id":93,"peso":8},{"id":174,"peso":13},{"id":121,"peso":6}]}