{"docente":{"nome":"Henrique","departamento":"FEF","id":1003},"atividades":[{"id":109,"peso":6},{"id":178,"peso":12},{"id":179,"peso":4},{"id":98,"peso":2},{"id":64,"peso":3},{"id":3,"peso":2},{"id":140,"peso":17},{"id":106,"peso":5},{"id":55,"peso":14},{"id":40,"peso":13},{"id":151,"peso":20},{"id":126,"peso":8},{"id":104,"peso":10},{"id":7,"peso":10},{"id":73,"peso":7},{"id":190,"peso":17},{"id":19,"peso":5},{"id":142,"peso":14},{"id":129,"peso":0},{"id":1,"peso":17},{"id":61,"peso":4},{"id":22,"peso":17},{"id":4,"peso":10},{"id":82,"peso":7},{"id":90,"peso":5},{"id":57,"peso":7},{"id":25,"peso":0},{"id":169,"peso":8},{"id":167,"peso":11},{"id":18,"peso":4},{"id":102,"peso":3},{"id":186,"peso":19},{"id":125,"peso":6},{"id":31,"peso":18},{"id":85,"peso":11},{"id":171,"peso":19},{"id":74,"peso":11},{"id":174,"peso":1},{"id":136,"peso":17},{"id":187,"peso":1},{"id":88,"peso":19},{"id":123,"peso":2},{"id":79,"peso":5},{"id":52,"peso":4},{"id":121,"peso":6},{"id":91,"peso":8},{"id":63,"peso":17},{"id":69,"peso":1},{"id":23,"peso":13},{"id":78,"peso":1},{"id":177,"peso":6},{"id":166,"peso":5},{"id":159,"peso":7},{"id":184,"peso":6},{"id":75,"peso":2},{"id":198,"peso":12},{"id":181,"peso":18},{"id":118,"peso":19},{"id":158,"peso":2},{"id":156,"peso":5},{"id":14,"peso":3},{"id":81,"peso":0},{"id":42,"peso":13},{"id":68,"peso":17},{"id":183,"peso":20},{"id":116,"peso":13},{"id":96,"peso":17},{"id":60,"peso":7},{"id":35,"peso":0},{"id":15,"peso":13},{"id":66,"peso":14},{"id":138,"peso":5},{"id":173,"peso":8},{"id":21,"peso":20},{"id":170,"peso":5},{"id":41,"peso":9},{"id":165,"peso":10},{"id":101,"peso":11},{"id":38,"peso":16},{"id":51,"peso":8},{"id":182,"peso":10},{"id":77,"peso":20}]}