{"docente":{"nome":"Auri","departamento":"ICB","id":1315},"atividades":[{"id":195,"peso":14},{"id":67,"peso":8},{"id":117,"peso":0},{"id":38,"peso":12},{"id":128,"peso":1},{"id":108,"peso":7},{"id":32,"peso":17},{"id":6,"peso":20},{"id":60,"peso":4},{"id":20,"peso":20},{"id":104,"peso":10},{"id":198,"peso":19},{"id":89,"peso":16},{"id":70,"peso":5},{"id":113,"peso":20},{"id":99,"peso":5},{"id":93,"peso":5},{"id":73,"peso":16},{"id":101,"peso":16},{"id":79,"peso":6},{"id":187,"peso":3},{"id":166,"peso":8},{"id":82,"peso":11},{"id":111,"peso":11},{"id":45,"peso":0},{"id":130,"peso":13},{"id":126,"peso":14},{"id":50,"peso":0},{"id":132,"peso":11},{"id":115,"peso":16},{"id":163,"peso":7},{"id":34,"peso":20},{"id":52,"peso":8},{"id":91,"peso":4},{"id":62,"peso":20},{"id":46,"peso":19},{"id":140,"peso":6},{"id":19,"peso":12},{"id":145,"peso":10},{"id":156,"peso":16},{"id":74,"peso":16},{"id":179,"peso":14},{"id":143,"peso":3},{"id":136,"peso":1},{"id":35,"peso":15},{"id":12,"peso":9},{"id":23,"peso":17},{"id":86,"peso":19},{"id":14,"peso":9},{"id":180,"peso":8},{"id":138,"peso":12},{"id":88,"peso":19},{"id":33,"peso":4},{"id":87,"peso":15},{"id":85,"peso":3},{"id":30,"peso":15},{"id":13,"peso":14},{"id":190,"peso":15},{"id":123,"peso":3},{"id":94,"peso":18},{"id":169,"peso":14},{"id":25,"peso":3},{"id":49,"peso":20},{"id":181,"peso":14},{"id":1,"peso":12},{"id":183,"peso":14},{"id":174,"peso":11},{"id":153,"peso":18},{"id":105,"peso":2},{"id":177,"peso":5},{"id":127,"peso":6},{"id":172,"peso":3},{"id":84,"peso":7},{"id":61,"peso":16},{"id":5,"peso":11},{"id":191,"peso":16},{"id":56,"peso":1},{"id":121,"peso":18},{"id":8,"peso":2}]}