{"docente":{"nome":"Henrique","departamento":"IQ","id":1196},"atividades":[{"id":42,"peso":7},{"id":28,"peso":0},{"id":140,"peso":8},{"id":30,"peso":1},{"id":3,"peso":5},{"id":98,"peso":20},{"id":125,"peso":13},{"id":64,"peso":18},{"id":159,"peso":20},{"id":117,"peso":14},{"id":87,"peso":0},{"id":81,"peso":19},{"id":189,"peso":3},{"id":22,"peso":0},{"id":47,"peso":16},{"id":9,"peso":12},{"id":137,"peso":3},{"id":113,"peso":9},{"id":20,"peso":6},{"id":106,"peso":14},{"id":116,"peso":20},{"id":151,"peso":8},{"id":191,"peso":1},{"id":69,"peso":14},{"id":2,"peso":13},{"id":85,"peso":5},{"id":57,"peso":8},{"id":175,"peso":14},{"id":16,"peso":16},{"id":188,"peso":8},{"id":163,"peso":6},{"id":50,"peso":10},{"id":121,"peso":9},{"id":79,"peso":0},{"id":129,"peso":4},{"id":126,"peso":13},{"id":26,"peso":6},{"id":76,"peso":13},{"id":70,"peso":12},{"id":63,"peso":13},{"id":56,"peso":15},{"id":17,"peso":6},{"id":174,"peso":1},{"id":68,"peso":4},{"id":41,"peso":20},{"id":89,"peso":15},{"id":112,"peso":1},{"id":36,"peso":17},{"id":52,"peso":20},{"id":29,"peso":16},{"id":58,"peso":1},{"id":49,"peso":0},{"id":177,"peso":6},{"id":38,"peso":18},{"id":127,"peso":3},{"id":12,"peso":15},{"id":111,"peso":14},{"id":173,"peso":5},{"id":148,"peso":19},{"id":153,"peso":8},{"id":182,"peso":4},{"id":31,"peso":12},{"id":185,"peso":15},{"id":132,"peso":8},{"id":165,"peso":7},{"id":181,"peso":5},{"id":74,"peso":15},{"id":172,"peso":3},{"id":118,"peso":18},{"id":80,"peso":10},{"id":156,"peso":7},{"id":94,"peso":8},{"id":101,"peso":15},{"id":48,"peso":2},{"id":184,"peso":4},{"id":105,"peso":10},{"id":92,"peso":13},{"id":4,"peso":9},{"id":149,"peso":6},{"id":55,"peso":12},{"id":197,"peso":14}]}