{"docente":{"nome":"Ana","departamento":"FIC","id":1143},"atividades":[{"id":64,"peso":19},{"id":118,"peso":11},{"id":1,"peso":12},{"id":67,"peso":18},{"id":73,"peso":7},{"id":83,"peso":15},{"id":195,"peso":1},{"id":75,"peso":10},{"id":42,"peso":9},{"id":63,"peso":4},{"id":142,"peso":8},{"id":35,"peso":3},{"id":178,"peso":6},{"id":153,"peso":20},{"id":29,"peso":20},{"id":53,"peso":8},{"id":13,"peso":16},{"id":56,"peso":19},{"id":151,"peso":8},{"id":130,"peso":12},{"id":89,"peso":6},{"id":170,"peso":12},{"id":4,"peso":12},{"id":146,"peso":16},{"id":140,"peso":18},{"id":115,"peso":20},{"id":69,"peso":4},{"id":78,"peso":1},{"id":139,"peso":13},{"id":111,"peso":2},{"id":177,"peso":14},{"id":154,"peso":13},{"id":26,"peso":8},{"id":6,"peso":5},{"id":158,"peso":9},{"id":189,"peso":0},{"id":98,"peso":20},{"id":22,"peso":6},{"id":8,"peso":16},{"id":21,"peso":16},{"id":180,"peso":16},{"id":116,"peso":9},{"id":97,"peso":17},{"id":172,"peso":7},{"id":46,"peso":20},{"id":5,"peso":19},{"id":167,"peso":1},{"id":11,"peso":12},{"id":138,"peso":10},{"id":148,"peso":11},{"id":102,"peso":5},{"id":61,"peso":15},{"id":18,"peso":7},{"id":169,"peso":3},{"id":90,"peso":8},{"id":133,"peso":20},{"id":20,"peso":3},{"id":72,"peso":10},{"id":183,"peso":0},{"id":132,"peso":6},{"id":100,"peso":19},{"id":10,"peso":9},{"id":36,"peso":1},{"id":184,"peso":17},{"id":187,"peso":11},{"id":3,"peso":19},{"id":41,"peso":3},{"id":43,"peso":1},{"id":176,"peso":13},{"id":9,"peso":7},{"id":173,"peso":11},{"id":84,"peso":17},{"id":104,"peso":5},{"id":113,"peso":4},{"id":70,"peso":8},{"id":79,"peso":2},{"id":127,"peso":1},{"id":27,"peso":12}]}