{"docente":{"nome":"Henrique","departamento":"IF","id":1147},"atividades":[{"id":174,"peso":11},{"id":192,"peso":6},{"id":30,"peso":1},{"id":56,"peso":9},{"id":57,"peso":12},{"id":165,"peso":18},{"id":128,"peso":14},{"id":12,"peso":7},{"id":13,"peso":0},{"id":153,"peso":10},{"id":180,"peso":10},{"id":23,"peso":0},{"id":3,"peso":5},{"id":102,"peso":12},{"id":179,"peso":20},{"id":166,"peso":10},{"id":84,"peso":19},{"id":31,"peso":12},{"id":90,"peso":16},{"id":8,"peso":4},{"id":19,"peso":1},{"id":141,"peso":5},{"id":110,"peso":13},{"id":189,"peso":4},{"id":181,"peso":17},{"id":58,"peso":12},{"id":136,"peso":19},{"id":143,"peso":20},{"id":80,"peso":9},{"id":83,"peso":18},{"id":38,"peso":3},{"id":16,"peso":1},{"id":152,"peso":8},{"id":133,"peso":15},{"id":135,"peso":18},{"id":2,"peso":13},{"id":24,"peso":4},{"id":161,"peso":8},{"id":18,"peso":3},{"id":88,"peso":17},{"id":169,"peso":12},{"id":98,"peso":3},{"id":91,"peso":11},{"id":100,"peso":5},{"id":145,"peso":9},{"id":171,"peso":9},{"id":75,"peso":13},{"id":121,"peso":7},{"id":173,"peso":18},{"id":37,"peso":15},{"id":53,"peso":16},{"id":52,"peso":15},{"id":122,"peso":17},{"id":113,"peso":14},{"id":114,"peso":9},{"id":76,"peso":0},{"id":15,"peso":19},{"id":34,"peso":3},{"id":167,"peso":9},{"id":29,"peso":9},{"id":140,"peso":8},{"id":182,"peso":14},{"id":64,"peso":17},{"id":154,"peso":13},{"id":67,"peso":20},{"id":134,"peso":11},{"id":93,"peso":4},{"id":185,"peso":8},{"id":78,"peso":14},{"id":9,"peso":8},{"id":107,"peso":9},{"id":42,"peso":20},{"id":60,"peso":13},{"id":109,"peso":20},{"id":159,"peso":16},{"id":105,"peso":18},{"id":104,"peso":14},{"id":81,"peso":15},{"id":125,"peso":0},{"id":170,"peso":7},{"id":130,"peso":19}]}