{"docente":{"nome":"Karla","departamento":"INF","id":1428},"atividades":[{"id":173,"peso":11},{"id":91,"peso":10},{"id":198,"peso":20},{"id":102,"peso":8},{"id":127,"peso":15},{"id":135,"peso":18},{"id":175,"peso":16},{"id":126,"peso":20},{"id":148,"peso":8},{"id":6,"peso":18},{"id":51,"peso":7},{"id":158,"peso":12},{"id":187,"peso":12},{"id":17,"peso":16},{"id":107,"peso":5},{"id":60,"peso":5},{"id":49,"peso":20},{"id":31,"peso":3},{"id":39,"peso":5},{"id":129,"peso":0},{"id":70,"peso":17},{"id":109,"peso":19},{"id":93,"peso":20},{"id":128,"peso":0},{"id":71,"peso":0},{"id":88,"peso":0},{"id":130,"peso":8},{"id":87,"peso":6},{"id":149,"peso":13},{"id":182,"peso":20},{"id":196,"peso":4},{"id":136,"peso":17},{"id":95,"peso":16},{"id":28,"peso":2},{"id":108,"peso":0},{"id":115,"peso":19},{"id":44,"peso":3},{"id":179,"peso":3},{"id":188,"peso":7},{"id":142,"peso":10},{"id":79,"peso":19},{"id":134,"peso":0},{"id":169,"peso":7},{"id":16,"peso":3},{"id":185,"peso":11},{"id":43,"peso":14},{"id":176,"peso":9},{"id":170,"peso":18},{"id":41,"peso":2},{"id":15,"peso":16},{"id":164,"peso":0},{"id":143,"peso":7},{"id":72,"peso":20},{"id":113,"peso":3},{"id":162,"peso":12},{"id":25,"peso":18},{"id":112,"peso":12},{"id":42,"peso":0},{"id":119,"peso":14},{"id":59,"peso":11},{"id":90,"peso":12},{"id":45,"peso":2},{"id":157,"peso":13},{"id":153,"peso":19},{"id":52,"peso":19},{"id":105,"peso":20},{"id":132,"peso":17},{"id":86,"peso":3},{"id":65,"peso":4},{"id":47,"peso":17},{"id":14,"peso":10},{"id":122,"peso":11},{"id":54,"peso":0}]}