{"docente":{"nome":"Joao","departamento":"IQ","id":110},"atividades":[{"id":187,"peso":17},{"id":43,"peso":4},{"id":9,"peso":6},{"id":131,"peso":9},{"id":113,"peso":5},{"id":153,"peso":4},{"id":169,"peso":9},{"id":66,"peso":1},{"id":171,"peso":5},{"id":34,"peso":14},{"id":167,"peso":19},{"id":114,"peso":8},{"id":72,"peso":16},{"id":73,"peso":10},{"id":148,"peso":12},{"id":133,"peso":11},{"id":3,"peso":4},{"id":147,"peso":4},{"id":178,"peso":2},{"id":37,"peso":11},{"id":101,"peso":2},{"id":151,"peso":10},{"id":110,"peso":18},{"id":126,"peso":11},{"id":98,"peso":19},{"id":13,"peso":13},{"id":56,"peso":1},{"id":164,"peso":8},{"id":17,"peso":9},{"id":190,"peso":6},{"id":33,"peso":7},{"id":55,"peso":10},{"id":59,"peso":20},{"id":136,"peso":18},{"id":8,"peso":17},{"id":170,"peso":5},{"id":63,"peso":11},{"id":82,"peso":20},{"id":31,"peso":17},{"id":122,"peso":16},{"id":177,"peso":0},{"id":36,"peso":16},{"id":61,"peso":11},{"id":194,"peso":8},{"id":115,"peso":18},{"id":51,"peso":9},{"id":183,"peso":11},{"id":76,"peso":5},{"id":86,"peso":13},{"id":5,"peso":4},{"id":85,"peso":9},{"id":165,"peso":20},{"id":182,"peso":14},{"id":111,"peso":14},{"id":188,"peso":7},{"id":112,"peso":5},{"id":124,"peso":20},{"id":87,"peso":19},{"id":181,"peso":8},{"id":192,"peso":19},{"id":29,"peso":14},{"id":198,"peso":7},{"id":142,"peso":2},{"id":139,"peso":0},{"id":96,"peso":20},{"id":138,"peso":2},{"id":69,"peso":5},{"id":160,"peso":15},{"id":107,"peso":7},{"id":12,"peso":2},{"id":20,"peso":16},{"id":154,"peso":7},{"id":78,"peso":18},{"id":38,"peso":8},{"id":134,"peso":14},{"id":144,"peso":5},{"id":11,"peso":16},{"id":65,"peso":9},{"id":10,"peso":16},{"id":84,"peso":0},{"id":152,"peso":6},{"id":196,"peso":11},{"id":140,"peso":0}]}