{"docente":{"nome":"Paulo","departamento":"IF","id":1101},"atividades":[{"id":8,"peso":18},{"id":59,"peso":11},{"id":192,"peso":15},{"id":34,"peso":2},{"id":38,"peso":8},{"id":87,"peso":17},{"id":196,"peso":8},{"id":17,"peso":13},{"id":86,"peso":0},{"id":152,"peso":14},{"id":56,"peso":12},{"id":62,"peso":12},{"id":66,"peso":20},{"id":93,"peso":7},{"id":130,"peso":12},{"id":15,"peso":20},{"id":73,"peso":6},{"id":183,"peso":7},{"id":187,"peso":2},{"id":144,"peso":19},{"id":23,"peso":7},{"id":166,"peso":0},{"id":191,"peso":5},{"id":105,"peso":19},{"id":27,"peso":5},{"id":146,"peso":16},{"id":3,"peso":3},{"id":72,"peso":1},{"id":154,"peso":10},{"id":91,"peso":7},{"id":175,"peso":5},{"id":10,"peso":1},{"id":165,"peso":7},{"id":96,"peso":3},{"id":28,"peso":4},{"id":190,"peso":16},{"id":177,"peso":12},{"id":156,"peso":4},{"id":149,"peso":20},{"id":75,"peso":4},{"id":178,"peso":5},{"id":64,"peso":20},{"id":101,"peso":8},{"id":18,"peso":0},{"id":74,"peso":1},{"id":104,"peso":5},{"id":174,"peso":20},{"id":171,"peso":19},{"id":198,"peso":11},{"id":197,"peso":12},{"id":48,"peso":12},{"id":30,"peso":6},{"id":31,"peso":0},{"id":40,"peso":2},{"id":46,"peso":1},{"id":51,"peso":2},{"id":117,"peso":10},{"id":186,"peso":9},{"id":147,"peso":11},{"id":80,"peso":19},{"id":100,"peso":4},{"id":134,"peso":18},{"id":139,"peso":14},{"id":22,"peso":18},{"id":98,"peso":18},{"id":170,"peso":7},{"id":55,"peso":4},{"id":114,"peso":2},{"id":76,"peso":3},{"id":184,"peso":12},{"id":12,"peso":7},{"id":32,"peso":4},{"id":102,"peso":0},{"id":71,"peso":3},{"id":50,"peso":11},{"id":19,"peso":19},{"id":77,"peso":3},{"id":115,"peso":8},{"id":162,"peso":4},{"id":41,"peso":15}]}