{"docente":{"nome":"Laerte","departamento":"FIC","id":1190},"atividades":[{"id":151,"peso":19},{"id":163,"peso":11},{"id":153,"peso":18},{"id":112,"peso":20},{"id":172,"peso":15},{"id":48,"peso":0},{"id":114,"peso":6},{"id":131,"peso":19},{"id":4,"peso":8},{"id":39,"peso":9},{"id":168,"peso":10},{"id":128,"peso":13},{"id":189,"peso":6},{"id":25,"peso":15},{"id":26,"peso":6},{"id":29,"peso":3},{"id":75,"peso":10},{"id":116,"peso":1},{"id":68,"peso":13},{"id":22,"peso":3},{"id":30,"peso":14},{"id":55,"peso":9},{"id":14,"peso":7},{"id":27,"peso":9},{"id":149,"peso":6},{"id":38,"peso":18},{"id":23,"peso":17},{"id":133,"peso":7},{"id":144,"peso":1},{"id":197,"peso":10},{"id":82,"peso":0},{"id":164,"peso":3},{"id":188,"peso":7},{"id":98,"peso":6},{"id":89,"peso":12},{"id":165,"peso":17},{"id":104,"peso":1},{"id":146,"peso":0},{"id":195,"peso":15},{"id":150,"peso":2},{"id":58,"peso":17},{"id":79,"peso":0},{"id":142,"peso":11},{"id":42,"peso":5},{"id":43,"peso":17},{"id":11,"peso":6},{"id":175,"peso":2},{"id":130,"peso":9},{"id":74,"peso":4},{"id":137,"peso":8},{"id":71,"peso":3},{"id":34,"peso":0},{"id":110,"peso":4},{"id":115,"peso":4},{"id":9,"peso":1},{"id":62,"peso":2},{"id":1,"peso":16},{"id":69,"peso":8},{"id":45,"peso":18},{"id":67,"peso":19},{"id":190,"peso":0},{"id":13,"peso":20},{"id":179,"peso":9},{"id":31,"peso":9},{"id":53,"peso":14},{"id":143,"peso":16},{"id":166,"peso":16},{"id":148,"peso":13},{"id":101,"peso":13},{"id":134,"peso":7},{"id":140,"peso":20},{"id":96,"peso":9},{"id":184,"peso":16},{"id":84,"peso":14},{"id":160,"peso":11},{"id":192,"peso":16},{"id":72,"peso":2},{"id":100,"peso":9},{"id":90,"peso":5}]}