{"docente":{"nome":"Berenice","departamento":"INF","id":1363},"atividades":[{"id":55,"peso":11},{"id":23,"peso":10},{"id":66,"peso":4},{"id":30,"peso":10},{"id":58,"peso":15},{"id":27,"peso":4},{"id":45,"peso":6},{"id":35,"peso":5},{"id":168,"peso":0},{"id":14,"peso":10},{"id":67,"peso":10},{"id":152,"peso":18},{"id":40,"peso":11},{"id":15,"peso":11},{"id":71,"peso":10},{"id":61,"peso":6},{"id":73,"peso":18},{"id":120,"peso":14},{"id":12,"peso":1},{"id":195,"peso":19},{"id":169,"peso":7},{"id":193,"peso":1},{"id":167,"peso":1},{"id":127,"peso":2},{"id":197,"peso":2},{"id":135,"peso":19},{"id":150,"peso":7},{"id":182,"peso":15},{"id":148,"peso":2},{"id":164,"peso":9},{"id":143,"peso":13},{"id":2,"peso":5},{"id":52,"peso":2},{"id":99,"peso":7},{"id":119,"peso":8},{"id":104,"peso":16},{"id":125,"peso":6},{"id":32,"peso":15},{"id":64,"peso":8},{"id":107,"peso":13},{"id":13,"peso":11},{"id":108,"peso":14},{"id":3,"peso":7},{"id":33,"peso":17},{"id":54,"peso":8},{"id":80,"peso":2},{"id":38,"peso":4},{"id":7,"peso":0},{"id":79,"peso":8},{"id":163,"peso":5},{"id":129,"peso":14},{"id":114,"peso":2},{"id":118,"peso":17},{"id":56,"peso":4},{"id":72,"peso":19},{"id":86,"peso":11},{"id":98,"peso":16},{"id":184,"peso":19},{"id":84,"peso":11},{"id":94,"peso":17},{"id":25,"peso":13},{"id":141,"peso":18},{"id":177,"peso":19},{"id":132,"peso":20},{"id":103,"peso":3},{"id":176,"peso":3},{"id":42,"peso":7},{"id":20,"peso":19},{"id":139,"peso":13},{"id":189,"peso":3},{"id":95,"peso":1},{"id":110,"peso":17},{"id":76,"peso":13},{"id":192,"peso":4},{"id":121,"peso":16},{"id":74,"peso":5},{"id":140,"peso":2},{"id":144,"peso":17},{"id":82,"peso":5},{"id":78,"peso":10},{"id":41,"peso":19},{"id":128,"peso":4},{"id":63,"peso":0},{"id":138,"peso":12}]}