{"docente":{"nome":"Ingrid","departamento":"IQ","id":1354},"atividades":[{"id":70,"peso":3},{"id":112,"peso":6},{"id":127,"peso":10},{"id":56,"peso":7},{"id":59,"peso":2},{"id":44,"peso":8},{"id":34,"peso":4},{"id":66,"peso":5},{"id":176,"peso":4},{"id":47,"peso":3},{"id":108,"peso":19},{"id":31,"peso":19},{"id":132,"peso":14},{"id":170,"peso":20},{"id":158,"peso":8},{"id":134,"peso":0},{"id":147,"peso":11},{"id":54,"peso":14},{"id":89,"peso":19},{"id":67,"peso":16},{"id":141,"peso":12},{"id":20,"peso":4},{"id":167,"peso":4},{"id":53,"peso":16},{"id":15,"peso":7},{"id":182,"peso":5},{"id":124,"peso":5},{"id":39,"peso":14},{"id":46,"peso":5},{"id":172,"peso":14},{"id":92,"peso":6},{"id":120,"peso":10},{"id":113,"peso":13},{"id":11,"peso":19},{"id":129,"peso":12},{"id":33,"peso":16},{"id":64,"peso":5},{"id":84,"peso":15},{"id":180,"peso":14},{"id":119,"peso":14},{"id":197,"peso":17},{"id":139,"peso":8},{"id":114,"peso":9},{"id":160,"peso":17},{"id":18,"peso":2},{"id":111,"peso":4},{"id":36,"peso":19},{"id":28,"peso":17},{"id":30,"peso":1},{"id":171,"peso":9},{"id":4,"peso":18},{"id":76,"peso":3},{"id":126,"peso":1},{"id":45,"peso":10},{"id":94,"peso":15},{"id":71,"peso":20},{"id":135,"peso":16},{"id":32,"peso":1},{"id":23,"peso":8},{"id":25,"peso":19},{"id":169,"peso":7},{"id":116,"peso":18},{"id":78,"peso":3},{"id":91,"peso":15},{"id":130,"peso":9},{"id":81,"peso":0},{"id":83,"peso":0},{"id":22,"peso":0},{"id":85,"peso":9},{"id":123,"peso":12},{"id":74,"peso":5}]}