{"docente":{"nome":"Ana","departamento":"IQ","id":1376},"atividades":[{"id":5,"peso":20},{"id":34,"peso":17},{"id":86,"peso":10},{"id":117,"peso":17},{"id":108,"peso":1},{"id":115,"peso":18},{"id":170,"peso":19},{"id":8,"peso":19},{"id":107,"peso":13},{"id":191,"peso":12},{"id":183,"peso":6},{"id":77,"peso":18},{"id":50,"peso":14},{"id":19,"peso":7},{"id":90,"peso":7},{"id":6,"peso":0},{"id":7,"peso":18},{"id":3,"peso":1},{"id":185,"peso":12},{"id":28,"peso":11},{"id":175,"peso":4},{"id":159,"peso":13},{"id":16,"peso":5},{"id":153,"peso":15},{"id":93,"peso":3},{"id":94,"peso":7},{"id":80,"peso":6},{"id":172,"peso":2},{"id":116,"peso":1},{"id":139,"peso":1},{"id":157,"peso":11},{"id":110,"peso":8},{"id":193,"peso":17},{"id":133,"peso":0},{"id":132,"peso":18},{"id":54,"peso":6},{"id":36,"peso":7},{"id":181,"peso":3},{"id":47,"peso":20},{"id":169,"peso":3},{"id":135,"peso":13},{"id":127,"peso":12},{"id":134,"peso":0},{"id":160,"peso":14},{"id":98,"peso":6},{"id":152,"peso":5},{"id":33,"peso":16},{"id":155,"peso":17},{"id":26,"peso":19},{"id":163,"peso":5},{"id":190,"peso":12},{"id":87,"peso":4},{"id":149,"peso":0},{"id":56,"peso":13},{"id":13,"peso":19},{"id":11,"peso":17},{"id":112,"peso":17},{"id":136,"peso":16},{"id":174,"peso":4},{"id":109,"peso":11},{"id":131,"peso":15},{"id":194,"peso":9},{"id":84,"peso":7},{"id":59,"peso":16},{"id":95,"peso":8},{"id":142,"peso":10},{"id":46,"peso":8},{"id":196,"peso":17},{"id":99,"peso":20},{"id":180,"peso":8},{"id":177,"peso":1},{"id":40,"peso":11},{"id":198,"peso":14},{"id":171,"peso":13}]}