{"docente":{"nome":"Marcelo","departamento":"FIC","id":1111},"atividades":[{"id":105,"peso":4},{"id":132,"peso":10},{"id":84,"peso":19},{"id":87,"peso":8},{"id":20,"peso":3},{"id":117,"peso":7},{"id":96,"peso":14},{"id":74,"peso":6},{"id":197,"peso":1},{"id":148,"peso":9},{"id":160,"peso":2},{"id":101,"peso":11},{"id":194,"peso":10},{"id":26,"peso":11},{"id":41,"peso":20},{"id":91,"peso":9},{"id":171,"peso":20},{"id":35,"peso":6},{"id":184,"peso":13},{"id":1,"peso":0},{"id":53,"peso":4},{"id":31,"peso":15},{"id":163,"peso":6},{"id":145,"peso":10},{"id":64,"peso":1},{"id":72,"peso":9},{"id":196,"peso":8},{"id":195,"peso":14},{"id":48,"peso":8},{"id":113,"peso":10},{"id":154,"peso":4},{"id":44,"peso":16},{"id":164,"peso":3},{"id":69,"peso":16},{"id":46,"peso":8},{"id":93,"peso":0},{"id":159,"peso":2},{"id":63,"peso":10},{"id":80,"peso":13},{"id":129,"peso":6},{"id":81,"peso":14},{"id":17,"peso":5},{"id":14,"peso":12},{"id":189,"peso":17},{"id":97,"peso":12},{"id":185,"peso":11},{"id":21,"peso":20},{"id":59,"peso":18},{"id":167,"peso":7},{"id":18,"peso":8},{"id":104,"peso":13},{"id":89,"peso":17},{"id":99,"peso":2},{"id":13,"peso":18},{"id":12,"peso":5},{"id":121,"peso":9},{"id":92,"peso":1},{"id":5,"peso":15},{"id":143,"peso":12},{"id":153,"peso":11},{"id":130,"peso":10},{"id":49,"peso":10},{"id":58,"peso":15},{"id":3,"peso":6},{"id":176,"peso":2},{"id":175,"peso":14},{"id":140,"peso":14},{"id":4,"peso":19},{"id":152,"peso":9},{"id":79,"peso":10},{"id":8,"peso":0},{"id":179,"peso":1},{"id":33,"peso":2},{"id":183,"peso":0},{"id":2,"peso":8},{"id":86,"peso":1},{"id":24,"peso":7},{"id":120,"peso":18},{"id":193,"peso":11},{"id":11,"peso":13}]}