{"docente":{"nome":"Pedro","departamento":"FIC","id":1382},"atividades":[{"id":74,"peso":19},{"id":49,"peso":5},{"id":196,"peso":12},{"id":48,"peso":18},{"id":82,"peso":9},{"id":160,"peso":9},{"id":175,"peso":0},{"id":95,"peso":15},{"id":91,"peso":7},{"id":77,"peso":6},{"id":71,"peso":18},{"id":36,"peso":7},{"id":75,"peso":7},{"id":1,"peso":3},{"id":42,"peso":9},{"id":52,"peso":17},{"id":68,"peso":15},{"id":121,"peso":11},{"id":136,"peso":1},{"id":148,"peso":20},{"id":113,"peso":16},{"id":132,"peso":17},{"id":81,"peso":2},{"id":25,"peso":3},{"id":144,"peso":17},{"id":176,"peso":8},{"id":190,"peso":5},{"id":180,"peso":5},{"id":137,"peso":20},{"id":16,"peso":1},{"id":153,"peso":14},{"id":80,"peso":7},{"id":147,"peso":12},{"id":4,"peso":10},{"id":138,"peso":5},{"id":155,"peso":13},{"id":128,"peso":15},{"id":149,"peso":6},{"id":131,"peso":18},{"id":98,"peso":17},{"id":58,"peso":13},{"id":63,"peso":20},{"id":150,"peso":6},{"id":191,"peso":17},{"id":146,"peso":12},{"id":30,"peso":7},{"id":104,"peso":14},{"id":29,"peso":0},{"id":57,"peso":19},{"id":45,"peso":12},{"id":100,"peso":2},{"id":193,"peso":6},{"id":97,"peso":7},{"id":55,"peso":2},{"id":171,"peso":14},{"id":85,"peso":1},{"id":11,"peso":2},{"id":182,"peso":15},{"id":112,"peso":19},{"id":61,"peso":8},{"id":143,"peso":1},{"id":2,"peso":19},{"id":181,"peso":15},{"id":44,"peso":16},{"id":159,"peso":1},{"id":50,"peso":8},{"id":192,"peso":19},{"id":105,"peso":10},{"id":120,"peso":6},{"id":108,"peso":8},{"id":117,"peso":6},{"id":133,"peso":1},{"id":38,"peso":11},{"id":103,"peso":15},{"id":186,"peso":16},{"id":32,"peso":17},{"id":156,"peso":17},{"id":145,"peso":18},{"id":24,"peso":14},{"id":46,"peso":0},{"id":134,"peso":6},{"id":56,"peso":1},{"id":72,"peso":10}]}