{"docente":{"nome":"Guilherme","departamento":"IF","id":1185},"atividades":[{"id":130,"peso":1},{"id":137,"peso":16},{"id":131,"peso":14},{"id":69,"peso":11},{"id":139,"peso":18},{"id":160,"peso":9},{"id":53,"peso":5},{"id":183,"peso":12},{"id":186,"peso":4},{"id":59,"peso":18},{"id":169,"peso":12},{"id":32,"peso":16},{"id":1,"peso":3},{"id":141,"peso":4},{"id":132,"peso":0},{"id":107,"peso":8},{"id":95,"peso":14},{"id":14,"peso":12},{"id":174,"peso":17},{"id":41,"peso":9},{"id":62,"peso":12},{"id":5,"peso":13},{"id":114,"peso":0},{"id":149,"peso":2},{"id":185,"peso":16},{"id":126,"peso":3},{"id":24,"peso":16},{"id":98,"peso":13},{"id":45,"peso":11},{"id":175,"peso":4},{"id":44,"peso":14},{"id":46,"peso":3},{"id":26,"peso":16},{"id":92,"peso":7},{"id":181,"peso":8},{"id":180,"peso":8},{"id":178,"peso":10},{"id":108,"peso":11},{"id":105,"peso":8},{"id":190,"peso":0},{"id":11,"peso":17},{"id":2,"peso":17},{"id":125,"peso":12},{"id":106,"peso":9},{"id":146,"peso":4},{"id":97,"peso":8},{"id":159,"peso":18},{"id":102,"peso":15},{"id":156,"peso":6},{"id":184,"peso":5},{"id":170,"peso":5},{"id":83,"peso":12},{"id":99,"peso":7},{"id":162,"peso":2},{"id":33,"peso":14},{"id":167,"peso":14},{"id":21,"peso":13},{"id":138,"peso":0},{"id":123,"peso":14},{"id":23,"peso":18},{"id":96,"peso":8},{"id":37,"peso":0},{"id":127,"peso":17},{"id":195,"peso":20},{"id":121,"peso":0},{"id":67,"peso":18},{"id":188,"peso":20},{"id":144,"peso":2},{"id":94,"peso":13},{"id":34,"peso":5},{"id":68,"peso":6},{"id":84,"peso":10},{"id":191,"peso":0},{"id":140,"peso":18},{"id":36,"peso":8},{"id":171,"peso":15},{"id":154,"peso":11}]}