{"docente":{"nome":"Iasmin","departamento":"ICB","id":1160},"atividades":[{"id":53,"peso":16},{"id":178,"peso":15},{"id":99,"peso":16},{"id":86,"peso":18},{"id":37,"peso":3},{"id":54,"peso":20},{"id":123,"peso":6},{"id":15,"peso":15},{"id":153,"peso":15},{"id":64,"peso":19},{"id":73,"peso":1},{"id":45,"peso":1},{"id":47,"peso":7},{"id":77,"peso":1},{"id":101,"peso":13},{"id":147,"peso":7},{"id":72,"peso":8},{"id":105,"peso":6},{"id":115,"peso":13},{"id":117,"peso":2},{"id":154,"peso":11},{"id":29,"peso":13},{"id":142,"peso":2},{"id":6,"peso":17},{"id":139,"peso":11},{"id":164,"peso":14},{"id":87,"peso":13},{"id":22,"peso":7},{"id":126,"peso":19},{"id":61,"peso":9},{"id":69,"peso":14},{"id":67,"peso":3},{"id":91,"peso":14},{"id":46,"peso":4},{"id":18,"peso":11},{"id":31,"peso":14},{"id":84,"peso":6},{"id":135,"peso":3},{"id":197,"peso":0},{"id":184,"peso":9},{"id":131,"peso":19},{"id":60,"peso":8},{"id":100,"peso":18},{"id":122,"peso":10},{"id":106,"peso":20},{"id":90,"peso":8},{"id":194,"peso":3},{"id":4,"peso":4},{"id":50,"peso":16},{"id":97,"peso":19},{"id":39,"peso":17},{"id":162,"peso":6},{"id":134,"peso":6},{"id":137,"peso":13},{"id":159,"peso":11},{"id":33,"peso":7},{"id":167,"peso":14},{"id":170,"peso":9},{"id":110,"peso":12},{"id":48,"peso":3},{"id":127,"peso":11},{"id":19,"peso":2},{"id":169,"peso":10},{"id":63,"peso":4},{"id":172,"peso":8},{"id":120,"peso":15},{"id":78,"peso":16},{"id":129,"peso":12},{"id":44,"peso":17},{"id":128,"peso":20},{"id":179,"peso":12},{"id":102,"peso":11},{"id":13,"peso":9},{"id":145,"peso":17},{"id":76,"peso":14},{"id":183,"peso":4}]}