{"docente":{"nome":"Pedro","departamento":"INF","id":1082},"atividades":[{"id":53,"peso":7},{"id":15,"peso":4},{"id":80,"peso":10},{"id":12,"peso":17},{"id":93,"peso":13},{"id":116,"peso":15},{"id":54,"peso":11},{"id":34,"peso":16},{"id":102,"peso":14},{"id":186,"peso":5},{"id":1,"peso":10},{"id":171,"peso":11},{"id":158,"peso":16},{"id":152,"peso":0},{"id":104,"peso":6},{"id":23,"peso":16},{"id":64,"peso":12},{"id":153,"peso":8},{"id":19,"peso":4},{"id":17,"peso":10},{"id":96,"peso":13},{"id":128,"peso":2},{"id":61,"peso":16},{"id":175,"peso":13},{"id":120,"peso":18},{"id":189,"peso":1},{"id":30,"peso":13},{"id":98,"peso":19},{"id":57,"peso":4},{"id":126,"peso":10},{"id":144,"peso":13},{"id":141,"peso":6},{"id":20,"peso":19},{"id":185,"peso":18},{"id":164,"peso":3},{"id":149,"peso":18},{"id":195,"peso":4},{"id":74,"peso":9},{"id":162,"peso":5},{"id":190,"peso":17},{"id":118,"peso":5},{"id":150,"peso":18},{"id":89,"peso":13},{"id":4,"peso":11},{"id":132,"peso":1},{"id":160,"peso":7},{"id":85,"peso":20},{"id":127,"peso":18},{"id":37,"peso":13},{"id":188,"peso":6},{"id":56,"peso":18},{"id":67,"peso":10},{"id":21,"peso":13},{"id":154,"peso":2},{"id":59,"peso":1},{"id":11,"peso":4},{"id":42,"peso":1},{"id":29,"peso":5},{"id":125,"peso":16},{"id":58,"peso":8},{"id":174,"peso":5},{"id":193,"peso":16},{"id":86,"peso":17},{"id":10,"peso":13},{"id":161,"peso":10},{"id":52,"peso":10},{"id":111,"peso":4},{"id":134,"peso":13},{"id":99,"peso":6},{"id":90,"peso":18},{"id":173,"peso":8},{"id":163,"peso":3},{"id":167,"peso":20},{"id":65,"peso":10},{"id":101,"peso":14},{"id":113,"peso":20},{"id":140,"peso":18}]}