{"docente":{"nome":"Laerte","departamento":"FIC","id":1207},"atividades":[{"id":27,"peso":2},{"id":26,"peso":3},{"id":186,"peso":20},{"id":102,"peso":8},{"id":23,"peso":0},{"id":174,"peso":1},{"id":30,"peso":7},{"id":7,"peso":13},{"id":28,"peso":7},{"id":187,"peso":0},{"id":97,"peso":0},{"id":53,"peso":14},{"id":70,"peso":19},{"id":43,"peso":9},{"id":69,"peso":19},{"id":105,"peso":5},{"id":99,"peso":14},{"id":72,"peso":6},{"id":152,"peso":9},{"id":118,"peso":5},{"id":140,"peso":19},{"id":19,"peso":1},{"id":48,"peso":20},{"id":21,"peso":3},{"id":133,"peso":17},{"id":66,"peso":9},{"id":31,"peso":20},{"id":62,"peso":12},{"id":101,"peso":10},{"id":150,"peso":8},{"id":113,"peso":5},{"id":195,"peso":8},{"id":77,"peso":7},{"id":49,"peso":5},{"id":16,"peso":1},{"id":82,"peso":1},{"id":35,"peso":14},{"id":91,"peso":0},{"id":10,"peso":12},{"id":124,"peso":11},{"id":171,"peso":11},{"id":172,"peso":15},{"id":36,"peso":1},{"id":142,"peso":19},{"id":87,"peso":3},{"id":65,"peso":18},{"id":4,"peso":20},{"id":64,"peso":6},{"id":183,"peso":20},{"id":123,"peso":3},{"id":68,"peso":0},{"id":190,"peso":6},{"id":116,"peso":19},{"id":135,"peso":15},{"id":11,"peso":7},{"id":147,"peso":18},{"id":154,"peso":16},{"id":188,"peso":17},{"id":86,"peso":1},{"id":98,"peso":15},{"id":80,"peso":16},{"id":57,"peso":2},{"id":90,"peso":2},{"id":176,"peso":14},{"id":71,"peso":2},{"id":8,"peso":2},{"id":18,"peso":0},{"id":61,"peso":16},{"id":51,"peso":19},{"id":119,"peso":20},{"id":106,"peso":0},{"id":15,"peso":7},{"id":63,"peso":13},{"id":109,"peso":5},{"id":189,"peso":7},{"id":103,"peso":18}]}