{"docente":{"nome":"Joao","departamento":"FIC","id":138},"atividades":[{"id":166,"peso":13},{"id":75,"peso":16},{"id":194,"peso":7},{"id":37,"peso":15},{"id":149,"peso":19},{"id":1,"peso":17},{"id":175,"peso":5},{"id":51,"peso":7},{"id":154,"peso":3},{"id":131,"peso":7},{"id":159,"peso":8},{"id":190,"peso":5},{"id":43,"peso":16},{"id":5,"peso":19},{"id":27,"peso":10},{"id":9,"peso":20},{"id":130,"peso":16},{"id":177,"peso":9},{"id":171,"peso":13},{"id":124,"peso":2},{"id":148,"peso":7},{"id":103,"peso":13},{"id":13,"peso":9},{"id":21,"peso":20},{"id":95,"peso":7},{"id":3,"peso":11},{"id":39,"peso":15},{"id":22,"peso":13},{"id":163,"peso":15},{"id":197,"peso":20},{"id":156,"peso":13},{"id":26,"peso":15},{"id":105,"peso":12},{"id":12,"peso":6},{"id":107,"peso":5},{"id":83,"peso":16},{"id":2,"peso":3},{"id":188,"peso":2},{"id":137,"peso":3},{"id":150,"peso":11},{"id":122,"peso":19},{"id":98,"peso":9},{"id":142,"peso":0},{"id":169,"peso":16},{"id":140,"peso":19},{"id":186,"peso":14},{"id":127,"peso":18},{"id":91,"peso":5},{"id":54,"peso":17},{"id":99,"peso":15},{"id":173,"peso":4},{"id":17,"peso":3},{"id":155,"peso":12},{"id":44,"peso":0},{"id":157,"peso":8},{"id":185,"peso":5},{"id":128,"peso":19},{"id":36,"peso":18},{"id":57,"peso":6},{"id":85,"peso":20},{"id":129,"peso":1},{"id":179,"peso":7},{"id":164,"peso":8},{"id":108,"peso":3},{"id":40,"peso":17},{"id":189,"peso":14},{"id":120,"peso":17},{"id":102,"peso":14},{"id":191,"peso":15},{"id":16,"peso":16},{"id":195,"peso":2},{"id":56,"peso":17},{"id":198,"peso":11},{"id":153,"peso":17},{"id":41,"peso":9},{"id":126,"peso":3},{"id":125,"peso":19}]}