{"docente":{"nome":"Guilherme","departamento":"FIC","id":1138},"atividades":[{"id":136,"peso":2},{"id":36,"peso":2},{"id":106,"peso":11},{"id":74,"peso":6},{"id":37,"peso":5},{"id":178,"peso":7},{"id":26,"peso":2},{"id":117,"peso":11},{"id":73,"peso":14},{"id":121,"peso":2},{"id":147,"peso":19},{"id":5,"peso":3},{"id":78,"peso":9},{"id":21,"peso":5},{"id":141,"peso":14},{"id":48,"peso":6},{"id":77,"peso":15},{"id":138,"peso":3},{"id":159,"peso":16},{"id":8,"peso":2},{"id":28,"peso":14},{"id":67,"peso":17},{"id":85,"peso":17},{"id":179,"peso":11},{"id":39,"peso":0},{"id":105,"peso":2},{"id":183,"peso":0},{"id":86,"peso":12},{"id":99,"peso":4},{"id":193,"peso":14},{"id":115,"peso":4},{"id":80,"peso":9},{"id":97,"peso":3},{"id":182,"peso":4},{"id":190,"peso":16},{"id":123,"peso":4},{"id":10,"peso":5},{"id":197,"peso":19},{"id":194,"peso":2},{"id":113,"peso":15},{"id":41,"peso":3},{"id":176,"peso":20},{"id":131,"peso":5},{"id":111,"peso":12},{"id":124,"peso":18},{"id":100,"peso":3},{"id":49,"peso":13},{"id":22,"peso":8},{"id":170,"peso":8},{"id":31,"peso":18},{"id":92,"peso":2},{"id":146,"peso":7},{"id":102,"peso":3},{"id":35,"peso":17},{"id":122,"peso":3},{"id":64,"peso":6},{"id":110,"peso":6},{"id":118,"peso":0},{"id":75,"peso":16},{"id":47,"peso":19},{"id":14,"peso":8},{"id":25,"peso":20},{"id":1,"peso":3},{"id":140,"peso":7},{"id":155,"peso":3},{"id":103,"peso":4},{"id":148,"peso":0},{"id":72,"peso":17},{"id":139,"peso":2},{"id":60,"peso":19},{"id":184,"peso":13},{"id":163,"peso":20},{"id":79,"peso":17},{"id":62,"peso":3},{"id":55,"peso":6},{"id":119,"peso":7},{"id":114,"peso":10},{"id":82,"peso":16},{"id":181,"peso":2},{"id":162,"peso":1},{"id":13,"peso":7},{"id":172,"peso":10},{"id":40,"peso":4}]}