{"docente":{"nome":"Henrique","departamento":"IQ","id":1364},"atividades":[{"id":77,"peso":20},{"id":34,"peso":6},{"id":2,"peso":10},{"id":114,"peso":12},{"id":181,"peso":15},{"id":3,"peso":14},{"id":151,"peso":10},{"id":153,"peso":7},{"id":91,"peso":19},{"id":11,"peso":10},{"id":97,"peso":20},{"id":117,"peso":4},{"id":139,"peso":2},{"id":141,"peso":6},{"id":50,"peso":4},{"id":88,"peso":3},{"id":47,"peso":19},{"id":175,"peso":5},{"id":183,"peso":2},{"id":140,"peso":9},{"id":75,"peso":8},{"id":134,"peso":16},{"id":126,"peso":1},{"id":136,"peso":7},{"id":113,"peso":18},{"id":9,"peso":7},{"id":160,"peso":8},{"id":115,"peso":3},{"id":24,"peso":14},{"id":21,"peso":20},{"id":18,"peso":5},{"id":52,"peso":9},{"id":193,"peso":7},{"id":196,"peso":5},{"id":133,"peso":12},{"id":16,"peso":6},{"id":130,"peso":11},{"id":195,"peso":19},{"id":148,"peso":5},{"id":112,"peso":5},{"id":116,"peso":9},{"id":84,"peso":3},{"id":43,"peso":2},{"id":180,"peso":16},{"id":168,"peso":20},{"id":79,"peso":5},{"id":4,"peso":12},{"id":144,"peso":0},{"id":128,"peso":10},{"id":163,"peso":7},{"id":173,"peso":15},{"id":100,"peso":3},{"id":13,"peso":18},{"id":172,"peso":6},{"id":189,"peso":11},{"id":157,"peso":12},{"id":27,"peso":11},{"id":26,"peso":5},{"id":45,"peso":20},{"id":70,"peso":1},{"id":119,"peso":18},{"id":120,"peso":3},{"id":90,"peso":8},{"id":121,"peso":12},{"id":30,"peso":0},{"id":28,"peso":13},{"id":158,"peso":9},{"id":85,"peso":19},{"id":96,"peso":14},{"id":161,"peso":10},{"id":46,"peso":12},{"id":170,"peso":11},{"id":7,"peso":18},{"id":69,"peso":19},{"id":101,"peso":17},{"id":145,"peso":20},{"id":179,"peso":7},{"id":111,"peso":19},{"id":35,"peso":20},{"id":131,"peso":19}]}