{"docente":{"nome":"Fabio","departamento":"FEF","id":1304},"atividades":[{"id":151,"peso":17},{"id":191,"peso":16},{"id":182,"peso":3},{"id":93,"peso":20},{"id":15,"peso":7},{"id":23,"peso":16},{"id":56,"peso":16},{"id":40,"peso":6},{"id":175,"peso":17},{"id":35,"peso":4},{"id":154,"peso":6},{"id":81,"peso":14},{"id":60,"peso":13},{"id":168,"peso":17},{"id":107,"peso":1},{"id":67,"peso":16},{"id":176,"peso":9},{"id":146,"peso":19},{"id":6,"peso":10},{"id":125,"peso":20},{"id":7,"peso":11},{"id":185,"peso":13},{"id":138,"peso":14},{"id":188,"peso":15},{"id":127,"peso":16},{"id":41,"peso":4},{"id":180,"peso":20},{"id":129,"peso":3},{"id":88,"peso":1},{"id":63,"peso":9},{"id":97,"peso":20},{"id":123,"peso":11},{"id":3,"peso":18},{"id":65,"peso":19},{"id":106,"peso":2},{"id":117,"peso":13},{"id":80,"peso":11},{"id":31,"peso":10},{"id":148,"peso":1},{"id":179,"peso":20},{"id":102,"peso":3},{"id":45,"peso":16},{"id":170,"peso":16},{"id":193,"peso":3},{"id":2,"peso":14},{"id":48,"peso":6},{"id":133,"peso":19},{"id":74,"peso":1},{"id":82,"peso":1},{"id":162,"peso":16},{"id":28,"peso":13},{"id":37,"peso":6},{"id":86,"peso":0},{"id":115,"peso":6},{"id":68,"peso":12},{"id":99,"peso":11},{"id":25,"peso":4},{"id":70,"peso":2},{"id":95,"peso":11},{"id":54,"peso":2},{"id":112,"peso":10},{"id":135,"peso":8},{"id":17,"peso":14},{"id":32,"peso":15},{"id":156,"peso":5},{"id":165,"peso":19},{"id":64,"peso":14},{"id":18,"peso":8},{"id":198,"peso":12},{"id":79,"peso":7},{"id":113,"peso":8},{"id":24,"peso":6},{"id":195,"peso":6},{"id":14,"peso":7},{"id":171,"peso":18},{"id":157,"peso":19},{"id":36,"peso":15},{"id":78,"peso":1}]}