{"docente":{"nome":"Iasmin","departamento":"IF","id":1238},"atividades":[{"id":99,"peso":17},{"id":163,"peso":7},{"id":33,"peso":3},{"id":15,"peso":0},{"id":133,"peso":1},{"id":32,"peso":5},{"id":36,"peso":10},{"id":137,"peso":11},{"id":191,"peso":7},{"id":2,"peso":19},{"id":87,"peso":4},{"id":84,"peso":10},{"id":164,"peso":16},{"id":129,"peso":17},{"id":109,"peso":20},{"id":161,"peso":1},{"id":126,"peso":7},{"id":145,"peso":0},{"id":135,"peso":0},{"id":31,"peso":2},{"id":192,"peso":0},{"id":176,"peso":20},{"id":196,"peso":16},{"id":159,"peso":8},{"id":52,"peso":16},{"id":80,"peso":17},{"id":56,"peso":15},{"id":3,"peso":5},{"id":78,"peso":19},{"id":140,"peso":19},{"id":81,"peso":5},{"id":165,"peso":6},{"id":131,"peso":6},{"id":59,"peso":6},{"id":41,"peso":15},{"id":104,"peso":19},{"id":72,"peso":12},{"id":64,"peso":4},{"id":151,"peso":12},{"id":160,"peso":2},{"id":153,"peso":2},{"id":156,"peso":17},{"id":123,"peso":13},{"id":198,"peso":10},{"id":184,"peso":13},{"id":65,"peso":17},{"id":134,"peso":8},{"id":11,"peso":4},{"id":188,"peso":11},{"id":69,"peso":2},{"id":180,"peso":9},{"id":177,"peso":12},{"id":139,"peso":11},{"id":8,"peso":1},{"id":148,"peso":1},{"id":4,"peso":20},{"id":7,"peso":3},{"id":128,"peso":20},{"id":74,"peso":18},{"id":147,"peso":11},{"id":10,"peso":0},{"id":142,"peso":4},{"id":96,"peso":8},{"id":45,"peso":19},{"id":68,"peso":18},{"id":113,"peso":12},{"id":30,"peso":7},{"id":53,"peso":1},{"id":57,"peso":17},{"id":174,"peso":15},{"id":190,"peso":2},{"id":60,"peso":8},{"id":94,"peso":9},{"id":70,"peso":1},{"id":172,"peso":14},{"id":1,"peso":15},{"id":120,"peso":10}]}