{"docente":{"nome":"Fabio","departamento":"FIC","id":1170},"atividades":[{"id":92,"peso":3},{"id":88,"peso":0},{"id":160,"peso":14},{"id":153,"peso":14},{"id":25,"peso":19},{"id":191,"peso":9},{"id":192,"peso":15},{"id":161,"peso":0},{"id":82,"peso":7},{"id":193,"peso":6},{"id":150,"peso":17},{"id":112,"peso":6},{"id":125,"peso":2},{"id":122,"peso":10},{"id":17,"peso":13},{"id":123,"peso":8},{"id":51,"peso":1},{"id":71,"peso":12},{"id":144,"peso":11},{"id":198,"peso":14},{"id":50,"peso":20},{"id":11,"peso":4},{"id":107,"peso":5},{"id":12,"peso":3},{"id":115,"peso":14},{"id":139,"peso":0},{"id":18,"peso":18},{"id":4,"peso":3},{"id":147,"peso":9},{"id":168,"peso":17},{"id":78,"peso":18},{"id":182,"peso":17},{"id":59,"peso":16},{"id":56,"peso":7},{"id":87,"peso":20},{"id":129,"peso":7},{"id":42,"peso":20},{"id":58,"peso":13},{"id":41,"peso":3},{"id":173,"peso":11},{"id":172,"peso":5},{"id":93,"peso":14},{"id":31,"peso":8},{"id":44,"peso":5},{"id":178,"peso":16},{"id":186,"peso":7},{"id":28,"peso":7},{"id":177,"peso":5},{"id":127,"peso":20},{"id":155,"peso":7},{"id":73,"peso":15},{"id":77,"peso":1},{"id":101,"peso":3},{"id":140,"peso":4},{"id":187,"peso":18},{"id":137,"peso":7},{"id":166,"peso":8},{"id":45,"peso":5},{"id":128,"peso":19},{"id":13,"peso":11},{"id":46,"peso":3},{"id":70,"peso":10},{"id":91,"peso":16},{"id":85,"peso":2},{"id":79,"peso":15},{"id":52,"peso":17},{"id":157,"peso":3},{"id":22,"peso":17},{"id":164,"peso":13},{"id":133,"peso":2},{"id":124,"peso":4},{"id":163,"peso":6},{"id":35,"peso":6},{"id":108,"peso":9},{"id":118,"peso":11},{"id":174,"peso":19},{"id":116,"peso":7},{"id":10,"peso":19}]}