{"docente":{"nome":"Laerte","departamento":"IQ","id":1063},"atividades":[{"id":118,"peso":17},{"id":195,"peso":1},{"id":94,"peso":7},{"id":95,"peso":19},{"id":101,"peso":20},{"id":97,"peso":2},{"id":141,"peso":1},{"id":27,"peso":3},{"id":1,"peso":2},{"id":13,"peso":9},{"id":110,"peso":20},{"id":146,"peso":3},{"id":61,"peso":14},{"id":38,"peso":3},{"id":82,"peso":13},{"id":66,"peso":19},{"id":139,"peso":0},{"id":12,"peso":10},{"id":98,"peso":11},{"id":8,"peso":12},{"id":187,"peso":1},{"id":93,"peso":8},{"id":125,"peso":5},{"id":100,"peso":11},{"id":153,"peso":7},{"id":71,"peso":20},{"id":181,"peso":18},{"id":178,"peso":9},{"id":58,"peso":19},{"id":79,"peso":5},{"id":185,"peso":13},{"id":56,"peso":14},{"id":69,"peso":14},{"id":174,"peso":1},{"id":20,"peso":13},{"id":42,"peso":7},{"id":39,"peso":4},{"id":30,"peso":13},{"id":147,"peso":3},{"id":46,"peso":11},{"id":40,"peso":4},{"id":107,"peso":13},{"id":173,"peso":9},{"id":80,"peso":16},{"id":64,"peso":2},{"id":161,"peso":12},{"id":148,"peso":16},{"id":155,"peso":1},{"id":50,"peso":18},{"id":48,"peso":9},{"id":18,"peso":11},{"id":14,"peso":6},{"id":191,"peso":13},{"id":133,"peso":5},{"id":4,"peso":1},{"id":7,"peso":3},{"id":59,"peso":9},{"id":163,"peso":7},{"id":63,"peso":19},{"id":10,"peso":7},{"id":162,"peso":15},{"id":137,"peso":6},{"id":96,"peso":6},{"id":73,"peso":8},{"id":179,"peso":7},{"id":158,"peso":0},{"id":164,"peso":17},{"id":180,"peso":15},{"id":70,"peso":5},{"id":116,"peso":19},{"id":122,"peso":12},{"id":127,"peso":0},{"id":43,"peso":6},{"id":171,"peso":5},{"id":177,"peso":7},{"id":143,"peso":5},{"id":78,"peso":8},{"id":175,"peso":6},{"id":29,"peso":11},{"id":152,"peso":4},{"id":192,"peso":18},{"id":51,"peso":12},{"id":22,"peso":11}]}