{"docente":{"nome":"Renato","departamento":"IQ","id":1418},"atividades":[{"id":73,"peso":5},{"id":99,"peso":17},{"id":65,"peso":17},{"id":22,"peso":0},{"id":41,"peso":12},{"id":69,"peso":18},{"id":107,"peso":9},{"id":137,"peso":12},{"id":119,"peso":5},{"id":15,"peso":4},{"id":21,"peso":16},{"id":49,"peso":5},{"id":19,"peso":13},{"id":34,"peso":4},{"id":51,"peso":3},{"id":181,"peso":8},{"id":9,"peso":5},{"id":40,"peso":4},{"id":113,"peso":18},{"id":196,"peso":1},{"id":88,"peso":3},{"id":96,"peso":15},{"id":84,"peso":15},{"id":194,"peso":5},{"id":72,"peso":9},{"id":26,"peso":20},{"id":38,"peso":17},{"id":151,"peso":13},{"id":173,"peso":6},{"id":197,"peso":0},{"id":161,"peso":20},{"id":167,"peso":2},{"id":42,"peso":15},{"id":1,"peso":7},{"id":159,"peso":2},{"id":16,"peso":13},{"id":71,"peso":3},{"id":82,"peso":19},{"id":70,"peso":9},{"id":32,"peso":18},{"id":118,"peso":4},{"id":57,"peso":1},{"id":141,"peso":10},{"id":189,"peso":3},{"id":33,"peso":18},{"id":155,"peso":7},{"id":128,"peso":14},{"id":54,"peso":5},{"id":92,"peso":3},{"id":45,"peso":10},{"id":66,"peso":4},{"id":133,"peso":15},{"id":117,"peso":4},{"id":83,"peso":14},{"id":110,"peso":17},{"id":187,"peso":19},{"id":20,"peso":18},{"id":176,"peso":20},{"id":31,"peso":8},{"id":25,"peso":13},{"id":17,"peso":20},{"id":188,"peso":6},{"id":35,"peso":3},{"id":11,"peso":8},{"id":153,"peso":4},{"id":12,"peso":20},{"id":48,"peso":10},{"id":77,"peso":19},{"id":178,"peso":12},{"id":169,"peso":9},{"id":90,"peso":8},{"id":144,"peso":14},{"id":28,"peso":4},{"id":75,"peso":0},{"id":14,"peso":7},{"id":29,"peso":12},{"id":145,"peso":12},{"id":132,"peso":16},{"id":93,"peso":3},{"id":126,"peso":3},{"id":67,"peso":19},{"id":50,"peso":3}]}