{"docente":{"nome":"Henrique","departamento":"IF","id":1328},"atividades":[{"id":137,"peso":4},{"id":139,"peso":19},{"id":75,"peso":15},{"id":158,"peso":0},{"id":123,"peso":9},{"id":9,"peso":4},{"id":60,"peso":19},{"id":57,"peso":7},{"id":54,"peso":5},{"id":190,"peso":13},{"id":58,"peso":20},{"id":167,"peso":20},{"id":192,"peso":5},{"id":86,"peso":7},{"id":59,"peso":10},{"id":90,"peso":0},{"id":142,"peso":18},{"id":3,"peso":9},{"id":89,"peso":18},{"id":26,"peso":0},{"id":157,"peso":12},{"id":33,"peso":1},{"id":53,"peso":18},{"id":130,"peso":12},{"id":1,"peso":20},{"id":83,"peso":12},{"id":169,"peso":3},{"id":85,"peso":13},{"id":55,"peso":15},{"id":97,"peso":1},{"id":141,"peso":4},{"id":7,"peso":19},{"id":61,"peso":7},{"id":115,"peso":9},{"id":2,"peso":15},{"id":146,"peso":5},{"id":11,"peso":6},{"id":177,"peso":12},{"id":30,"peso":9},{"id":153,"peso":20},{"id":63,"peso":19},{"id":128,"peso":9},{"id":37,"peso":17},{"id":181,"peso":18},{"id":172,"peso":3},{"id":32,"peso":2},{"id":171,"peso":18},{"id":68,"peso":16},{"id":121,"peso":13},{"id":66,"peso":18},{"id":180,"peso":15},{"id":31,"peso":2},{"id":77,"peso":3},{"id":12,"peso":19},{"id":159,"peso":10},{"id":71,"peso":11},{"id":168,"peso":16},{"id":22,"peso":1},{"id":113,"peso":14},{"id":101,"peso":9},{"id":102,"peso":3},{"id":81,"peso":19},{"id":46,"peso":3},{"id":178,"peso":16},{"id":165,"peso":20},{"id":127,"peso":3},{"id":187,"peso":19},{"id":91,"peso":19},{"id":4,"peso":19},{"id":34,"peso":4},{"id":189,"peso":20},{"id":87,"peso":18},{"id":24,"peso":16},{"id":145,"peso":18},{"id":120,"peso":9},{"id":88,"peso":5},{"id":96,"peso":9}]}