{"docente":{"nome":"Paulo","departamento":"IF","id":1042},"atividades":[{"id":55,"peso":5},{"id":35,"peso":10},{"id":180,"peso":2},{"id":102,"peso":6},{"id":189,"peso":3},{"id":103,"peso":12},{"id":98,"peso":7},{"id":97,"peso":11},{"id":10,"peso":20},{"id":78,"peso":13},{"id":7,"peso":20},{"id":73,"peso":7},{"id":22,"peso":12},{"id":181,"peso":20},{"id":140,"peso":10},{"id":52,"peso":11},{"id":58,"peso":11},{"id":19,"peso":14},{"id":12,"peso":17},{"id":127,"peso":17},{"id":108,"peso":6},{"id":69,"peso":20},{"id":105,"peso":9},{"id":118,"peso":10},{"id":94,"peso":16},{"id":173,"peso":19},{"id":175,"peso":4},{"id":26,"peso":12},{"id":161,"peso":20},{"id":101,"peso":8},{"id":183,"peso":7},{"id":96,"peso":14},{"id":166,"peso":17},{"id":109,"peso":15},{"id":62,"peso":3},{"id":40,"peso":17},{"id":182,"peso":3},{"id":107,"peso":8},{"id":70,"peso":17},{"id":68,"peso":15},{"id":15,"peso":14},{"id":117,"peso":15},{"id":167,"peso":19},{"id":156,"peso":13},{"id":53,"peso":6},{"id":143,"peso":20},{"id":44,"peso":5},{"id":160,"peso":11},{"id":43,"peso":4},{"id":125,"peso":15},{"id":158,"peso":6},{"id":136,"peso":17},{"id":184,"peso":12},{"id":83,"peso":4},{"id":2,"peso":18},{"id":198,"peso":7},{"id":146,"peso":18},{"id":32,"peso":3},{"id":61,"peso":2},{"id":1,"peso":3},{"id":65,"peso":5},{"id":165,"peso":11},{"id":75,"peso":7},{"id":89,"peso":10},{"id":163,"peso":1},{"id":59,"peso":18},{"id":82,"peso":6},{"id":50,"peso":5},{"id":39,"peso":3},{"id":131,"peso":1},{"id":133,"peso":0},{"id":144,"peso":6},{"id":124,"peso":1},{"id":130,"peso":3},{"id":79,"peso":5},{"id":37,"peso":10},{"id":91,"peso":9},{"id":179,"peso":10},{"id":20,"peso":1},{"id":51,"peso":8},{"id":129,"peso":17}]}