{"docente":{"nome":"Ana","departamento":"INF","id":113},"atividades":[{"id":167,"peso":6},{"id":47,"peso":11},{"id":117,"peso":12},{"id":177,"peso":6},{"id":53,"peso":8},{"id":110,"peso":0},{"id":168,"peso":4},{"id":106,"peso":12},{"id":67,"peso":6},{"id":43,"peso":15},{"id":148,"peso":3},{"id":84,"peso":9},{"id":133,"peso":16},{"id":40,"peso":7},{"id":62,"peso":10},{"id":120,"peso":15},{"id":127,"peso":9},{"id":118,"peso":14},{"id":1,"peso":11},{"id":150,"peso":13},{"id":22,"peso":16},{"id":153,"peso":20},{"id":74,"peso":0},{"id":9,"peso":10},{"id":78,"peso":15},{"id":4,"peso":3},{"id":14,"peso":11},{"id":21,"peso":15},{"id":81,"peso":15},{"id":72,"peso":13},{"id":46,"peso":10},{"id":129,"peso":15},{"id":66,"peso":10},{"id":111,"peso":14},{"id":15,"peso":9},{"id":16,"peso":5},{"id":92,"peso":14},{"id":68,"peso":6},{"id":159,"peso":19},{"id":141,"peso":4},{"id":174,"peso":15},{"id":61,"peso":20},{"id":19,"peso":18},{"id":54,"peso":9},{"id":164,"peso":4},{"id":50,"peso":10},{"id":166,"peso":9},{"id":88,"peso":16},{"id":52,"peso":6},{"id":93,"peso":6},{"id":154,"peso":18},{"id":5,"peso":19},{"id":13,"peso":3},{"id":175,"peso":18},{"id":173,"peso":20},{"id":63,"peso":20},{"id":198,"peso":12},{"id":160,"peso":12},{"id":70,"peso":15},{"id":149,"peso":18},{"id":56,"peso":14},{"id":142,"peso":9},{"id":69,"peso":9},{"id":195,"peso":17},{"id":87,"peso":16},{"id":136,"peso":7},{"id":181,"peso":0},{"id":131,"peso":16},{"id":34,"peso":9},{"id":10,"peso":18},{"id":155,"peso":20},{"id":176,"peso":16},{"id":102,"peso":17},{"id":100,"peso":10},{"id":126,"peso":5},{"id":30,"peso":3},{"id":25,"peso":7},{"id":161,"peso":11},{"id":165,"peso":3},{"id":187,"peso":5}]}