{"docente":{"nome":"Fabio","departamento":"FIC","id":1203},"atividades":[{"id":6,"peso":8},{"id":97,"peso":16},{"id":2,"peso":2},{"id":91,"peso":9},{"id":128,"peso":3},{"id":22,"peso":19},{"id":54,"peso":11},{"id":3,"peso":0},{"id":99,"peso":13},{"id":154,"peso":12},{"id":12,"peso":3},{"id":53,"peso":3},{"id":130,"peso":3},{"id":45,"peso":6},{"id":47,"peso":10},{"id":98,"peso":9},{"id":158,"peso":6},{"id":28,"peso":18},{"id":19,"peso":11},{"id":50,"peso":13},{"id":84,"peso":13},{"id":110,"peso":6},{"id":132,"peso":9},{"id":116,"peso":9},{"id":183,"peso":0},{"id":37,"peso":10},{"id":155,"peso":14},{"id":167,"peso":7},{"id":82,"peso":9},{"id":146,"peso":1},{"id":115,"peso":4},{"id":119,"peso":11},{"id":105,"peso":4},{"id":139,"peso":5},{"id":147,"peso":2},{"id":4,"peso":10},{"id":125,"peso":0},{"id":80,"peso":12},{"id":153,"peso":14},{"id":73,"peso":7},{"id":64,"peso":19},{"id":77,"peso":14},{"id":35,"peso":1},{"id":171,"peso":15},{"id":182,"peso":3},{"id":18,"peso":13},{"id":179,"peso":12},{"id":166,"peso":15},{"id":189,"peso":17},{"id":41,"peso":8},{"id":36,"peso":1},{"id":51,"peso":15},{"id":83,"peso":12},{"id":58,"peso":17},{"id":117,"peso":13},{"id":164,"peso":13},{"id":175,"peso":4},{"id":14,"peso":10},{"id":31,"peso":9},{"id":65,"peso":4},{"id":66,"peso":4},{"id":29,"peso":0},{"id":56,"peso":0},{"id":55,"peso":5},{"id":10,"peso":4},{"id":151,"peso":11},{"id":160,"peso":11},{"id":44,"peso":20},{"id":180,"peso":3},{"id":181,"peso":17},{"id":138,"peso":9},{"id":30,"peso":20},{"id":69,"peso":5},{"id":122,"peso":11},{"id":89,"peso":5},{"id":123,"peso":11},{"id":49,"peso":15},{"id":131,"peso":10}]}