{"docente":{"nome":"Henrique","departamento":"ICB","id":1415},"atividades":[{"id":182,"peso":14},{"id":78,"peso":12},{"id":58,"peso":0},{"id":61,"peso":6},{"id":111,"peso":5},{"id":166,"peso":2},{"id":5,"peso":13},{"id":71,"peso":3},{"id":84,"peso":6},{"id":70,"peso":0},{"id":10,"peso":7},{"id":141,"peso":5},{"id":99,"peso":9},{"id":145,"peso":20},{"id":189,"peso":7},{"id":14,"peso":6},{"id":128,"peso":8},{"id":198,"peso":10},{"id":12,"peso":16},{"id":131,"peso":20},{"id":133,"peso":5},{"id":172,"peso":16},{"id":139,"peso":13},{"id":154,"peso":11},{"id":147,"peso":10},{"id":90,"peso":1},{"id":45,"peso":18},{"id":113,"peso":2},{"id":151,"peso":13},{"id":171,"peso":16},{"id":18,"peso":18},{"id":29,"peso":18},{"id":69,"peso":17},{"id":161,"peso":14},{"id":86,"peso":11},{"id":134,"peso":8},{"id":144,"peso":5},{"id":27,"peso":11},{"id":188,"peso":18},{"id":121,"peso":4},{"id":19,"peso":15},{"id":126,"peso":5},{"id":129,"peso":17},{"id":169,"peso":7},{"id":85,"peso":20},{"id":73,"peso":19},{"id":98,"peso":20},{"id":104,"peso":0},{"id":142,"peso":9},{"id":25,"peso":5},{"id":59,"peso":0},{"id":168,"peso":7},{"id":11,"peso":8},{"id":158,"peso":14},{"id":35,"peso":18},{"id":103,"peso":12},{"id":83,"peso":14},{"id":62,"peso":19},{"id":106,"peso":3},{"id":47,"peso":4},{"id":162,"peso":6},{"id":125,"peso":18},{"id":185,"peso":15},{"id":157,"peso":16},{"id":96,"peso":16},{"id":124,"peso":17},{"id":64,"peso":9},{"id":193,"peso":10},{"id":9,"peso":15},{"id":115,"peso":3},{"id":156,"peso":8},{"id":2,"peso":3},{"id":175,"peso":14},{"id":65,"peso":13},{"id":117,"peso":6},{"id":28,"peso":12},{"id":138,"peso":12},{"id":42,"peso":20}]}