{"docente":{"nome":"Pedro","departamento":"FIC","id":1146},"atividades":[{"id":98,"peso":8},{"id":25,"peso":10},{"id":42,"peso":0},{"id":194,"peso":10},{"id":123,"peso":18},{"id":11,"peso":18},{"id":136,"peso":15},{"id":148,"peso":6},{"id":62,"peso":6},{"id":10,"peso":9},{"id":185,"peso":10},{"id":187,"peso":20},{"id":144,"peso":9},{"id":186,"peso":19},{"id":151,"peso":10},{"id":111,"peso":3},{"id":46,"peso":7},{"id":132,"peso":4},{"id":125,"peso":20},{"id":59,"peso":15},{"id":38,"peso":8},{"id":166,"peso":2},{"id":138,"peso":7},{"id":159,"peso":17},{"id":94,"peso":9},{"id":156,"peso":18},{"id":95,"peso":16},{"id":177,"peso":9},{"id":143,"peso":17},{"id":103,"peso":15},{"id":86,"peso":2},{"id":193,"peso":11},{"id":60,"peso":17},{"id":18,"peso":6},{"id":24,"peso":7},{"id":192,"peso":1},{"id":124,"peso":6},{"id":20,"peso":3},{"id":48,"peso":14},{"id":181,"peso":4},{"id":35,"peso":11},{"id":29,"peso":4},{"id":145,"peso":3},{"id":147,"peso":15},{"id":188,"peso":17},{"id":165,"peso":5},{"id":118,"peso":16},{"id":79,"peso":15},{"id":109,"peso":3},{"id":27,"peso":19},{"id":68,"peso":7},{"id":91,"peso":16},{"id":128,"peso":14},{"id":126,"peso":17},{"id":131,"peso":15},{"id":169,"peso":10},{"id":7,"peso":14},{"id":17,"peso":14},{"id":74,"peso":13},{"id":77,"peso":9},{"id":150,"peso":9},{"id":107,"peso":17},{"id":69,"peso":4},{"id":57,"peso":16},{"id":65,"peso":14},{"id":19,"peso":8},{"id":180,"peso":18},{"id":31,"peso":4},{"id":119,"peso":3},{"id":163,"peso":0},{"id":30,"peso":10},{"id":76,"peso":9},{"id":164,"peso":7},{"id":5,"peso":18},{"id":34,"peso":0},{"id":173,"peso":0},{"id":26,"peso":15},{"id":47,"peso":1},{"id":81,"peso":10},{"id":92,"peso":15},{"id":3,"peso":3},{"id":104,"peso":19},{"id":135,"peso":13},{"id":189,"peso":0},{"id":49,"peso":11}]}