{"docente":{"nome":"Iasmin","departamento":"INF","id":1262},"atividades":[{"id":168,"peso":3},{"id":48,"peso":6},{"id":130,"peso":5},{"id":151,"peso":5},{"id":91,"peso":17},{"id":29,"peso":13},{"id":62,"peso":9},{"id":19,"peso":10},{"id":109,"peso":8},{"id":122,"peso":7},{"id":160,"peso":5},{"id":63,"peso":1},{"id":2,"peso":6},{"id":131,"peso":7},{"id":142,"peso":8},{"id":66,"peso":0},{"id":173,"peso":16},{"id":188,"peso":11},{"id":186,"peso":11},{"id":117,"peso":13},{"id":56,"peso":7},{"id":167,"peso":0},{"id":90,"peso":1},{"id":166,"peso":9},{"id":58,"peso":14},{"id":87,"peso":16},{"id":68,"peso":18},{"id":55,"peso":7},{"id":114,"peso":12},{"id":155,"peso":2},{"id":33,"peso":6},{"id":147,"peso":2},{"id":185,"peso":0},{"id":170,"peso":0},{"id":34,"peso":6},{"id":175,"peso":0},{"id":70,"peso":15},{"id":184,"peso":7},{"id":86,"peso":15},{"id":99,"peso":11},{"id":196,"peso":3},{"id":7,"peso":7},{"id":44,"peso":5},{"id":126,"peso":18},{"id":143,"peso":15},{"id":133,"peso":6},{"id":52,"peso":13},{"id":12,"peso":6},{"id":141,"peso":4},{"id":177,"peso":9},{"id":31,"peso":6},{"id":13,"peso":4},{"id":6,"peso":12},{"id":193,"peso":3},{"id":192,"peso":15},{"id":187,"peso":16},{"id":176,"peso":13},{"id":102,"peso":1},{"id":61,"peso":7},{"id":198,"peso":20},{"id":59,"peso":8},{"id":161,"peso":7},{"id":77,"peso":8},{"id":135,"peso":20},{"id":189,"peso":14},{"id":10,"peso":18},{"id":162,"peso":14},{"id":145,"peso":5},{"id":101,"peso":18},{"id":72,"peso":1},{"id":107,"peso":11},{"id":32,"peso":2},{"id":89,"peso":16},{"id":152,"peso":3},{"id":140,"peso":6},{"id":81,"peso":11},{"id":9,"peso":15},{"id":53,"peso":11}]}