{"docente":{"nome":"Laerte","departamento":"IF","id":1099},"atividades":[{"id":60,"peso":14},{"id":22,"peso":19},{"id":180,"peso":18},{"id":85,"peso":13},{"id":15,"peso":17},{"id":170,"peso":14},{"id":31,"peso":1},{"id":134,"peso":12},{"id":72,"peso":8},{"id":152,"peso":16},{"id":71,"peso":0},{"id":57,"peso":16},{"id":69,"peso":19},{"id":9,"peso":4},{"id":93,"peso":15},{"id":187,"peso":9},{"id":104,"peso":0},{"id":74,"peso":10},{"id":151,"peso":16},{"id":167,"peso":6},{"id":96,"peso":1},{"id":155,"peso":15},{"id":19,"peso":18},{"id":154,"peso":9},{"id":78,"peso":15},{"id":191,"peso":10},{"id":100,"peso":11},{"id":64,"peso":19},{"id":68,"peso":6},{"id":89,"peso":18},{"id":102,"peso":3},{"id":165,"peso":15},{"id":188,"peso":2},{"id":103,"peso":19},{"id":181,"peso":7},{"id":135,"peso":9},{"id":161,"peso":14},{"id":192,"peso":1},{"id":3,"peso":14},{"id":34,"peso":15},{"id":157,"peso":3},{"id":25,"peso":8},{"id":1,"peso":18},{"id":129,"peso":11},{"id":76,"peso":13},{"id":42,"peso":18},{"id":173,"peso":13},{"id":14,"peso":8},{"id":185,"peso":18},{"id":30,"peso":20},{"id":158,"peso":5},{"id":13,"peso":18},{"id":106,"peso":9},{"id":7,"peso":17},{"id":178,"peso":3},{"id":141,"peso":2},{"id":33,"peso":14},{"id":66,"peso":15},{"id":160,"peso":18},{"id":124,"peso":20},{"id":53,"peso":20},{"id":27,"peso":20},{"id":77,"peso":0},{"id":123,"peso":20},{"id":73,"peso":1},{"id":8,"peso":7},{"id":195,"peso":13},{"id":111,"peso":13},{"id":82,"peso":4},{"id":43,"peso":14},{"id":47,"peso":4},{"id":94,"peso":18},{"id":37,"peso":4},{"id":168,"peso":11},{"id":55,"peso":18},{"id":61,"peso":6},{"id":110,"peso":6},{"id":16,"peso":17},{"id":117,"peso":0},{"id":179,"peso":0},{"id":177,"peso":8},{"id":86,"peso":18}]}