{"docente":{"nome":"Pedro","departamento":"IQ","id":1152},"atividades":[{"id":106,"peso":15},{"id":169,"peso":9},{"id":124,"peso":10},{"id":30,"peso":19},{"id":172,"peso":1},{"id":59,"peso":15},{"id":12,"peso":1},{"id":104,"peso":13},{"id":132,"peso":16},{"id":23,"peso":6},{"id":54,"peso":8},{"id":5,"peso":12},{"id":175,"peso":5},{"id":182,"peso":11},{"id":195,"peso":19},{"id":190,"peso":2},{"id":113,"peso":18},{"id":78,"peso":12},{"id":196,"peso":17},{"id":89,"peso":19},{"id":127,"peso":4},{"id":56,"peso":15},{"id":189,"peso":16},{"id":120,"peso":19},{"id":11,"peso":17},{"id":153,"peso":10},{"id":135,"peso":8},{"id":49,"peso":14},{"id":17,"peso":15},{"id":147,"peso":7},{"id":116,"peso":18},{"id":18,"peso":7},{"id":133,"peso":5},{"id":112,"peso":13},{"id":85,"peso":2},{"id":150,"peso":9},{"id":88,"peso":2},{"id":73,"peso":14},{"id":103,"peso":1},{"id":179,"peso":5},{"id":1,"peso":15},{"id":6,"peso":10},{"id":158,"peso":11},{"id":80,"peso":4},{"id":181,"peso":19},{"id":84,"peso":15},{"id":174,"peso":16},{"id":20,"peso":20},{"id":21,"peso":20},{"id":186,"peso":16},{"id":185,"peso":13},{"id":45,"peso":7},{"id":87,"peso":11},{"id":119,"peso":9},{"id":90,"peso":20},{"id":9,"peso":20},{"id":101,"peso":13},{"id":65,"peso":18},{"id":69,"peso":2},{"id":71,"peso":1},{"id":95,"peso":12},{"id":100,"peso":20},{"id":39,"peso":9},{"id":93,"peso":1},{"id":125,"peso":11},{"id":197,"peso":3},{"id":176,"peso":10},{"id":72,"peso":11},{"id":60,"peso":15},{"id":7,"peso":6},{"id":170,"peso":15},{"id":37,"peso":16},{"id":134,"peso":9},{"id":171,"peso":16},{"id":52,"peso":7},{"id":130,"peso":14},{"id":163,"peso":0},{"id":28,"peso":5}]}