{"docente":{"nome":"Ingrid","departamento":"INF","id":119},"atividades":[{"id":111,"peso":17},{"id":41,"peso":3},{"id":136,"peso":20},{"id":122,"peso":0},{"id":32,"peso":1},{"id":106,"peso":7},{"id":189,"peso":4},{"id":124,"peso":4},{"id":45,"peso":7},{"id":85,"peso":15},{"id":84,"peso":15},{"id":171,"peso":16},{"id":157,"peso":15},{"id":50,"peso":4},{"id":195,"peso":1},{"id":88,"peso":14},{"id":166,"peso":2},{"id":175,"peso":9},{"id":126,"peso":9},{"id":110,"peso":3},{"id":121,"peso":16},{"id":109,"peso":4},{"id":72,"peso":2},{"id":198,"peso":12},{"id":150,"peso":11},{"id":102,"peso":16},{"id":54,"peso":10},{"id":181,"peso":17},{"id":30,"peso":6},{"id":59,"peso":2},{"id":13,"peso":18},{"id":116,"peso":10},{"id":183,"peso":9},{"id":67,"peso":3},{"id":125,"peso":8},{"id":155,"peso":15},{"id":74,"peso":3},{"id":29,"peso":11},{"id":16,"peso":10},{"id":112,"peso":19},{"id":131,"peso":13},{"id":134,"peso":10},{"id":173,"peso":8},{"id":75,"peso":3},{"id":129,"peso":19},{"id":80,"peso":13},{"id":185,"peso":7},{"id":107,"peso":3},{"id":174,"peso":10},{"id":135,"peso":3},{"id":113,"peso":14},{"id":140,"peso":1},{"id":95,"peso":5},{"id":186,"peso":19},{"id":82,"peso":15},{"id":60,"peso":5},{"id":127,"peso":7},{"id":105,"peso":17},{"id":46,"peso":12},{"id":152,"peso":2},{"id":15,"peso":11},{"id":178,"peso":10},{"id":167,"peso":1},{"id":63,"peso":18},{"id":22,"peso":6},{"id":23,"peso":15},{"id":92,"peso":8},{"id":160,"peso":3},{"id":62,"peso":11},{"id":47,"peso":6},{"id":94,"peso":2},{"id":21,"peso":14},{"id":35,"peso":13},{"id":184,"peso":4},{"id":141,"peso":18},{"id":27,"peso":9},{"id":87,"peso":11},{"id":4,"peso":10},{"id":192,"peso":12},{"id":196,"peso":10},{"id":168,"peso":6}]}