{"docente":{"nome":"Henrique","departamento":"FIC","id":1374},"atividades":[{"id":82,"peso":2},{"id":133,"peso":8},{"id":115,"peso":10},{"id":131,"peso":18},{"id":62,"peso":10},{"id":64,"peso":17},{"id":159,"peso":16},{"id":150,"peso":1},{"id":147,"peso":15},{"id":71,"peso":14},{"id":184,"peso":0},{"id":63,"peso":13},{"id":174,"peso":8},{"id":106,"peso":16},{"id":47,"peso":14},{"id":168,"peso":11},{"id":176,"peso":6},{"id":126,"peso":16},{"id":100,"peso":6},{"id":141,"peso":6},{"id":143,"peso":2},{"id":171,"peso":17},{"id":90,"peso":2},{"id":157,"peso":10},{"id":161,"peso":9},{"id":15,"peso":19},{"id":3,"peso":17},{"id":137,"peso":9},{"id":96,"peso":6},{"id":16,"peso":5},{"id":81,"peso":6},{"id":113,"peso":6},{"id":51,"peso":2},{"id":29,"peso":8},{"id":138,"peso":16},{"id":102,"peso":17},{"id":91,"peso":9},{"id":179,"peso":1},{"id":163,"peso":7},{"id":132,"peso":1},{"id":187,"peso":18},{"id":105,"peso":4},{"id":49,"peso":12},{"id":8,"peso":19},{"id":65,"peso":13},{"id":52,"peso":7},{"id":86,"peso":20},{"id":130,"peso":14},{"id":188,"peso":7},{"id":117,"peso":14},{"id":41,"peso":8},{"id":127,"peso":18},{"id":99,"peso":1},{"id":134,"peso":10},{"id":135,"peso":16},{"id":121,"peso":13},{"id":53,"peso":6},{"id":165,"peso":2},{"id":104,"peso":14},{"id":75,"peso":1},{"id":153,"peso":0},{"id":50,"peso":0},{"id":195,"peso":15},{"id":56,"peso":1},{"id":79,"peso":12},{"id":84,"peso":0},{"id":37,"peso":20},{"id":72,"peso":5},{"id":21,"peso":10},{"id":69,"peso":18},{"id":112,"peso":0},{"id":78,"peso":12},{"id":30,"peso":20},{"id":38,"peso":5},{"id":66,"peso":16},{"id":122,"peso":3},{"id":97,"peso":17},{"id":125,"peso":20},{"id":120,"peso":13},{"id":44,"peso":14},{"id":178,"peso":14},{"id":85,"peso":11},{"id":124,"peso":19},{"id":31,"peso":7}]}