{"docente":{"nome":"Luiz","departamento":"ICB","id":1359},"atividades":[{"id":172,"peso":6},{"id":7,"peso":10},{"id":147,"peso":18},{"id":109,"peso":9},{"id":198,"peso":13},{"id":92,"peso":10},{"id":185,"peso":9},{"id":46,"peso":18},{"id":142,"peso":0},{"id":108,"peso":12},{"id":59,"peso":3},{"id":123,"peso":11},{"id":23,"peso":14},{"id":160,"peso":16},{"id":11,"peso":8},{"id":62,"peso":4},{"id":6,"peso":20},{"id":30,"peso":8},{"id":26,"peso":8},{"id":181,"peso":4},{"id":90,"peso":20},{"id":18,"peso":18},{"id":186,"peso":13},{"id":135,"peso":20},{"id":104,"peso":9},{"id":52,"peso":7},{"id":79,"peso":2},{"id":128,"peso":2},{"id":10,"peso":15},{"id":9,"peso":2},{"id":139,"peso":12},{"id":1,"peso":6},{"id":45,"peso":6},{"id":42,"peso":5},{"id":73,"peso":11},{"id":91,"peso":0},{"id":137,"peso":3},{"id":197,"peso":9},{"id":146,"peso":13},{"id":14,"peso":10},{"id":110,"peso":10},{"id":57,"peso":8},{"id":82,"peso":15},{"id":117,"peso":6},{"id":178,"peso":14},{"id":143,"peso":14},{"id":93,"peso":15},{"id":99,"peso":12},{"id":152,"peso":7},{"id":194,"peso":0},{"id":129,"peso":17},{"id":159,"peso":1},{"id":64,"peso":14},{"id":100,"peso":3},{"id":167,"peso":16},{"id":21,"peso":5},{"id":67,"peso":1},{"id":66,"peso":10},{"id":33,"peso":13},{"id":154,"peso":6},{"id":191,"peso":6},{"id":32,"peso":9},{"id":76,"peso":12},{"id":182,"peso":13},{"id":48,"peso":6},{"id":111,"peso":10},{"id":5,"peso":20},{"id":112,"peso":8},{"id":138,"peso":16},{"id":155,"peso":6},{"id":107,"peso":8},{"id":12,"peso":20},{"id":20,"peso":3},{"id":8,"peso":1},{"id":95,"peso":15},{"id":105,"peso":3},{"id":156,"peso":5},{"id":177,"peso":17},{"id":131,"peso":18},{"id":97,"peso":8}]}