{"docente":{"nome":"Marcelo","departamento":"FIC","id":107},"atividades":[{"id":19,"peso":5},{"id":78,"peso":11},{"id":152,"peso":11},{"id":177,"peso":12},{"id":6,"peso":18},{"id":147,"peso":17},{"id":137,"peso":18},{"id":151,"peso":20},{"id":123,"peso":1},{"id":39,"peso":5},{"id":175,"peso":17},{"id":117,"peso":20},{"id":148,"peso":8},{"id":164,"peso":3},{"id":43,"peso":4},{"id":156,"peso":6},{"id":10,"peso":15},{"id":185,"peso":13},{"id":168,"peso":8},{"id":184,"peso":15},{"id":58,"peso":20},{"id":28,"peso":9},{"id":16,"peso":19},{"id":56,"peso":17},{"id":138,"peso":7},{"id":82,"peso":8},{"id":62,"peso":13},{"id":48,"peso":12},{"id":172,"peso":14},{"id":37,"peso":17},{"id":154,"peso":13},{"id":121,"peso":19},{"id":112,"peso":14},{"id":133,"peso":0},{"id":84,"peso":20},{"id":128,"peso":1},{"id":89,"peso":0},{"id":13,"peso":5},{"id":57,"peso":15},{"id":157,"peso":9},{"id":5,"peso":4},{"id":116,"peso":19},{"id":129,"peso":12},{"id":73,"peso":9},{"id":98,"peso":10},{"id":81,"peso":5},{"id":80,"peso":14},{"id":72,"peso":8},{"id":127,"peso":0},{"id":9,"peso":8},{"id":53,"peso":16},{"id":134,"peso":5},{"id":45,"peso":5},{"id":149,"peso":1},{"id":101,"peso":10},{"id":64,"peso":5},{"id":11,"peso":19},{"id":192,"peso":15},{"id":118,"peso":16},{"id":107,"peso":10},{"id":105,"peso":9},{"id":187,"peso":10},{"id":93,"peso":11},{"id":126,"peso":4},{"id":54,"peso":7},{"id":141,"peso":1},{"id":196,"peso":12},{"id":183,"peso":14},{"id":132,"peso":5},{"id":143,"peso":1},{"id":150,"peso":0},{"id":52,"peso":8},{"id":158,"peso":13},{"id":7,"peso":20},{"id":195,"peso":8}]}