{"docente":{"nome":"Guilherme","departamento":"ICB","id":1277},"atividades":[{"id":112,"peso":1},{"id":135,"peso":1},{"id":168,"peso":1},{"id":48,"peso":20},{"id":34,"peso":7},{"id":128,"peso":7},{"id":186,"peso":9},{"id":157,"peso":15},{"id":142,"peso":12},{"id":8,"peso":6},{"id":117,"peso":13},{"id":42,"peso":0},{"id":132,"peso":4},{"id":89,"peso":17},{"id":31,"peso":11},{"id":88,"peso":6},{"id":160,"peso":1},{"id":136,"peso":17},{"id":105,"peso":1},{"id":23,"peso":16},{"id":171,"peso":20},{"id":113,"peso":7},{"id":93,"peso":6},{"id":97,"peso":0},{"id":159,"peso":5},{"id":115,"peso":12},{"id":3,"peso":19},{"id":139,"peso":6},{"id":49,"peso":7},{"id":25,"peso":9},{"id":53,"peso":13},{"id":76,"peso":19},{"id":163,"peso":0},{"id":166,"peso":20},{"id":154,"peso":18},{"id":35,"peso":0},{"id":84,"peso":3},{"id":86,"peso":0},{"id":24,"peso":4},{"id":96,"peso":14},{"id":165,"peso":14},{"id":14,"peso":8},{"id":127,"peso":16},{"id":150,"peso":20},{"id":26,"peso":14},{"id":95,"peso":0},{"id":158,"peso":0},{"id":60,"peso":19},{"id":185,"peso":6},{"id":116,"peso":15},{"id":58,"peso":4},{"id":78,"peso":17},{"id":46,"peso":0},{"id":37,"peso":19},{"id":2,"peso":8},{"id":75,"peso":12},{"id":149,"peso":19},{"id":177,"peso":14},{"id":87,"peso":6},{"id":98,"peso":18},{"id":169,"peso":17},{"id":145,"peso":14},{"id":29,"peso":14},{"id":63,"peso":6},{"id":100,"peso":19},{"id":69,"peso":0},{"id":102,"peso":0},{"id":56,"peso":2},{"id":65,"peso":2},{"id":32,"peso":1},{"id":141,"peso":17},{"id":61,"peso":19},{"id":33,"peso":4},{"id":59,"peso":9},{"id":172,"peso":16},{"id":19,"peso":2},{"id":70,"peso":7},{"id":180,"peso":20},{"id":4,"peso":5},{"id":146,"peso":9},{"id":11,"peso":6}]}