{"docente":{"nome":"Pedro","departamento":"FEF","id":1046},"atividades":[{"id":53,"peso":17},{"id":176,"peso":0},{"id":106,"peso":15},{"id":57,"peso":1},{"id":120,"peso":8},{"id":86,"peso":13},{"id":185,"peso":2},{"id":171,"peso":7},{"id":131,"peso":9},{"id":48,"peso":20},{"id":26,"peso":6},{"id":188,"peso":0},{"id":181,"peso":18},{"id":148,"peso":18},{"id":125,"peso":0},{"id":68,"peso":16},{"id":178,"peso":4},{"id":99,"peso":0},{"id":97,"peso":12},{"id":60,"peso":19},{"id":194,"peso":15},{"id":25,"peso":15},{"id":187,"peso":16},{"id":41,"peso":11},{"id":196,"peso":16},{"id":152,"peso":19},{"id":107,"peso":20},{"id":45,"peso":16},{"id":164,"peso":12},{"id":55,"peso":5},{"id":73,"peso":11},{"id":43,"peso":16},{"id":165,"peso":20},{"id":121,"peso":19},{"id":92,"peso":16},{"id":111,"peso":8},{"id":141,"peso":10},{"id":135,"peso":20},{"id":9,"peso":14},{"id":90,"peso":6},{"id":143,"peso":19},{"id":115,"peso":19},{"id":137,"peso":10},{"id":34,"peso":9},{"id":8,"peso":12},{"id":129,"peso":17},{"id":168,"peso":19},{"id":63,"peso":6},{"id":122,"peso":7},{"id":72,"peso":0},{"id":126,"peso":11},{"id":170,"peso":2},{"id":80,"peso":7},{"id":117,"peso":9},{"id":10,"peso":6},{"id":193,"peso":17},{"id":69,"peso":7},{"id":140,"peso":10},{"id":35,"peso":4},{"id":4,"peso":8},{"id":192,"peso":4},{"id":112,"peso":12},{"id":167,"peso":20},{"id":49,"peso":10},{"id":100,"peso":16},{"id":123,"peso":18},{"id":22,"peso":10},{"id":20,"peso":8},{"id":85,"peso":11},{"id":189,"peso":15},{"id":61,"peso":7},{"id":161,"peso":13},{"id":113,"peso":18},{"id":157,"peso":14},{"id":184,"peso":1},{"id":130,"peso":0}]}