{"docente":{"nome":"Guilherme","departamento":"IQ","id":101},"atividades":[{"id":96,"peso":16},{"id":193,"peso":20},{"id":42,"peso":10},{"id":131,"peso":0},{"id":74,"peso":3},{"id":145,"peso":19},{"id":174,"peso":18},{"id":181,"peso":12},{"id":139,"peso":20},{"id":79,"peso":13},{"id":33,"peso":8},{"id":44,"peso":12},{"id":198,"peso":17},{"id":30,"peso":13},{"id":70,"peso":13},{"id":126,"peso":1},{"id":91,"peso":3},{"id":78,"peso":9},{"id":28,"peso":13},{"id":29,"peso":4},{"id":196,"peso":18},{"id":195,"peso":11},{"id":176,"peso":16},{"id":141,"peso":8},{"id":40,"peso":1},{"id":171,"peso":17},{"id":99,"peso":5},{"id":73,"peso":12},{"id":101,"peso":4},{"id":192,"peso":19},{"id":63,"peso":20},{"id":26,"peso":9},{"id":188,"peso":14},{"id":183,"peso":18},{"id":122,"peso":11},{"id":118,"peso":16},{"id":102,"peso":4},{"id":136,"peso":0},{"id":164,"peso":9},{"id":81,"peso":20},{"id":134,"peso":2},{"id":100,"peso":18},{"id":84,"peso":13},{"id":166,"peso":14},{"id":82,"peso":9},{"id":109,"peso":20},{"id":80,"peso":1},{"id":149,"peso":7},{"id":4,"peso":2},{"id":180,"peso":1},{"id":89,"peso":4},{"id":92,"peso":20},{"id":186,"peso":9},{"id":37,"peso":13},{"id":95,"peso":8},{"id":49,"peso":14},{"id":184,"peso":2},{"id":11,"peso":2},{"id":132,"peso":12},{"id":133,"peso":8},{"id":107,"peso":14},{"id":168,"peso":4},{"id":34,"peso":5},{"id":48,"peso":11},{"id":106,"peso":4},{"id":31,"peso":0},{"id":111,"peso":20},{"id":175,"peso":20},{"id":47,"peso":20},{"id":64,"peso":20},{"id":165,"peso":8},{"id":116,"peso":10},{"id":123,"peso":2},{"id":110,"peso":3},{"id":75,"peso":4},{"id":51,"peso":9},{"id":22,"peso":11},{"id":144,"peso":15},{"id":173,"peso":19},{"id":105,"peso":6},{"id":140,"peso":18},{"id":182,"peso":0}]}