{"docente":{"nome":"Renato","departamento":"ICB","id":1313},"atividades":[{"id":169,"peso":13},{"id":65,"peso":18},{"id":118,"peso":1},{"id":42,"peso":16},{"id":164,"peso":6},{"id":182,"peso":6},{"id":133,"peso":15},{"id":165,"peso":14},{"id":83,"peso":16},{"id":116,"peso":12},{"id":95,"peso":4},{"id":45,"peso":5},{"id":121,"peso":16},{"id":38,"peso":1},{"id":146,"peso":4},{"id":137,"peso":5},{"id":26,"peso":17},{"id":80,"peso":7},{"id":72,"peso":13},{"id":69,"peso":16},{"id":35,"peso":11},{"id":140,"peso":7},{"id":119,"peso":12},{"id":59,"peso":14},{"id":101,"peso":10},{"id":21,"peso":20},{"id":96,"peso":3},{"id":110,"peso":20},{"id":189,"peso":2},{"id":109,"peso":1},{"id":56,"peso":7},{"id":36,"peso":0},{"id":183,"peso":13},{"id":130,"peso":19},{"id":128,"peso":7},{"id":104,"peso":20},{"id":34,"peso":7},{"id":76,"peso":2},{"id":40,"peso":5},{"id":37,"peso":6},{"id":5,"peso":16},{"id":143,"peso":20},{"id":74,"peso":3},{"id":97,"peso":15},{"id":53,"peso":0},{"id":55,"peso":6},{"id":158,"peso":16},{"id":185,"peso":6},{"id":192,"peso":4},{"id":91,"peso":12},{"id":125,"peso":19},{"id":153,"peso":16},{"id":151,"peso":7},{"id":47,"peso":4},{"id":10,"peso":8},{"id":114,"peso":11},{"id":60,"peso":8},{"id":157,"peso":0},{"id":11,"peso":17},{"id":186,"peso":18},{"id":84,"peso":2},{"id":196,"peso":11},{"id":191,"peso":10},{"id":147,"peso":6},{"id":103,"peso":15},{"id":120,"peso":18},{"id":23,"peso":13},{"id":7,"peso":8},{"id":138,"peso":2},{"id":58,"peso":8},{"id":159,"peso":5},{"id":52,"peso":6},{"id":12,"peso":4},{"id":150,"peso":0},{"id":105,"peso":3},{"id":132,"peso":10},{"id":44,"peso":6},{"id":155,"peso":6}]}