{"docente":{"nome":"Fernanda","departamento":"IQ","id":1182},"atividades":[{"id":119,"peso":3},{"id":103,"peso":9},{"id":182,"peso":19},{"id":114,"peso":6},{"id":27,"peso":12},{"id":138,"peso":0},{"id":51,"peso":13},{"id":64,"peso":3},{"id":134,"peso":8},{"id":104,"peso":14},{"id":26,"peso":7},{"id":17,"peso":18},{"id":46,"peso":19},{"id":128,"peso":5},{"id":60,"peso":6},{"id":163,"peso":4},{"id":45,"peso":5},{"id":91,"peso":14},{"id":34,"peso":14},{"id":73,"peso":15},{"id":136,"peso":6},{"id":139,"peso":10},{"id":148,"peso":18},{"id":106,"peso":12},{"id":162,"peso":1},{"id":42,"peso":8},{"id":168,"peso":12},{"id":117,"peso":12},{"id":156,"peso":11},{"id":14,"peso":19},{"id":31,"peso":3},{"id":160,"peso":16},{"id":183,"peso":17},{"id":62,"peso":9},{"id":58,"peso":16},{"id":2,"peso":15},{"id":121,"peso":17},{"id":13,"peso":19},{"id":59,"peso":3},{"id":65,"peso":13},{"id":38,"peso":5},{"id":32,"peso":10},{"id":48,"peso":14},{"id":57,"peso":11},{"id":7,"peso":8},{"id":96,"peso":19},{"id":81,"peso":9},{"id":40,"peso":0},{"id":21,"peso":10},{"id":147,"peso":13},{"id":180,"peso":19},{"id":175,"peso":9},{"id":130,"peso":11},{"id":84,"peso":14},{"id":141,"peso":18},{"id":19,"peso":20},{"id":152,"peso":15},{"id":120,"peso":20},{"id":93,"peso":14},{"id":98,"peso":3},{"id":188,"peso":14},{"id":150,"peso":13},{"id":67,"peso":3},{"id":100,"peso":19},{"id":22,"peso":2},{"id":41,"peso":12},{"id":79,"peso":14},{"id":66,"peso":16},{"id":125,"peso":16},{"id":3,"peso":14},{"id":169,"peso":1},{"id":70,"peso":9},{"id":71,"peso":11},{"id":170,"peso":5},{"id":109,"peso":12},{"id":87,"peso":8},{"id":135,"peso":0},{"id":54,"peso":20},{"id":99,"peso":14},{"id":191,"peso":13},{"id":132,"peso":3},{"id":111,"peso":5},{"id":137,"peso":2},{"id":1,"peso":7}]}