{"docente":{"nome":"Maria","departamento":"FIC","id":1184},"atividades":[{"id":5,"peso":17},{"id":17,"peso":16},{"id":27,"peso":10},{"id":124,"peso":0},{"id":32,"peso":11},{"id":135,"peso":3},{"id":55,"peso":11},{"id":165,"peso":1},{"id":91,"peso":14},{"id":50,"peso":14},{"id":175,"peso":14},{"id":60,"peso":17},{"id":69,"peso":9},{"id":14,"peso":15},{"id":152,"peso":10},{"id":127,"peso":6},{"id":4,"peso":13},{"id":197,"peso":13},{"id":43,"peso":7},{"id":34,"peso":6},{"id":191,"peso":18},{"id":96,"peso":5},{"id":112,"peso":1},{"id":107,"peso":9},{"id":160,"peso":6},{"id":51,"peso":19},{"id":159,"peso":15},{"id":25,"peso":1},{"id":156,"peso":8},{"id":33,"peso":2},{"id":78,"peso":14},{"id":74,"peso":3},{"id":36,"peso":3},{"id":100,"peso":15},{"id":54,"peso":16},{"id":3,"peso":15},{"id":110,"peso":0},{"id":35,"peso":7},{"id":84,"peso":4},{"id":87,"peso":5},{"id":59,"peso":0},{"id":18,"peso":0},{"id":76,"peso":15},{"id":136,"peso":15},{"id":103,"peso":19},{"id":102,"peso":0},{"id":31,"peso":2},{"id":116,"peso":4},{"id":149,"peso":17},{"id":162,"peso":13},{"id":171,"peso":9},{"id":92,"peso":13},{"id":26,"peso":8},{"id":164,"peso":20},{"id":196,"peso":8},{"id":45,"peso":0},{"id":148,"peso":8},{"id":129,"peso":3},{"id":115,"peso":16},{"id":198,"peso":3},{"id":16,"peso":3},{"id":20,"peso":15},{"id":13,"peso":15},{"id":7,"peso":0},{"id":62,"peso":14},{"id":195,"peso":0},{"id":28,"peso":12},{"id":133,"peso":15},{"id":68,"peso":12},{"id":109,"peso":19},{"id":72,"peso":15},{"id":188,"peso":3},{"id":173,"peso":13},{"id":194,"peso":4},{"id":12,"peso":8},{"id":178,"peso":4},{"id":66,"peso":10},{"id":83,"peso":5},{"id":128,"peso":12},{"id":172,"peso":3},{"id":46,"peso":16},{"id":2,"peso":20}]}