{"docente":{"nome":"Auri","departamento":"IF","id":1211},"atividades":[{"id":158,"peso":15},{"id":142,"peso":7},{"id":96,"peso":1},{"id":5,"peso":4},{"id":33,"peso":2},{"id":103,"peso":19},{"id":167,"peso":5},{"id":74,"peso":13},{"id":87,"peso":4},{"id":163,"peso":15},{"id":194,"peso":6},{"id":141,"peso":13},{"id":154,"peso":19},{"id":171,"peso":9},{"id":66,"peso":19},{"id":19,"peso":10},{"id":21,"peso":13},{"id":38,"peso":8},{"id":137,"peso":0},{"id":132,"peso":20},{"id":105,"peso":19},{"id":53,"peso":2},{"id":144,"peso":1},{"id":182,"peso":1},{"id":120,"peso":5},{"id":179,"peso":1},{"id":88,"peso":17},{"id":102,"peso":4},{"id":186,"peso":16},{"id":129,"peso":4},{"id":40,"peso":5},{"id":78,"peso":1},{"id":97,"peso":7},{"id":170,"peso":10},{"id":70,"peso":1},{"id":68,"peso":14},{"id":189,"peso":1},{"id":168,"peso":10},{"id":6,"peso":6},{"id":149,"peso":15},{"id":60,"peso":14},{"id":34,"peso":17},{"id":128,"peso":15},{"id":125,"peso":14},{"id":46,"peso":10},{"id":143,"peso":2},{"id":30,"peso":11},{"id":84,"peso":18},{"id":116,"peso":11},{"id":131,"peso":9},{"id":76,"peso":12},{"id":134,"peso":10},{"id":48,"peso":1},{"id":173,"peso":16},{"id":77,"peso":19},{"id":72,"peso":2},{"id":100,"peso":20},{"id":50,"peso":17},{"id":71,"peso":17},{"id":51,"peso":10},{"id":191,"peso":2},{"id":112,"peso":11},{"id":37,"peso":7},{"id":108,"peso":5},{"id":153,"peso":9},{"id":56,"peso":13},{"id":29,"peso":20},{"id":12,"peso":5},{"id":176,"peso":7},{"id":107,"peso":1},{"id":18,"peso":2},{"id":138,"peso":6},{"id":156,"peso":3},{"id":146,"peso":6},{"id":8,"peso":15}]}