{"docente":{"nome":"Marcelo","departamento":"IF","id":123},"atividades":[{"id":95,"peso":5},{"id":177,"peso":9},{"id":88,"peso":3},{"id":87,"peso":19},{"id":183,"peso":5},{"id":139,"peso":13},{"id":27,"peso":7},{"id":3,"peso":9},{"id":36,"peso":3},{"id":180,"peso":7},{"id":187,"peso":17},{"id":128,"peso":16},{"id":113,"peso":2},{"id":133,"peso":14},{"id":86,"peso":11},{"id":53,"peso":19},{"id":10,"peso":16},{"id":108,"peso":11},{"id":172,"peso":20},{"id":77,"peso":2},{"id":92,"peso":8},{"id":20,"peso":11},{"id":124,"peso":6},{"id":182,"peso":15},{"id":195,"peso":17},{"id":196,"peso":0},{"id":119,"peso":5},{"id":11,"peso":19},{"id":146,"peso":0},{"id":166,"peso":18},{"id":175,"peso":16},{"id":18,"peso":0},{"id":94,"peso":14},{"id":19,"peso":3},{"id":157,"peso":3},{"id":65,"peso":18},{"id":41,"peso":7},{"id":90,"peso":9},{"id":46,"peso":8},{"id":2,"peso":3},{"id":188,"peso":5},{"id":15,"peso":15},{"id":131,"peso":14},{"id":100,"peso":18},{"id":102,"peso":8},{"id":26,"peso":11},{"id":107,"peso":6},{"id":140,"peso":8},{"id":4,"peso":14},{"id":171,"peso":2},{"id":44,"peso":2},{"id":117,"peso":10},{"id":35,"peso":14},{"id":151,"peso":10},{"id":37,"peso":4},{"id":134,"peso":8},{"id":132,"peso":20},{"id":59,"peso":11},{"id":1,"peso":12},{"id":14,"peso":12},{"id":197,"peso":6},{"id":97,"peso":17},{"id":130,"peso":11},{"id":125,"peso":15},{"id":85,"peso":3},{"id":25,"peso":0},{"id":101,"peso":1},{"id":60,"peso":1},{"id":194,"peso":16},{"id":137,"peso":19},{"id":110,"peso":11},{"id":24,"peso":8},{"id":62,"peso":19},{"id":33,"peso":18},{"id":38,"peso":11},{"id":185,"peso":13},{"id":16,"peso":1},{"id":179,"peso":12},{"id":66,"peso":13},{"id":49,"peso":18}]}