{"docente":{"nome":"Fernanda","departamento":"ICB","id":1322},"atividades":[{"id":104,"peso":6},{"id":69,"peso":0},{"id":142,"peso":11},{"id":31,"peso":17},{"id":180,"peso":5},{"id":143,"peso":10},{"id":119,"peso":9},{"id":65,"peso":8},{"id":141,"peso":6},{"id":192,"peso":3},{"id":154,"peso":12},{"id":36,"peso":2},{"id":94,"peso":2},{"id":124,"peso":16},{"id":28,"peso":12},{"id":99,"peso":12},{"id":168,"peso":8},{"id":73,"peso":14},{"id":162,"peso":6},{"id":64,"peso":5},{"id":41,"peso":13},{"id":56,"peso":0},{"id":150,"peso":11},{"id":60,"peso":5},{"id":51,"peso":16},{"id":155,"peso":2},{"id":84,"peso":2},{"id":133,"peso":19},{"id":129,"peso":20},{"id":20,"peso":2},{"id":197,"peso":11},{"id":33,"peso":0},{"id":117,"peso":1},{"id":191,"peso":17},{"id":4,"peso":8},{"id":115,"peso":0},{"id":15,"peso":1},{"id":165,"peso":12},{"id":66,"peso":20},{"id":175,"peso":2},{"id":151,"peso":9},{"id":170,"peso":14},{"id":24,"peso":17},{"id":71,"peso":7},{"id":38,"peso":14},{"id":116,"peso":18},{"id":103,"peso":13},{"id":6,"peso":1},{"id":79,"peso":11},{"id":128,"peso":0},{"id":10,"peso":20},{"id":196,"peso":15},{"id":194,"peso":6},{"id":47,"peso":15},{"id":81,"peso":16},{"id":13,"peso":10},{"id":130,"peso":0},{"id":98,"peso":3},{"id":169,"peso":0},{"id":86,"peso":15},{"id":59,"peso":8},{"id":182,"peso":7},{"id":161,"peso":14},{"id":163,"peso":7},{"id":92,"peso":19},{"id":184,"peso":5},{"id":178,"peso":10},{"id":85,"peso":6},{"id":32,"peso":20},{"id":53,"peso":18},{"id":118,"peso":9},{"id":19,"peso":14},{"id":58,"peso":2},{"id":88,"peso":6},{"id":17,"peso":9},{"id":187,"peso":20},{"id":120,"peso":9},{"id":57,"peso":5},{"id":144,"peso":9},{"id":97,"peso":1}]}