{"docente":{"nome":"Auri","departamento":"FIC","id":1177},"atividades":[{"id":189,"peso":8},{"id":124,"peso":11},{"id":57,"peso":0},{"id":112,"peso":0},{"id":28,"peso":2},{"id":42,"peso":17},{"id":68,"peso":5},{"id":20,"peso":10},{"id":107,"peso":15},{"id":115,"peso":11},{"id":1,"peso":13},{"id":146,"peso":3},{"id":153,"peso":12},{"id":102,"peso":0},{"id":72,"peso":20},{"id":135,"peso":3},{"id":11,"peso":3},{"id":126,"peso":13},{"id":10,"peso":14},{"id":172,"peso":16},{"id":92,"peso":3},{"id":67,"peso":6},{"id":169,"peso":5},{"id":103,"peso":0},{"id":111,"peso":5},{"id":164,"peso":0},{"id":84,"peso":13},{"id":186,"peso":14},{"id":162,"peso":17},{"id":161,"peso":7},{"id":196,"peso":2},{"id":110,"peso":5},{"id":23,"peso":2},{"id":134,"peso":9},{"id":109,"peso":8},{"id":54,"peso":6},{"id":160,"peso":4},{"id":89,"peso":11},{"id":108,"peso":11},{"id":74,"peso":1},{"id":75,"peso":10},{"id":150,"peso":10},{"id":41,"peso":2},{"id":151,"peso":18},{"id":180,"peso":20},{"id":71,"peso":15},{"id":76,"peso":7},{"id":63,"peso":11},{"id":33,"peso":13},{"id":40,"peso":10},{"id":32,"peso":2},{"id":60,"peso":5},{"id":191,"peso":1},{"id":175,"peso":2},{"id":70,"peso":5},{"id":127,"peso":10},{"id":16,"peso":9},{"id":141,"peso":19},{"id":55,"peso":17},{"id":118,"peso":13},{"id":154,"peso":4},{"id":144,"peso":12},{"id":86,"peso":3},{"id":51,"peso":7},{"id":95,"peso":2},{"id":64,"peso":17},{"id":36,"peso":5},{"id":6,"peso":5},{"id":5,"peso":2},{"id":139,"peso":0},{"id":147,"peso":20},{"id":8,"peso":5},{"id":96,"peso":7},{"id":14,"peso":12},{"id":155,"peso":10},{"id":31,"peso":0},{"id":165,"peso":20},{"id":145,"peso":20},{"id":48,"peso":6},{"id":123,"peso":5},{"id":79,"peso":13}]}