{"docente":{"nome":"Ingrid","departamento":"IF","id":135},"atividades":[{"id":172,"peso":8},{"id":197,"peso":4},{"id":77,"peso":5},{"id":23,"peso":6},{"id":131,"peso":7},{"id":138,"peso":3},{"id":171,"peso":3},{"id":14,"peso":4},{"id":31,"peso":12},{"id":28,"peso":1},{"id":174,"peso":20},{"id":183,"peso":12},{"id":175,"peso":2},{"id":36,"peso":6},{"id":57,"peso":4},{"id":189,"peso":6},{"id":144,"peso":14},{"id":196,"peso":7},{"id":100,"peso":12},{"id":1,"peso":6},{"id":13,"peso":18},{"id":9,"peso":15},{"id":122,"peso":16},{"id":67,"peso":9},{"id":52,"peso":17},{"id":185,"peso":3},{"id":103,"peso":15},{"id":107,"peso":18},{"id":118,"peso":2},{"id":167,"peso":5},{"id":34,"peso":5},{"id":37,"peso":13},{"id":86,"peso":1},{"id":54,"peso":14},{"id":115,"peso":12},{"id":176,"peso":5},{"id":15,"peso":5},{"id":47,"peso":15},{"id":182,"peso":5},{"id":162,"peso":5},{"id":84,"peso":11},{"id":178,"peso":17},{"id":95,"peso":7},{"id":7,"peso":3},{"id":140,"peso":5},{"id":135,"peso":15},{"id":169,"peso":11},{"id":20,"peso":4},{"id":168,"peso":14},{"id":35,"peso":14},{"id":149,"peso":5},{"id":116,"peso":14},{"id":53,"peso":3},{"id":30,"peso":6},{"id":120,"peso":16},{"id":90,"peso":4},{"id":143,"peso":8},{"id":87,"peso":3},{"id":83,"peso":4},{"id":4,"peso":14},{"id":160,"peso":3},{"id":62,"peso":10},{"id":16,"peso":16},{"id":191,"peso":0},{"id":148,"peso":3},{"id":50,"peso":9},{"id":8,"peso":2},{"id":40,"peso":2},{"id":12,"peso":15},{"id":85,"peso":10},{"id":73,"peso":0},{"id":181,"peso":10},{"id":61,"peso":10},{"id":32,"peso":7},{"id":11,"peso":15}]}