{"docente":{"nome":"Berenice","departamento":"IQ","id":1162},"atividades":[{"id":105,"peso":1},{"id":41,"peso":17},{"id":158,"peso":18},{"id":128,"peso":18},{"id":170,"peso":2},{"id":194,"peso":20},{"id":69,"peso":20},{"id":114,"peso":11},{"id":147,"peso":3},{"id":56,"peso":12},{"id":171,"peso":11},{"id":144,"peso":6},{"id":154,"peso":10},{"id":121,"peso":13},{"id":101,"peso":9},{"id":117,"peso":19},{"id":192,"peso":18},{"id":177,"peso":0},{"id":148,"peso":5},{"id":175,"peso":0},{"id":102,"peso":14},{"id":43,"peso":19},{"id":172,"peso":4},{"id":198,"peso":15},{"id":125,"peso":14},{"id":89,"peso":3},{"id":161,"peso":19},{"id":67,"peso":8},{"id":165,"peso":8},{"id":169,"peso":20},{"id":83,"peso":4},{"id":91,"peso":18},{"id":79,"peso":20},{"id":93,"peso":13},{"id":48,"peso":0},{"id":178,"peso":3},{"id":12,"peso":5},{"id":45,"peso":18},{"id":78,"peso":9},{"id":110,"peso":6},{"id":149,"peso":12},{"id":31,"peso":19},{"id":122,"peso":9},{"id":182,"peso":17},{"id":53,"peso":8},{"id":94,"peso":10},{"id":68,"peso":0},{"id":167,"peso":10},{"id":155,"peso":16},{"id":25,"peso":2},{"id":11,"peso":19},{"id":9,"peso":10},{"id":106,"peso":15},{"id":40,"peso":15},{"id":119,"peso":13},{"id":88,"peso":0},{"id":10,"peso":1},{"id":143,"peso":0},{"id":49,"peso":2},{"id":150,"peso":19},{"id":153,"peso":13},{"id":142,"peso":17},{"id":140,"peso":11},{"id":186,"peso":6},{"id":185,"peso":16},{"id":37,"peso":11},{"id":120,"peso":20},{"id":103,"peso":4},{"id":132,"peso":6},{"id":113,"peso":14},{"id":84,"peso":17},{"id":55,"peso":18},{"id":27,"peso":13},{"id":2,"peso":8},{"id":52,"peso":16},{"id":112,"peso":4},{"id":5,"peso":7},{"id":1,"peso":7},{"id":32,"peso":1},{"id":14,"peso":12}]}