{"docente":{"nome":"Fabio","departamento":"ICB","id":1371},"atividades":[{"id":99,"peso":15},{"id":110,"peso":3},{"id":80,"peso":16},{"id":157,"peso":1},{"id":19,"peso":6},{"id":93,"peso":6},{"id":175,"peso":14},{"id":163,"peso":5},{"id":8,"peso":2},{"id":65,"peso":17},{"id":57,"peso":20},{"id":127,"peso":17},{"id":2,"peso":12},{"id":24,"peso":13},{"id":144,"peso":11},{"id":164,"peso":15},{"id":28,"peso":0},{"id":56,"peso":5},{"id":27,"peso":5},{"id":154,"peso":2},{"id":184,"peso":17},{"id":60,"peso":13},{"id":32,"peso":2},{"id":137,"peso":2},{"id":94,"peso":2},{"id":66,"peso":19},{"id":113,"peso":9},{"id":29,"peso":0},{"id":191,"peso":1},{"id":141,"peso":16},{"id":143,"peso":16},{"id":102,"peso":18},{"id":192,"peso":16},{"id":35,"peso":1},{"id":7,"peso":4},{"id":188,"peso":6},{"id":120,"peso":19},{"id":155,"peso":17},{"id":111,"peso":20},{"id":40,"peso":20},{"id":75,"peso":13},{"id":45,"peso":13},{"id":22,"peso":9},{"id":82,"peso":2},{"id":103,"peso":16},{"id":173,"peso":14},{"id":153,"peso":15},{"id":178,"peso":3},{"id":133,"peso":19},{"id":195,"peso":8},{"id":169,"peso":3},{"id":142,"peso":5},{"id":46,"peso":16},{"id":121,"peso":15},{"id":20,"peso":11},{"id":125,"peso":2},{"id":1,"peso":7},{"id":108,"peso":0},{"id":62,"peso":19},{"id":186,"peso":16},{"id":135,"peso":20},{"id":182,"peso":3},{"id":5,"peso":2},{"id":112,"peso":17},{"id":39,"peso":10},{"id":138,"peso":13},{"id":81,"peso":15},{"id":52,"peso":14},{"id":117,"peso":15},{"id":13,"peso":10},{"id":51,"peso":8},{"id":174,"peso":16},{"id":3,"peso":10},{"id":70,"peso":5},{"id":69,"peso":18},{"id":179,"peso":18},{"id":151,"peso":7},{"id":130,"peso":16},{"id":104,"peso":5},{"id":48,"peso":18}]}