{"docente":{"nome":"Joao","departamento":"FEF","id":1186},"atividades":[{"id":136,"peso":9},{"id":130,"peso":10},{"id":65,"peso":11},{"id":67,"peso":11},{"id":2,"peso":0},{"id":73,"peso":18},{"id":100,"peso":15},{"id":16,"peso":6},{"id":9,"peso":0},{"id":53,"peso":2},{"id":158,"peso":19},{"id":129,"peso":6},{"id":193,"peso":17},{"id":19,"peso":12},{"id":8,"peso":13},{"id":190,"peso":3},{"id":152,"peso":7},{"id":176,"peso":19},{"id":24,"peso":7},{"id":5,"peso":15},{"id":34,"peso":4},{"id":42,"peso":0},{"id":166,"peso":0},{"id":84,"peso":10},{"id":97,"peso":13},{"id":89,"peso":6},{"id":86,"peso":13},{"id":59,"peso":18},{"id":60,"peso":1},{"id":121,"peso":19},{"id":49,"peso":11},{"id":4,"peso":2},{"id":85,"peso":12},{"id":90,"peso":2},{"id":150,"peso":8},{"id":29,"peso":11},{"id":102,"peso":0},{"id":57,"peso":4},{"id":6,"peso":8},{"id":194,"peso":2},{"id":101,"peso":5},{"id":80,"peso":1},{"id":51,"peso":0},{"id":120,"peso":15},{"id":164,"peso":6},{"id":37,"peso":19},{"id":165,"peso":9},{"id":106,"peso":9},{"id":125,"peso":9},{"id":44,"peso":6},{"id":192,"peso":7},{"id":153,"peso":9},{"id":69,"peso":2},{"id":142,"peso":16},{"id":138,"peso":10},{"id":62,"peso":12},{"id":143,"peso":7},{"id":31,"peso":15},{"id":119,"peso":2},{"id":108,"peso":9},{"id":30,"peso":15},{"id":40,"peso":7},{"id":45,"peso":11},{"id":66,"peso":5},{"id":39,"peso":9},{"id":95,"peso":2},{"id":92,"peso":15},{"id":134,"peso":7},{"id":22,"peso":19},{"id":48,"peso":19},{"id":71,"peso":13},{"id":68,"peso":9},{"id":74,"peso":18},{"id":168,"peso":17},{"id":141,"peso":20},{"id":172,"peso":14},{"id":3,"peso":15},{"id":169,"peso":5},{"id":184,"peso":12},{"id":63,"peso":9},{"id":163,"peso":2}]}