{"docente":{"nome":"Ana","departamento":"IQ","id":1144},"atividades":[{"id":127,"peso":8},{"id":180,"peso":18},{"id":86,"peso":14},{"id":174,"peso":13},{"id":63,"peso":1},{"id":153,"peso":5},{"id":13,"peso":12},{"id":182,"peso":0},{"id":42,"peso":7},{"id":148,"peso":9},{"id":29,"peso":13},{"id":68,"peso":9},{"id":186,"peso":5},{"id":143,"peso":11},{"id":198,"peso":19},{"id":135,"peso":8},{"id":40,"peso":3},{"id":46,"peso":14},{"id":2,"peso":2},{"id":150,"peso":9},{"id":81,"peso":15},{"id":12,"peso":8},{"id":16,"peso":2},{"id":151,"peso":0},{"id":10,"peso":3},{"id":184,"peso":2},{"id":93,"peso":4},{"id":170,"peso":4},{"id":147,"peso":3},{"id":18,"peso":20},{"id":49,"peso":5},{"id":161,"peso":14},{"id":120,"peso":0},{"id":88,"peso":8},{"id":178,"peso":4},{"id":172,"peso":4},{"id":197,"peso":5},{"id":8,"peso":7},{"id":6,"peso":11},{"id":169,"peso":7},{"id":123,"peso":2},{"id":32,"peso":0},{"id":80,"peso":7},{"id":17,"peso":8},{"id":96,"peso":20},{"id":183,"peso":20},{"id":133,"peso":12},{"id":149,"peso":11},{"id":156,"peso":7},{"id":22,"peso":15},{"id":54,"peso":2},{"id":94,"peso":19},{"id":115,"peso":16},{"id":71,"peso":2},{"id":45,"peso":19},{"id":104,"peso":0},{"id":72,"peso":2},{"id":194,"peso":5},{"id":23,"peso":16},{"id":64,"peso":12},{"id":61,"peso":8},{"id":66,"peso":3},{"id":75,"peso":16},{"id":28,"peso":11},{"id":9,"peso":8},{"id":67,"peso":7},{"id":102,"peso":20},{"id":139,"peso":9},{"id":97,"peso":8},{"id":137,"peso":16},{"id":167,"peso":0},{"id":47,"peso":0},{"id":84,"peso":2},{"id":118,"peso":2},{"id":179,"peso":15},{"id":79,"peso":4},{"id":109,"peso":0}]}