{"docente":{"nome":"Paulo","departamento":"ICB","id":1119},"atividades":[{"id":116,"peso":17},{"id":132,"peso":14},{"id":119,"peso":3},{"id":120,"peso":14},{"id":35,"peso":8},{"id":139,"peso":0},{"id":101,"peso":5},{"id":153,"peso":19},{"id":144,"peso":14},{"id":170,"peso":13},{"id":79,"peso":7},{"id":86,"peso":5},{"id":184,"peso":9},{"id":90,"peso":13},{"id":19,"peso":3},{"id":175,"peso":8},{"id":29,"peso":19},{"id":104,"peso":3},{"id":128,"peso":0},{"id":142,"peso":19},{"id":62,"peso":9},{"id":122,"peso":4},{"id":180,"peso":17},{"id":48,"peso":5},{"id":47,"peso":4},{"id":176,"peso":20},{"id":78,"peso":8},{"id":178,"peso":17},{"id":64,"peso":16},{"id":21,"peso":13},{"id":143,"peso":19},{"id":83,"peso":15},{"id":136,"peso":8},{"id":146,"peso":4},{"id":151,"peso":8},{"id":24,"peso":20},{"id":190,"peso":5},{"id":49,"peso":14},{"id":168,"peso":19},{"id":53,"peso":9},{"id":159,"peso":10},{"id":164,"peso":1},{"id":167,"peso":9},{"id":4,"peso":2},{"id":103,"peso":12},{"id":89,"peso":15},{"id":18,"peso":1},{"id":110,"peso":19},{"id":51,"peso":8},{"id":9,"peso":0},{"id":42,"peso":19},{"id":22,"peso":11},{"id":130,"peso":2},{"id":148,"peso":13},{"id":140,"peso":4},{"id":63,"peso":1},{"id":196,"peso":15},{"id":73,"peso":19},{"id":1,"peso":8},{"id":72,"peso":5},{"id":80,"peso":4},{"id":55,"peso":14},{"id":61,"peso":10},{"id":32,"peso":1},{"id":192,"peso":1},{"id":188,"peso":10},{"id":173,"peso":13},{"id":118,"peso":8},{"id":34,"peso":7},{"id":179,"peso":2},{"id":123,"peso":2},{"id":13,"peso":1},{"id":74,"peso":9},{"id":154,"peso":14},{"id":162,"peso":0},{"id":114,"peso":20},{"id":67,"peso":7},{"id":135,"peso":16},{"id":17,"peso":18},{"id":10,"peso":14},{"id":7,"peso":13}]}