{"docente":{"nome":"Adriana","departamento":"INF","id":1292},"atividades":[{"id":42,"peso":0},{"id":113,"peso":14},{"id":148,"peso":14},{"id":24,"peso":16},{"id":195,"peso":5},{"id":90,"peso":9},{"id":119,"peso":16},{"id":110,"peso":15},{"id":131,"peso":20},{"id":27,"peso":5},{"id":65,"peso":14},{"id":100,"peso":0},{"id":137,"peso":7},{"id":144,"peso":18},{"id":25,"peso":4},{"id":95,"peso":13},{"id":14,"peso":19},{"id":118,"peso":18},{"id":122,"peso":10},{"id":28,"peso":2},{"id":97,"peso":7},{"id":52,"peso":13},{"id":75,"peso":16},{"id":136,"peso":7},{"id":108,"peso":10},{"id":158,"peso":11},{"id":72,"peso":16},{"id":193,"peso":0},{"id":29,"peso":17},{"id":132,"peso":6},{"id":96,"peso":0},{"id":161,"peso":10},{"id":183,"peso":20},{"id":150,"peso":1},{"id":164,"peso":6},{"id":121,"peso":19},{"id":73,"peso":17},{"id":35,"peso":9},{"id":17,"peso":10},{"id":3,"peso":16},{"id":159,"peso":7},{"id":102,"peso":15},{"id":170,"peso":5},{"id":60,"peso":0},{"id":8,"peso":12},{"id":88,"peso":0},{"id":188,"peso":14},{"id":78,"peso":20},{"id":147,"peso":16},{"id":61,"peso":6},{"id":77,"peso":4},{"id":51,"peso":17},{"id":44,"peso":5},{"id":126,"peso":6},{"id":39,"peso":13},{"id":179,"peso":19},{"id":71,"peso":3},{"id":33,"peso":4},{"id":21,"peso":11},{"id":101,"peso":5},{"id":153,"peso":5},{"id":16,"peso":7},{"id":160,"peso":5},{"id":18,"peso":18},{"id":103,"peso":18},{"id":163,"peso":8},{"id":56,"peso":7},{"id":169,"peso":15},{"id":49,"peso":10},{"id":197,"peso":9},{"id":109,"peso":16},{"id":36,"peso":9},{"id":67,"peso":14},{"id":186,"peso":1},{"id":151,"peso":3},{"id":184,"peso":4},{"id":114,"peso":17},{"id":180,"peso":5},{"id":123,"peso":13}]}