{"docente":{"nome":"Guilherme","departamento":"FIC","id":1191},"atividades":[{"id":162,"peso":16},{"id":166,"peso":1},{"id":196,"peso":14},{"id":193,"peso":15},{"id":156,"peso":8},{"id":139,"peso":10},{"id":59,"peso":12},{"id":77,"peso":10},{"id":52,"peso":3},{"id":81,"peso":2},{"id":143,"peso":19},{"id":160,"peso":7},{"id":74,"peso":4},{"id":128,"peso":7},{"id":133,"peso":16},{"id":167,"peso":1},{"id":36,"peso":15},{"id":192,"peso":7},{"id":38,"peso":18},{"id":12,"peso":3},{"id":121,"peso":3},{"id":49,"peso":5},{"id":45,"peso":7},{"id":91,"peso":1},{"id":174,"peso":17},{"id":21,"peso":17},{"id":150,"peso":10},{"id":102,"peso":18},{"id":182,"peso":1},{"id":188,"peso":1},{"id":170,"peso":15},{"id":1,"peso":5},{"id":84,"peso":11},{"id":107,"peso":3},{"id":123,"peso":0},{"id":119,"peso":8},{"id":194,"peso":3},{"id":163,"peso":2},{"id":185,"peso":16},{"id":145,"peso":10},{"id":187,"peso":14},{"id":137,"peso":17},{"id":161,"peso":15},{"id":112,"peso":19},{"id":117,"peso":11},{"id":14,"peso":15},{"id":46,"peso":0},{"id":181,"peso":7},{"id":146,"peso":5},{"id":165,"peso":17},{"id":169,"peso":16},{"id":70,"peso":4},{"id":191,"peso":13},{"id":98,"peso":18},{"id":113,"peso":13},{"id":152,"peso":7},{"id":30,"peso":11},{"id":68,"peso":5},{"id":149,"peso":18},{"id":159,"peso":6},{"id":69,"peso":4},{"id":86,"peso":9},{"id":179,"peso":2},{"id":51,"peso":4},{"id":26,"peso":7},{"id":66,"peso":4},{"id":120,"peso":0},{"id":138,"peso":11},{"id":141,"peso":8},{"id":6,"peso":18}]}