{"docente":{"nome":"Guilherme","departamento":"FIC","id":1130},"atividades":[{"id":145,"peso":17},{"id":100,"peso":11},{"id":160,"peso":1},{"id":159,"peso":12},{"id":164,"peso":3},{"id":45,"peso":19},{"id":38,"peso":5},{"id":121,"peso":17},{"id":85,"peso":8},{"id":11,"peso":7},{"id":96,"peso":9},{"id":22,"peso":12},{"id":25,"peso":17},{"id":110,"peso":7},{"id":63,"peso":0},{"id":44,"peso":3},{"id":98,"peso":7},{"id":194,"peso":16},{"id":90,"peso":1},{"id":68,"peso":12},{"id":132,"peso":8},{"id":138,"peso":3},{"id":153,"peso":14},{"id":59,"peso":14},{"id":135,"peso":2},{"id":89,"peso":6},{"id":65,"peso":0},{"id":115,"peso":8},{"id":60,"peso":17},{"id":10,"peso":5},{"id":181,"peso":11},{"id":67,"peso":16},{"id":177,"peso":18},{"id":72,"peso":7},{"id":147,"peso":18},{"id":188,"peso":20},{"id":157,"peso":6},{"id":80,"peso":6},{"id":88,"peso":1},{"id":116,"peso":0},{"id":140,"peso":12},{"id":197,"peso":8},{"id":190,"peso":8},{"id":193,"peso":4},{"id":128,"peso":12},{"id":70,"peso":3},{"id":117,"peso":15},{"id":183,"peso":12},{"id":13,"peso":14},{"id":9,"peso":11},{"id":103,"peso":19},{"id":95,"peso":12},{"id":55,"peso":15},{"id":94,"peso":1},{"id":76,"peso":19},{"id":31,"peso":16},{"id":81,"peso":10},{"id":187,"peso":14},{"id":84,"peso":12},{"id":53,"peso":4},{"id":109,"peso":6},{"id":172,"peso":20},{"id":185,"peso":19},{"id":192,"peso":16},{"id":161,"peso":15},{"id":144,"peso":19},{"id":179,"peso":13},{"id":49,"peso":6},{"id":23,"peso":4},{"id":124,"peso":6},{"id":111,"peso":10},{"id":175,"peso":11},{"id":195,"peso":6},{"id":91,"peso":7}]}