{"docente":{"nome":"Luiz","departamento":"ICB","id":1038},"atividades":[{"id":81,"peso":16},{"id":3,"peso":8},{"id":42,"peso":15},{"id":57,"peso":17},{"id":65,"peso":11},{"id":100,"peso":18},{"id":37,"peso":5},{"id":18,"peso":5},{"id":101,"peso":7},{"id":131,"peso":7},{"id":36,"peso":2},{"id":7,"peso":2},{"id":119,"peso":14},{"id":98,"peso":2},{"id":34,"peso":18},{"id":52,"peso":3},{"id":93,"peso":18},{"id":84,"peso":3},{"id":68,"peso":13},{"id":166,"peso":8},{"id":30,"peso":16},{"id":128,"peso":9},{"id":151,"peso":16},{"id":17,"peso":1},{"id":172,"peso":6},{"id":156,"peso":5},{"id":73,"peso":14},{"id":91,"peso":14},{"id":82,"peso":16},{"id":92,"peso":1},{"id":198,"peso":2},{"id":105,"peso":19},{"id":125,"peso":15},{"id":46,"peso":1},{"id":170,"peso":0},{"id":183,"peso":17},{"id":43,"peso":1},{"id":96,"peso":0},{"id":127,"peso":16},{"id":26,"peso":17},{"id":22,"peso":9},{"id":146,"peso":9},{"id":25,"peso":1},{"id":143,"peso":6},{"id":187,"peso":6},{"id":10,"peso":20},{"id":103,"peso":18},{"id":152,"peso":2},{"id":158,"peso":8},{"id":137,"peso":17},{"id":193,"peso":15},{"id":29,"peso":9},{"id":118,"peso":18},{"id":184,"peso":8},{"id":31,"peso":20},{"id":23,"peso":10},{"id":49,"peso":13},{"id":61,"peso":2},{"id":192,"peso":9},{"id":138,"peso":0},{"id":64,"peso":13},{"id":4,"peso":10},{"id":71,"peso":2},{"id":39,"peso":17},{"id":13,"peso":17},{"id":160,"peso":13},{"id":108,"peso":20},{"id":90,"peso":4},{"id":142,"peso":11},{"id":139,"peso":15},{"id":40,"peso":15},{"id":111,"peso":10},{"id":41,"peso":2},{"id":51,"peso":0},{"id":45,"peso":1},{"id":67,"peso":4},{"id":66,"peso":9},{"id":155,"peso":1},{"id":16,"peso":18}]}