{"docente":{"nome":"Paulo","departamento":"FIC","id":1355},"atividades":[{"id":170,"peso":19},{"id":113,"peso":7},{"id":27,"peso":16},{"id":162,"peso":4},{"id":157,"peso":6},{"id":43,"peso":13},{"id":58,"peso":15},{"id":44,"peso":17},{"id":97,"peso":6},{"id":168,"peso":10},{"id":123,"peso":0},{"id":193,"peso":11},{"id":79,"peso":17},{"id":114,"peso":1},{"id":176,"peso":6},{"id":108,"peso":10},{"id":62,"peso":5},{"id":159,"peso":5},{"id":174,"peso":15},{"id":55,"peso":4},{"id":102,"peso":5},{"id":78,"peso":14},{"id":20,"peso":6},{"id":66,"peso":7},{"id":149,"peso":9},{"id":90,"peso":11},{"id":105,"peso":20},{"id":156,"peso":19},{"id":92,"peso":8},{"id":84,"peso":20},{"id":51,"peso":14},{"id":72,"peso":5},{"id":53,"peso":11},{"id":103,"peso":17},{"id":190,"peso":19},{"id":155,"peso":9},{"id":33,"peso":9},{"id":38,"peso":3},{"id":45,"peso":5},{"id":54,"peso":15},{"id":31,"peso":0},{"id":136,"peso":18},{"id":36,"peso":7},{"id":46,"peso":1},{"id":184,"peso":4},{"id":104,"peso":2},{"id":139,"peso":18},{"id":28,"peso":11},{"id":88,"peso":2},{"id":47,"peso":10},{"id":83,"peso":11},{"id":106,"peso":14},{"id":119,"peso":10},{"id":19,"peso":14},{"id":120,"peso":14},{"id":179,"peso":14},{"id":180,"peso":6},{"id":147,"peso":5},{"id":74,"peso":14},{"id":23,"peso":20},{"id":7,"peso":11},{"id":22,"peso":18},{"id":30,"peso":9},{"id":9,"peso":8},{"id":81,"peso":4},{"id":178,"peso":1},{"id":130,"peso":11},{"id":173,"peso":15},{"id":124,"peso":17},{"id":134,"peso":0},{"id":188,"peso":14},{"id":52,"peso":17},{"id":128,"peso":13},{"id":48,"peso":19},{"id":42,"peso":18},{"id":194,"peso":4},{"id":116,"peso":10},{"id":29,"peso":2}]}