{"docente":{"nome":"Marcelo","departamento":"IF","id":1219},"atividades":[{"id":38,"peso":3},{"id":59,"peso":3},{"id":164,"peso":18},{"id":102,"peso":12},{"id":45,"peso":14},{"id":174,"peso":2},{"id":60,"peso":20},{"id":96,"peso":9},{"id":157,"peso":9},{"id":132,"peso":0},{"id":155,"peso":17},{"id":152,"peso":20},{"id":4,"peso":6},{"id":114,"peso":10},{"id":52,"peso":14},{"id":87,"peso":20},{"id":65,"peso":17},{"id":72,"peso":0},{"id":143,"peso":20},{"id":182,"peso":13},{"id":74,"peso":10},{"id":184,"peso":17},{"id":133,"peso":12},{"id":21,"peso":12},{"id":190,"peso":1},{"id":44,"peso":5},{"id":51,"peso":15},{"id":111,"peso":14},{"id":14,"peso":15},{"id":123,"peso":9},{"id":25,"peso":9},{"id":46,"peso":15},{"id":177,"peso":19},{"id":41,"peso":6},{"id":179,"peso":6},{"id":149,"peso":3},{"id":112,"peso":3},{"id":67,"peso":7},{"id":160,"peso":3},{"id":198,"peso":16},{"id":49,"peso":7},{"id":78,"peso":11},{"id":5,"peso":4},{"id":66,"peso":4},{"id":61,"peso":14},{"id":144,"peso":10},{"id":115,"peso":3},{"id":95,"peso":12},{"id":180,"peso":0},{"id":124,"peso":19},{"id":26,"peso":0},{"id":7,"peso":13},{"id":6,"peso":13},{"id":89,"peso":5},{"id":197,"peso":6},{"id":165,"peso":10},{"id":159,"peso":3},{"id":48,"peso":6},{"id":2,"peso":9},{"id":68,"peso":20},{"id":185,"peso":20},{"id":113,"peso":14},{"id":80,"peso":1},{"id":147,"peso":17},{"id":83,"peso":8},{"id":28,"peso":17},{"id":146,"peso":11},{"id":172,"peso":6},{"id":54,"peso":1},{"id":35,"peso":15},{"id":17,"peso":16},{"id":117,"peso":0}]}