{"docente":{"nome":"Fernanda","departamento":"ICB","id":1047},"atividades":[{"id":126,"peso":12},{"id":100,"peso":0},{"id":43,"peso":16},{"id":110,"peso":5},{"id":64,"peso":17},{"id":157,"peso":1},{"id":159,"peso":11},{"id":102,"peso":8},{"id":26,"peso":17},{"id":22,"peso":3},{"id":136,"peso":13},{"id":133,"peso":8},{"id":131,"peso":10},{"id":168,"peso":0},{"id":158,"peso":1},{"id":74,"peso":3},{"id":53,"peso":10},{"id":130,"peso":4},{"id":54,"peso":15},{"id":25,"peso":6},{"id":193,"peso":12},{"id":137,"peso":11},{"id":48,"peso":17},{"id":156,"peso":0},{"id":119,"peso":0},{"id":121,"peso":10},{"id":93,"peso":9},{"id":122,"peso":0},{"id":66,"peso":2},{"id":67,"peso":10},{"id":7,"peso":19},{"id":134,"peso":17},{"id":16,"peso":3},{"id":34,"peso":11},{"id":50,"peso":2},{"id":20,"peso":2},{"id":62,"peso":12},{"id":188,"peso":12},{"id":162,"peso":10},{"id":194,"peso":18},{"id":129,"peso":11},{"id":31,"peso":3},{"id":1,"peso":14},{"id":105,"peso":4},{"id":180,"peso":0},{"id":177,"peso":5},{"id":79,"peso":10},{"id":127,"peso":7},{"id":106,"peso":18},{"id":148,"peso":19},{"id":183,"peso":4},{"id":14,"peso":10},{"id":42,"peso":19},{"id":172,"peso":4},{"id":4,"peso":4},{"id":123,"peso":7},{"id":13,"peso":15},{"id":173,"peso":8},{"id":84,"peso":16},{"id":55,"peso":10},{"id":98,"peso":4},{"id":6,"peso":17},{"id":185,"peso":6},{"id":80,"peso":8},{"id":24,"peso":15},{"id":192,"peso":4},{"id":40,"peso":11},{"id":59,"peso":9},{"id":86,"peso":8},{"id":60,"peso":13},{"id":37,"peso":10},{"id":39,"peso":9},{"id":115,"peso":15},{"id":170,"peso":3},{"id":91,"peso":14},{"id":85,"peso":3}]}