{"docente":{"nome":"Auri","departamento":"FEF","id":1302},"atividades":[{"id":22,"peso":1},{"id":147,"peso":5},{"id":11,"peso":4},{"id":186,"peso":16},{"id":73,"peso":2},{"id":77,"peso":14},{"id":19,"peso":1},{"id":10,"peso":15},{"id":94,"peso":10},{"id":112,"peso":16},{"id":185,"peso":9},{"id":32,"peso":5},{"id":150,"peso":14},{"id":1,"peso":3},{"id":117,"peso":19},{"id":120,"peso":6},{"id":115,"peso":1},{"id":107,"peso":4},{"id":100,"peso":15},{"id":108,"peso":3},{"id":165,"peso":14},{"id":151,"peso":4},{"id":5,"peso":10},{"id":178,"peso":12},{"id":145,"peso":20},{"id":4,"peso":0},{"id":138,"peso":0},{"id":140,"peso":6},{"id":17,"peso":12},{"id":152,"peso":9},{"id":133,"peso":20},{"id":149,"peso":4},{"id":104,"peso":19},{"id":146,"peso":15},{"id":46,"peso":11},{"id":61,"peso":5},{"id":194,"peso":6},{"id":23,"peso":14},{"id":72,"peso":7},{"id":172,"peso":1},{"id":139,"peso":20},{"id":197,"peso":19},{"id":106,"peso":12},{"id":180,"peso":19},{"id":49,"peso":9},{"id":174,"peso":5},{"id":113,"peso":12},{"id":66,"peso":10},{"id":60,"peso":16},{"id":36,"peso":10},{"id":81,"peso":5},{"id":63,"peso":7},{"id":156,"peso":12},{"id":190,"peso":3},{"id":57,"peso":17},{"id":35,"peso":2},{"id":74,"peso":10},{"id":89,"peso":3},{"id":75,"peso":10},{"id":70,"peso":9},{"id":124,"peso":13},{"id":173,"peso":16},{"id":183,"peso":1},{"id":128,"peso":10},{"id":161,"peso":10},{"id":195,"peso":10},{"id":102,"peso":15},{"id":188,"peso":1},{"id":97,"peso":15},{"id":34,"peso":3},{"id":189,"peso":8},{"id":101,"peso":16},{"id":182,"peso":2},{"id":15,"peso":14},{"id":9,"peso":2},{"id":187,"peso":7},{"id":158,"peso":15},{"id":78,"peso":18},{"id":193,"peso":5},{"id":114,"peso":2},{"id":82,"peso":4},{"id":105,"peso":12}]}