{"docente":{"nome":"Joao","departamento":"FEF","id":1405},"atividades":[{"id":76,"peso":15},{"id":182,"peso":4},{"id":170,"peso":18},{"id":103,"peso":4},{"id":119,"peso":16},{"id":125,"peso":18},{"id":131,"peso":11},{"id":179,"peso":7},{"id":20,"peso":8},{"id":137,"peso":10},{"id":99,"peso":3},{"id":91,"peso":8},{"id":155,"peso":19},{"id":146,"peso":7},{"id":59,"peso":13},{"id":198,"peso":3},{"id":110,"peso":18},{"id":56,"peso":12},{"id":153,"peso":18},{"id":63,"peso":5},{"id":27,"peso":19},{"id":142,"peso":3},{"id":154,"peso":12},{"id":70,"peso":1},{"id":108,"peso":17},{"id":166,"peso":18},{"id":61,"peso":0},{"id":168,"peso":17},{"id":47,"peso":6},{"id":126,"peso":2},{"id":164,"peso":10},{"id":116,"peso":18},{"id":46,"peso":4},{"id":88,"peso":20},{"id":128,"peso":0},{"id":45,"peso":15},{"id":129,"peso":7},{"id":143,"peso":2},{"id":149,"peso":2},{"id":77,"peso":5},{"id":43,"peso":0},{"id":6,"peso":8},{"id":176,"peso":14},{"id":98,"peso":2},{"id":26,"peso":6},{"id":52,"peso":6},{"id":58,"peso":0},{"id":38,"peso":13},{"id":139,"peso":6},{"id":191,"peso":1},{"id":185,"peso":15},{"id":83,"peso":16},{"id":109,"peso":18},{"id":152,"peso":17},{"id":28,"peso":10},{"id":69,"peso":8},{"id":121,"peso":16},{"id":193,"peso":5},{"id":115,"peso":0},{"id":192,"peso":16},{"id":21,"peso":20},{"id":163,"peso":8},{"id":3,"peso":20},{"id":160,"peso":9},{"id":175,"peso":11},{"id":17,"peso":8},{"id":23,"peso":11},{"id":173,"peso":4},{"id":68,"peso":11},{"id":89,"peso":0},{"id":33,"peso":11},{"id":7,"peso":5},{"id":42,"peso":13},{"id":32,"peso":3},{"id":60,"peso":17},{"id":51,"peso":8},{"id":92,"peso":8},{"id":187,"peso":1},{"id":130,"peso":2},{"id":39,"peso":1}]}