{"docente":{"nome":"Fernanda","departamento":"ICB","id":1164},"atividades":[{"id":74,"peso":17},{"id":54,"peso":16},{"id":12,"peso":20},{"id":35,"peso":7},{"id":69,"peso":7},{"id":151,"peso":13},{"id":71,"peso":3},{"id":100,"peso":19},{"id":2,"peso":5},{"id":150,"peso":6},{"id":103,"peso":9},{"id":98,"peso":9},{"id":166,"peso":17},{"id":189,"peso":14},{"id":154,"peso":8},{"id":149,"peso":8},{"id":156,"peso":6},{"id":174,"peso":8},{"id":134,"peso":11},{"id":27,"peso":11},{"id":20,"peso":15},{"id":101,"peso":2},{"id":59,"peso":4},{"id":56,"peso":8},{"id":51,"peso":18},{"id":172,"peso":18},{"id":94,"peso":19},{"id":84,"peso":19},{"id":9,"peso":8},{"id":13,"peso":15},{"id":140,"peso":1},{"id":23,"peso":9},{"id":95,"peso":2},{"id":168,"peso":15},{"id":160,"peso":11},{"id":120,"peso":1},{"id":107,"peso":9},{"id":111,"peso":16},{"id":7,"peso":8},{"id":30,"peso":7},{"id":83,"peso":15},{"id":165,"peso":8},{"id":183,"peso":5},{"id":82,"peso":7},{"id":39,"peso":7},{"id":152,"peso":12},{"id":130,"peso":16},{"id":29,"peso":15},{"id":26,"peso":17},{"id":24,"peso":6},{"id":181,"peso":4},{"id":117,"peso":9},{"id":50,"peso":2},{"id":170,"peso":15},{"id":110,"peso":15},{"id":62,"peso":2},{"id":65,"peso":3},{"id":136,"peso":5},{"id":88,"peso":7},{"id":42,"peso":6},{"id":102,"peso":14},{"id":119,"peso":5},{"id":129,"peso":9},{"id":115,"peso":5},{"id":3,"peso":8},{"id":93,"peso":15},{"id":36,"peso":11},{"id":66,"peso":15},{"id":22,"peso":14},{"id":158,"peso":0},{"id":132,"peso":13},{"id":40,"peso":13},{"id":185,"peso":12},{"id":167,"peso":13},{"id":128,"peso":19},{"id":176,"peso":18},{"id":68,"peso":20},{"id":147,"peso":20},{"id":19,"peso":4},{"id":177,"peso":11},{"id":16,"peso":12},{"id":79,"peso":12}]}