{"docente":{"nome":"Fernanda","departamento":"FIC","id":1420},"atividades":[{"id":197,"peso":13},{"id":166,"peso":14},{"id":45,"peso":12},{"id":136,"peso":4},{"id":108,"peso":15},{"id":167,"peso":5},{"id":122,"peso":0},{"id":133,"peso":2},{"id":140,"peso":4},{"id":194,"peso":17},{"id":61,"peso":5},{"id":131,"peso":16},{"id":168,"peso":9},{"id":181,"peso":1},{"id":169,"peso":1},{"id":105,"peso":20},{"id":106,"peso":14},{"id":100,"peso":9},{"id":77,"peso":9},{"id":42,"peso":12},{"id":15,"peso":20},{"id":16,"peso":6},{"id":171,"peso":13},{"id":138,"peso":14},{"id":180,"peso":12},{"id":24,"peso":10},{"id":48,"peso":5},{"id":178,"peso":19},{"id":164,"peso":2},{"id":37,"peso":2},{"id":83,"peso":6},{"id":196,"peso":1},{"id":115,"peso":20},{"id":85,"peso":15},{"id":119,"peso":6},{"id":150,"peso":15},{"id":4,"peso":3},{"id":188,"peso":8},{"id":47,"peso":13},{"id":74,"peso":18},{"id":19,"peso":2},{"id":5,"peso":17},{"id":159,"peso":17},{"id":55,"peso":11},{"id":6,"peso":18},{"id":88,"peso":14},{"id":191,"peso":11},{"id":69,"peso":14},{"id":71,"peso":8},{"id":23,"peso":17},{"id":33,"peso":15},{"id":41,"peso":11},{"id":89,"peso":18},{"id":170,"peso":14},{"id":75,"peso":11},{"id":182,"peso":7},{"id":72,"peso":10},{"id":146,"peso":16},{"id":149,"peso":12},{"id":109,"peso":17},{"id":90,"peso":7},{"id":154,"peso":15},{"id":128,"peso":20},{"id":94,"peso":2},{"id":102,"peso":14},{"id":172,"peso":10},{"id":78,"peso":19},{"id":125,"peso":4},{"id":123,"peso":2},{"id":114,"peso":10},{"id":103,"peso":3},{"id":189,"peso":6},{"id":8,"peso":8},{"id":7,"peso":19},{"id":3,"peso":2},{"id":20,"peso":4},{"id":141,"peso":0},{"id":130,"peso":9}]}