{"docente":{"nome":"Karla","departamento":"IQ","id":1299},"atividades":[{"id":173,"peso":10},{"id":66,"peso":2},{"id":70,"peso":4},{"id":180,"peso":9},{"id":133,"peso":16},{"id":37,"peso":8},{"id":86,"peso":6},{"id":73,"peso":2},{"id":138,"peso":4},{"id":35,"peso":1},{"id":115,"peso":16},{"id":134,"peso":4},{"id":76,"peso":3},{"id":127,"peso":13},{"id":31,"peso":0},{"id":128,"peso":17},{"id":132,"peso":1},{"id":183,"peso":6},{"id":187,"peso":13},{"id":68,"peso":3},{"id":166,"peso":14},{"id":78,"peso":9},{"id":111,"peso":11},{"id":87,"peso":14},{"id":56,"peso":9},{"id":186,"peso":12},{"id":13,"peso":9},{"id":118,"peso":16},{"id":47,"peso":10},{"id":106,"peso":9},{"id":48,"peso":10},{"id":49,"peso":20},{"id":16,"peso":8},{"id":69,"peso":0},{"id":72,"peso":3},{"id":19,"peso":4},{"id":160,"peso":4},{"id":5,"peso":12},{"id":189,"peso":3},{"id":60,"peso":10},{"id":38,"peso":7},{"id":175,"peso":17},{"id":178,"peso":9},{"id":161,"peso":2},{"id":102,"peso":12},{"id":77,"peso":8},{"id":108,"peso":13},{"id":74,"peso":10},{"id":53,"peso":11},{"id":148,"peso":13},{"id":119,"peso":19},{"id":80,"peso":8},{"id":50,"peso":16},{"id":125,"peso":9},{"id":21,"peso":16},{"id":23,"peso":19},{"id":145,"peso":9},{"id":159,"peso":20},{"id":75,"peso":10},{"id":10,"peso":11},{"id":151,"peso":6},{"id":171,"peso":6},{"id":18,"peso":3},{"id":93,"peso":3},{"id":112,"peso":7},{"id":139,"peso":12},{"id":181,"peso":9},{"id":147,"peso":4},{"id":12,"peso":10},{"id":168,"peso":17},{"id":40,"peso":15},{"id":71,"peso":13},{"id":197,"peso":16},{"id":164,"peso":0},{"id":179,"peso":5},{"id":193,"peso":14},{"id":122,"peso":15},{"id":156,"peso":12},{"id":104,"peso":4},{"id":113,"peso":15},{"id":121,"peso":15},{"id":82,"peso":14}]}