{"docente":{"nome":"Ingrid","departamento":"IF","id":1388},"atividades":[{"id":66,"peso":12},{"id":56,"peso":1},{"id":70,"peso":7},{"id":187,"peso":6},{"id":173,"peso":14},{"id":74,"peso":16},{"id":3,"peso":6},{"id":124,"peso":9},{"id":195,"peso":16},{"id":24,"peso":1},{"id":85,"peso":16},{"id":46,"peso":13},{"id":150,"peso":5},{"id":73,"peso":13},{"id":2,"peso":18},{"id":178,"peso":3},{"id":76,"peso":13},{"id":116,"peso":5},{"id":99,"peso":7},{"id":141,"peso":0},{"id":117,"peso":0},{"id":60,"peso":15},{"id":144,"peso":18},{"id":123,"peso":0},{"id":94,"peso":4},{"id":105,"peso":18},{"id":109,"peso":3},{"id":72,"peso":17},{"id":151,"peso":1},{"id":6,"peso":12},{"id":113,"peso":13},{"id":67,"peso":18},{"id":25,"peso":18},{"id":40,"peso":0},{"id":162,"peso":18},{"id":169,"peso":3},{"id":131,"peso":5},{"id":127,"peso":8},{"id":8,"peso":12},{"id":28,"peso":13},{"id":12,"peso":18},{"id":133,"peso":1},{"id":53,"peso":2},{"id":97,"peso":10},{"id":51,"peso":18},{"id":48,"peso":13},{"id":1,"peso":13},{"id":130,"peso":14},{"id":54,"peso":17},{"id":160,"peso":2},{"id":37,"peso":12},{"id":63,"peso":3},{"id":129,"peso":8},{"id":181,"peso":18},{"id":142,"peso":3},{"id":90,"peso":18},{"id":49,"peso":12},{"id":89,"peso":12},{"id":119,"peso":3},{"id":170,"peso":5},{"id":176,"peso":0},{"id":4,"peso":16},{"id":41,"peso":5},{"id":43,"peso":7},{"id":180,"peso":8},{"id":87,"peso":1},{"id":10,"peso":16},{"id":136,"peso":19},{"id":79,"peso":3},{"id":95,"peso":4},{"id":115,"peso":8},{"id":189,"peso":13},{"id":145,"peso":19},{"id":22,"peso":1},{"id":121,"peso":10},{"id":140,"peso":6},{"id":17,"peso":11},{"id":58,"peso":1}]}