{"docente":{"nome":"Henrique","departamento":"FIC","id":1398},"atividades":[{"id":178,"peso":20},{"id":110,"peso":1},{"id":167,"peso":6},{"id":125,"peso":9},{"id":136,"peso":11},{"id":102,"peso":4},{"id":48,"peso":8},{"id":111,"peso":12},{"id":173,"peso":8},{"id":24,"peso":17},{"id":121,"peso":9},{"id":152,"peso":15},{"id":60,"peso":0},{"id":177,"peso":7},{"id":18,"peso":16},{"id":34,"peso":9},{"id":197,"peso":0},{"id":182,"peso":10},{"id":160,"peso":13},{"id":1,"peso":5},{"id":115,"peso":12},{"id":193,"peso":17},{"id":183,"peso":10},{"id":71,"peso":11},{"id":94,"peso":19},{"id":79,"peso":0},{"id":123,"peso":2},{"id":40,"peso":2},{"id":154,"peso":12},{"id":137,"peso":12},{"id":25,"peso":13},{"id":190,"peso":9},{"id":57,"peso":3},{"id":92,"peso":15},{"id":122,"peso":7},{"id":38,"peso":9},{"id":12,"peso":7},{"id":45,"peso":15},{"id":88,"peso":13},{"id":98,"peso":19},{"id":114,"peso":1},{"id":55,"peso":15},{"id":131,"peso":20},{"id":80,"peso":1},{"id":66,"peso":14},{"id":166,"peso":17},{"id":85,"peso":20},{"id":148,"peso":3},{"id":89,"peso":19},{"id":161,"peso":14},{"id":8,"peso":6},{"id":67,"peso":3},{"id":64,"peso":20},{"id":129,"peso":3},{"id":21,"peso":5},{"id":158,"peso":1},{"id":75,"peso":6},{"id":196,"peso":19},{"id":192,"peso":5},{"id":49,"peso":1},{"id":7,"peso":8},{"id":13,"peso":12},{"id":95,"peso":14},{"id":118,"peso":13},{"id":174,"peso":5},{"id":68,"peso":10},{"id":149,"peso":3},{"id":97,"peso":7},{"id":32,"peso":0},{"id":103,"peso":15},{"id":22,"peso":9},{"id":126,"peso":17},{"id":107,"peso":7},{"id":87,"peso":15},{"id":39,"peso":1},{"id":169,"peso":7},{"id":176,"peso":14},{"id":96,"peso":5},{"id":77,"peso":8},{"id":194,"peso":15}]}