{"docente":{"nome":"Paulo","departamento":"IQ","id":1113},"atividades":[{"id":114,"peso":16},{"id":26,"peso":19},{"id":16,"peso":8},{"id":21,"peso":1},{"id":8,"peso":9},{"id":92,"peso":20},{"id":118,"peso":18},{"id":159,"peso":14},{"id":61,"peso":17},{"id":155,"peso":17},{"id":23,"peso":16},{"id":170,"peso":2},{"id":117,"peso":14},{"id":14,"peso":1},{"id":17,"peso":1},{"id":96,"peso":0},{"id":1,"peso":17},{"id":132,"peso":19},{"id":93,"peso":12},{"id":46,"peso":20},{"id":176,"peso":6},{"id":76,"peso":14},{"id":73,"peso":15},{"id":129,"peso":5},{"id":13,"peso":16},{"id":146,"peso":14},{"id":89,"peso":10},{"id":29,"peso":8},{"id":81,"peso":1},{"id":48,"peso":14},{"id":191,"peso":17},{"id":65,"peso":2},{"id":125,"peso":0},{"id":28,"peso":5},{"id":57,"peso":11},{"id":190,"peso":14},{"id":35,"peso":4},{"id":31,"peso":1},{"id":19,"peso":5},{"id":59,"peso":18},{"id":88,"peso":2},{"id":70,"peso":11},{"id":102,"peso":20},{"id":105,"peso":10},{"id":79,"peso":19},{"id":156,"peso":10},{"id":18,"peso":11},{"id":140,"peso":10},{"id":83,"peso":19},{"id":181,"peso":10},{"id":104,"peso":6},{"id":40,"peso":17},{"id":142,"peso":6},{"id":67,"peso":0},{"id":136,"peso":16},{"id":43,"peso":2},{"id":12,"peso":18},{"id":171,"peso":7},{"id":196,"peso":15},{"id":56,"peso":13},{"id":100,"peso":6},{"id":69,"peso":0},{"id":119,"peso":6},{"id":10,"peso":0},{"id":116,"peso":1},{"id":127,"peso":4},{"id":148,"peso":8},{"id":175,"peso":3},{"id":55,"peso":0},{"id":9,"peso":6},{"id":24,"peso":1},{"id":174,"peso":8},{"id":108,"peso":13},{"id":71,"peso":20},{"id":97,"peso":17},{"id":169,"peso":14},{"id":33,"peso":17},{"id":42,"peso":10},{"id":112,"peso":3},{"id":25,"peso":18},{"id":101,"peso":9}]}