{"docente":{"nome":"Pedro","departamento":"FIC","id":1161},"atividades":[{"id":120,"peso":16},{"id":84,"peso":8},{"id":86,"peso":4},{"id":189,"peso":0},{"id":158,"peso":20},{"id":75,"peso":16},{"id":153,"peso":4},{"id":124,"peso":0},{"id":4,"peso":6},{"id":193,"peso":7},{"id":159,"peso":9},{"id":195,"peso":15},{"id":7,"peso":17},{"id":53,"peso":12},{"id":45,"peso":17},{"id":73,"peso":10},{"id":121,"peso":12},{"id":174,"peso":4},{"id":131,"peso":17},{"id":164,"peso":7},{"id":66,"peso":1},{"id":170,"peso":15},{"id":38,"peso":19},{"id":42,"peso":16},{"id":26,"peso":17},{"id":72,"peso":11},{"id":162,"peso":10},{"id":160,"peso":19},{"id":65,"peso":8},{"id":143,"peso":14},{"id":29,"peso":15},{"id":19,"peso":18},{"id":10,"peso":4},{"id":25,"peso":10},{"id":56,"peso":16},{"id":191,"peso":4},{"id":37,"peso":11},{"id":99,"peso":3},{"id":23,"peso":7},{"id":161,"peso":7},{"id":76,"peso":14},{"id":123,"peso":11},{"id":126,"peso":12},{"id":178,"peso":3},{"id":33,"peso":8},{"id":96,"peso":1},{"id":113,"peso":16},{"id":190,"peso":5},{"id":135,"peso":0},{"id":114,"peso":15},{"id":183,"peso":4},{"id":83,"peso":4},{"id":52,"peso":19},{"id":130,"peso":7},{"id":177,"peso":6},{"id":169,"peso":2},{"id":27,"peso":13},{"id":5,"peso":5},{"id":192,"peso":4},{"id":16,"peso":18},{"id":97,"peso":15},{"id":102,"peso":16},{"id":115,"peso":11},{"id":167,"peso":4},{"id":151,"peso":19},{"id":63,"peso":6},{"id":186,"peso":15},{"id":9,"peso":10},{"id":70,"peso":10},{"id":79,"peso":14},{"id":49,"peso":18},{"id":133,"peso":10},{"id":112,"peso":8},{"id":173,"peso":15},{"id":43,"peso":13},{"id":22,"peso":19},{"id":122,"peso":14},{"id":34,"peso":4},{"id":78,"peso":2},{"id":94,"peso":3},{"id":104,"peso":10}]}