{"docente":{"nome":"Paulo","departamento":"ICB","id":1386},"atividades":[{"id":45,"peso":10},{"id":69,"peso":7},{"id":105,"peso":20},{"id":190,"peso":18},{"id":40,"peso":7},{"id":39,"peso":4},{"id":74,"peso":11},{"id":193,"peso":1},{"id":63,"peso":3},{"id":189,"peso":15},{"id":136,"peso":16},{"id":100,"peso":18},{"id":76,"peso":11},{"id":101,"peso":6},{"id":77,"peso":17},{"id":59,"peso":7},{"id":15,"peso":17},{"id":145,"peso":18},{"id":65,"peso":12},{"id":26,"peso":17},{"id":152,"peso":2},{"id":60,"peso":3},{"id":53,"peso":6},{"id":95,"peso":9},{"id":1,"peso":9},{"id":109,"peso":14},{"id":106,"peso":4},{"id":52,"peso":1},{"id":4,"peso":8},{"id":127,"peso":13},{"id":113,"peso":10},{"id":23,"peso":2},{"id":31,"peso":8},{"id":132,"peso":19},{"id":49,"peso":14},{"id":150,"peso":0},{"id":138,"peso":0},{"id":20,"peso":10},{"id":84,"peso":12},{"id":133,"peso":3},{"id":130,"peso":14},{"id":51,"peso":16},{"id":12,"peso":10},{"id":24,"peso":20},{"id":56,"peso":14},{"id":38,"peso":6},{"id":176,"peso":20},{"id":48,"peso":17},{"id":85,"peso":6},{"id":175,"peso":3},{"id":87,"peso":2},{"id":37,"peso":3},{"id":11,"peso":2},{"id":118,"peso":5},{"id":170,"peso":8},{"id":103,"peso":12},{"id":128,"peso":14},{"id":93,"peso":20},{"id":165,"peso":1},{"id":166,"peso":7},{"id":43,"peso":0},{"id":42,"peso":19},{"id":163,"peso":16},{"id":146,"peso":13},{"id":123,"peso":2},{"id":121,"peso":18},{"id":192,"peso":16},{"id":98,"peso":5},{"id":143,"peso":18},{"id":72,"peso":12},{"id":139,"peso":18},{"id":147,"peso":10},{"id":78,"peso":18},{"id":68,"peso":4},{"id":184,"peso":0},{"id":111,"peso":17},{"id":171,"peso":9},{"id":179,"peso":13}]}