{"docente":{"nome":"Luiz","departamento":"IF","id":1256},"atividades":[{"id":93,"peso":9},{"id":105,"peso":7},{"id":51,"peso":13},{"id":165,"peso":15},{"id":94,"peso":8},{"id":160,"peso":7},{"id":132,"peso":2},{"id":13,"peso":5},{"id":8,"peso":10},{"id":155,"peso":14},{"id":107,"peso":2},{"id":5,"peso":15},{"id":14,"peso":8},{"id":154,"peso":4},{"id":140,"peso":4},{"id":41,"peso":9},{"id":15,"peso":17},{"id":175,"peso":9},{"id":62,"peso":5},{"id":138,"peso":19},{"id":40,"peso":7},{"id":66,"peso":4},{"id":96,"peso":18},{"id":145,"peso":4},{"id":80,"peso":9},{"id":156,"peso":14},{"id":139,"peso":15},{"id":171,"peso":5},{"id":149,"peso":5},{"id":90,"peso":4},{"id":64,"peso":0},{"id":3,"peso":17},{"id":113,"peso":18},{"id":86,"peso":20},{"id":79,"peso":12},{"id":101,"peso":7},{"id":163,"peso":12},{"id":169,"peso":8},{"id":78,"peso":15},{"id":61,"peso":12},{"id":192,"peso":4},{"id":135,"peso":1},{"id":63,"peso":17},{"id":52,"peso":9},{"id":122,"peso":16},{"id":85,"peso":7},{"id":161,"peso":20},{"id":4,"peso":3},{"id":97,"peso":10},{"id":21,"peso":14},{"id":112,"peso":16},{"id":31,"peso":8},{"id":147,"peso":9},{"id":193,"peso":10},{"id":191,"peso":0},{"id":54,"peso":15},{"id":150,"peso":1},{"id":89,"peso":4},{"id":72,"peso":11},{"id":84,"peso":16},{"id":174,"peso":20},{"id":99,"peso":11},{"id":24,"peso":8},{"id":110,"peso":5},{"id":103,"peso":2},{"id":146,"peso":14},{"id":128,"peso":20},{"id":111,"peso":10},{"id":75,"peso":12},{"id":109,"peso":2},{"id":182,"peso":9},{"id":102,"peso":8},{"id":172,"peso":19},{"id":151,"peso":13},{"id":28,"peso":16},{"id":10,"peso":12},{"id":198,"peso":9},{"id":25,"peso":20}]}