{"docente":{"nome":"Iasmin","departamento":"INF","id":1220},"atividades":[{"id":131,"peso":1},{"id":169,"peso":11},{"id":58,"peso":0},{"id":146,"peso":1},{"id":23,"peso":10},{"id":73,"peso":10},{"id":142,"peso":17},{"id":191,"peso":4},{"id":84,"peso":0},{"id":134,"peso":14},{"id":15,"peso":1},{"id":196,"peso":14},{"id":102,"peso":16},{"id":152,"peso":0},{"id":157,"peso":16},{"id":28,"peso":14},{"id":50,"peso":3},{"id":110,"peso":17},{"id":164,"peso":14},{"id":137,"peso":8},{"id":4,"peso":6},{"id":36,"peso":5},{"id":38,"peso":20},{"id":154,"peso":15},{"id":42,"peso":18},{"id":127,"peso":17},{"id":63,"peso":8},{"id":81,"peso":8},{"id":116,"peso":0},{"id":124,"peso":1},{"id":91,"peso":12},{"id":51,"peso":12},{"id":77,"peso":16},{"id":177,"peso":13},{"id":41,"peso":3},{"id":147,"peso":3},{"id":190,"peso":20},{"id":6,"peso":1},{"id":175,"peso":0},{"id":141,"peso":14},{"id":188,"peso":18},{"id":195,"peso":13},{"id":119,"peso":9},{"id":83,"peso":6},{"id":173,"peso":2},{"id":94,"peso":0},{"id":19,"peso":16},{"id":48,"peso":15},{"id":151,"peso":18},{"id":125,"peso":8},{"id":17,"peso":8},{"id":121,"peso":14},{"id":20,"peso":12},{"id":117,"peso":20},{"id":198,"peso":1},{"id":132,"peso":1},{"id":178,"peso":2},{"id":66,"peso":15},{"id":24,"peso":7},{"id":29,"peso":5},{"id":64,"peso":1},{"id":135,"peso":16},{"id":187,"peso":19},{"id":93,"peso":8},{"id":65,"peso":6},{"id":8,"peso":19},{"id":100,"peso":7},{"id":49,"peso":6},{"id":189,"peso":2},{"id":85,"peso":13},{"id":176,"peso":16},{"id":182,"peso":6},{"id":18,"peso":19},{"id":140,"peso":12},{"id":11,"peso":1},{"id":129,"peso":2},{"id":25,"peso":8},{"id":194,"peso":9},{"id":31,"peso":5},{"id":96,"peso":3},{"id":174,"peso":18}]}