{"docente":{"nome":"Paulo","departamento":"IQ","id":1227},"atividades":[{"id":86,"peso":13},{"id":96,"peso":4},{"id":62,"peso":16},{"id":117,"peso":20},{"id":162,"peso":19},{"id":115,"peso":20},{"id":85,"peso":6},{"id":81,"peso":15},{"id":95,"peso":6},{"id":31,"peso":15},{"id":131,"peso":9},{"id":144,"peso":12},{"id":170,"peso":10},{"id":134,"peso":0},{"id":6,"peso":14},{"id":112,"peso":3},{"id":183,"peso":18},{"id":166,"peso":10},{"id":22,"peso":13},{"id":114,"peso":18},{"id":121,"peso":8},{"id":17,"peso":19},{"id":41,"peso":0},{"id":97,"peso":13},{"id":94,"peso":10},{"id":32,"peso":8},{"id":37,"peso":14},{"id":173,"peso":11},{"id":28,"peso":7},{"id":92,"peso":5},{"id":196,"peso":7},{"id":125,"peso":6},{"id":103,"peso":5},{"id":27,"peso":5},{"id":98,"peso":11},{"id":146,"peso":4},{"id":67,"peso":11},{"id":101,"peso":16},{"id":52,"peso":14},{"id":57,"peso":7},{"id":2,"peso":15},{"id":44,"peso":2},{"id":65,"peso":4},{"id":47,"peso":6},{"id":12,"peso":7},{"id":109,"peso":11},{"id":132,"peso":4},{"id":102,"peso":3},{"id":72,"peso":11},{"id":179,"peso":20},{"id":176,"peso":8},{"id":24,"peso":14},{"id":197,"peso":3},{"id":154,"peso":4},{"id":163,"peso":5},{"id":119,"peso":16},{"id":150,"peso":14},{"id":77,"peso":1},{"id":181,"peso":18},{"id":51,"peso":20},{"id":56,"peso":3},{"id":152,"peso":13},{"id":11,"peso":11},{"id":69,"peso":3},{"id":118,"peso":13},{"id":198,"peso":18},{"id":87,"peso":18},{"id":174,"peso":11},{"id":90,"peso":18},{"id":93,"peso":6},{"id":26,"peso":20},{"id":15,"peso":10},{"id":105,"peso":9},{"id":80,"peso":3},{"id":36,"peso":6},{"id":70,"peso":1},{"id":143,"peso":8},{"id":138,"peso":5},{"id":75,"peso":3},{"id":151,"peso":19}]}