{"docente":{"nome":"Karla","departamento":"ICB","id":1358},"atividades":[{"id":131,"peso":12},{"id":60,"peso":0},{"id":64,"peso":12},{"id":46,"peso":13},{"id":3,"peso":2},{"id":145,"peso":18},{"id":163,"peso":4},{"id":100,"peso":19},{"id":58,"peso":19},{"id":180,"peso":4},{"id":90,"peso":8},{"id":7,"peso":9},{"id":65,"peso":20},{"id":142,"peso":16},{"id":61,"peso":5},{"id":35,"peso":8},{"id":105,"peso":19},{"id":126,"peso":15},{"id":144,"peso":1},{"id":27,"peso":12},{"id":87,"peso":17},{"id":184,"peso":17},{"id":56,"peso":9},{"id":57,"peso":14},{"id":189,"peso":6},{"id":123,"peso":11},{"id":159,"peso":15},{"id":112,"peso":18},{"id":86,"peso":17},{"id":117,"peso":19},{"id":33,"peso":16},{"id":122,"peso":20},{"id":55,"peso":15},{"id":115,"peso":6},{"id":94,"peso":17},{"id":160,"peso":1},{"id":5,"peso":11},{"id":10,"peso":6},{"id":6,"peso":6},{"id":107,"peso":8},{"id":85,"peso":7},{"id":162,"peso":15},{"id":153,"peso":15},{"id":25,"peso":7},{"id":146,"peso":6},{"id":24,"peso":8},{"id":121,"peso":12},{"id":196,"peso":1},{"id":104,"peso":3},{"id":44,"peso":17},{"id":20,"peso":13},{"id":39,"peso":20},{"id":181,"peso":6},{"id":137,"peso":14},{"id":42,"peso":6},{"id":91,"peso":16},{"id":81,"peso":20},{"id":186,"peso":1},{"id":52,"peso":20},{"id":76,"peso":7},{"id":95,"peso":11},{"id":183,"peso":10},{"id":133,"peso":17},{"id":192,"peso":14},{"id":151,"peso":14},{"id":48,"peso":9},{"id":165,"peso":3},{"id":15,"peso":10},{"id":109,"peso":20},{"id":129,"peso":4},{"id":1,"peso":4},{"id":23,"peso":16},{"id":140,"peso":9},{"id":190,"peso":5},{"id":106,"peso":8},{"id":169,"peso":11},{"id":111,"peso":9},{"id":37,"peso":13},{"id":103,"peso":5},{"id":119,"peso":11},{"id":22,"peso":10},{"id":53,"peso":7}]}