{"docente":{"nome":"Laerte","departamento":"IQ","id":1441},"atividades":[{"id":109,"peso":19},{"id":195,"peso":14},{"id":114,"peso":9},{"id":62,"peso":14},{"id":2,"peso":12},{"id":68,"peso":19},{"id":51,"peso":10},{"id":173,"peso":16},{"id":23,"peso":14},{"id":198,"peso":10},{"id":84,"peso":1},{"id":65,"peso":12},{"id":105,"peso":6},{"id":115,"peso":10},{"id":107,"peso":15},{"id":50,"peso":15},{"id":176,"peso":4},{"id":119,"peso":17},{"id":170,"peso":4},{"id":49,"peso":20},{"id":99,"peso":4},{"id":69,"peso":18},{"id":20,"peso":15},{"id":28,"peso":3},{"id":37,"peso":4},{"id":193,"peso":2},{"id":117,"peso":8},{"id":148,"peso":5},{"id":147,"peso":11},{"id":76,"peso":14},{"id":8,"peso":12},{"id":141,"peso":11},{"id":152,"peso":7},{"id":140,"peso":2},{"id":91,"peso":1},{"id":80,"peso":0},{"id":17,"peso":2},{"id":178,"peso":18},{"id":26,"peso":2},{"id":169,"peso":11},{"id":59,"peso":0},{"id":5,"peso":12},{"id":150,"peso":19},{"id":131,"peso":4},{"id":83,"peso":5},{"id":143,"peso":7},{"id":139,"peso":19},{"id":86,"peso":1},{"id":108,"peso":0},{"id":112,"peso":3},{"id":157,"peso":15},{"id":18,"peso":14},{"id":197,"peso":20},{"id":70,"peso":20},{"id":22,"peso":7},{"id":88,"peso":14},{"id":77,"peso":3},{"id":78,"peso":11},{"id":184,"peso":20},{"id":31,"peso":9},{"id":66,"peso":13},{"id":118,"peso":2},{"id":32,"peso":9},{"id":81,"peso":1},{"id":100,"peso":7},{"id":90,"peso":9},{"id":145,"peso":6},{"id":75,"peso":20},{"id":174,"peso":12},{"id":155,"peso":17},{"id":21,"peso":0},{"id":4,"peso":19},{"id":123,"peso":19},{"id":53,"peso":19},{"id":125,"peso":8},{"id":95,"peso":14},{"id":35,"peso":17},{"id":158,"peso":2},{"id":110,"peso":1},{"id":102,"peso":10},{"id":16,"peso":20}]}