{"docente":{"nome":"Murilo","departamento":"FEF","id":1169},"atividades":[{"id":104,"peso":0},{"id":78,"peso":0},{"id":34,"peso":2},{"id":165,"peso":16},{"id":69,"peso":0},{"id":93,"peso":3},{"id":194,"peso":6},{"id":67,"peso":8},{"id":98,"peso":13},{"id":144,"peso":19},{"id":27,"peso":16},{"id":65,"peso":7},{"id":99,"peso":6},{"id":133,"peso":12},{"id":121,"peso":12},{"id":40,"peso":14},{"id":70,"peso":18},{"id":46,"peso":5},{"id":108,"peso":5},{"id":150,"peso":5},{"id":141,"peso":13},{"id":158,"peso":11},{"id":126,"peso":16},{"id":9,"peso":14},{"id":86,"peso":20},{"id":114,"peso":10},{"id":169,"peso":11},{"id":66,"peso":18},{"id":61,"peso":11},{"id":97,"peso":15},{"id":123,"peso":17},{"id":19,"peso":17},{"id":41,"peso":6},{"id":24,"peso":19},{"id":172,"peso":11},{"id":140,"peso":18},{"id":75,"peso":8},{"id":49,"peso":4},{"id":22,"peso":11},{"id":120,"peso":14},{"id":162,"peso":14},{"id":109,"peso":6},{"id":170,"peso":14},{"id":125,"peso":11},{"id":152,"peso":14},{"id":190,"peso":19},{"id":92,"peso":5},{"id":20,"peso":10},{"id":37,"peso":15},{"id":116,"peso":13},{"id":76,"peso":1},{"id":2,"peso":15},{"id":43,"peso":17},{"id":18,"peso":17},{"id":136,"peso":9},{"id":151,"peso":10},{"id":175,"peso":10},{"id":44,"peso":12},{"id":47,"peso":20},{"id":33,"peso":0},{"id":48,"peso":5},{"id":180,"peso":10},{"id":103,"peso":12},{"id":13,"peso":13},{"id":88,"peso":8},{"id":186,"peso":1},{"id":193,"peso":5},{"id":149,"peso":8},{"id":164,"peso":19},{"id":124,"peso":16},{"id":85,"peso":12},{"id":1,"peso":15},{"id":117,"peso":1},{"id":145,"peso":0},{"id":7,"peso":13},{"id":23,"peso":13},{"id":189,"peso":17},{"id":157,"peso":19},{"id":139,"peso":17},{"id":54,"peso":12}]}