{"docente":{"nome":"Henrique","departamento":"FEF","id":1349},"atividades":[{"id":172,"peso":10},{"id":83,"peso":4},{"id":103,"peso":0},{"id":147,"peso":19},{"id":52,"peso":11},{"id":156,"peso":14},{"id":91,"peso":8},{"id":12,"peso":16},{"id":159,"peso":18},{"id":128,"peso":20},{"id":108,"peso":17},{"id":110,"peso":18},{"id":46,"peso":11},{"id":104,"peso":8},{"id":35,"peso":5},{"id":98,"peso":7},{"id":38,"peso":15},{"id":143,"peso":6},{"id":192,"peso":15},{"id":150,"peso":3},{"id":96,"peso":7},{"id":4,"peso":14},{"id":193,"peso":0},{"id":49,"peso":18},{"id":140,"peso":13},{"id":59,"peso":6},{"id":191,"peso":19},{"id":29,"peso":17},{"id":21,"peso":3},{"id":45,"peso":19},{"id":87,"peso":11},{"id":145,"peso":6},{"id":5,"peso":16},{"id":166,"peso":5},{"id":189,"peso":7},{"id":23,"peso":8},{"id":188,"peso":7},{"id":177,"peso":11},{"id":152,"peso":5},{"id":80,"peso":3},{"id":106,"peso":11},{"id":9,"peso":19},{"id":36,"peso":3},{"id":25,"peso":7},{"id":57,"peso":0},{"id":41,"peso":19},{"id":144,"peso":2},{"id":63,"peso":15},{"id":90,"peso":19},{"id":86,"peso":9},{"id":32,"peso":3},{"id":15,"peso":1},{"id":78,"peso":0},{"id":119,"peso":10},{"id":135,"peso":3},{"id":185,"peso":10},{"id":6,"peso":18},{"id":187,"peso":0},{"id":43,"peso":2},{"id":42,"peso":1},{"id":146,"peso":0},{"id":64,"peso":9},{"id":176,"peso":7},{"id":123,"peso":17},{"id":160,"peso":3},{"id":148,"peso":17},{"id":165,"peso":2},{"id":139,"peso":1},{"id":28,"peso":10},{"id":115,"peso":15},{"id":13,"peso":10},{"id":93,"peso":9},{"id":8,"peso":1},{"id":70,"peso":11},{"id":69,"peso":4},{"id":7,"peso":13},{"id":120,"peso":12},{"id":95,"peso":17},{"id":105,"peso":3},{"id":132,"peso":7},{"id":97,"peso":18}]}