{"docente":{"nome":"Henrique","departamento":"FIC","id":111},"atividades":[{"id":160,"peso":17},{"id":2,"peso":0},{"id":92,"peso":12},{"id":173,"peso":5},{"id":29,"peso":17},{"id":100,"peso":19},{"id":79,"peso":7},{"id":133,"peso":19},{"id":180,"peso":0},{"id":56,"peso":18},{"id":32,"peso":15},{"id":184,"peso":19},{"id":26,"peso":4},{"id":157,"peso":17},{"id":144,"peso":0},{"id":104,"peso":17},{"id":81,"peso":19},{"id":46,"peso":16},{"id":65,"peso":13},{"id":130,"peso":15},{"id":159,"peso":13},{"id":27,"peso":15},{"id":195,"peso":15},{"id":134,"peso":18},{"id":12,"peso":2},{"id":37,"peso":0},{"id":18,"peso":19},{"id":85,"peso":20},{"id":161,"peso":4},{"id":142,"peso":20},{"id":196,"peso":14},{"id":47,"peso":0},{"id":67,"peso":0},{"id":120,"peso":8},{"id":169,"peso":2},{"id":177,"peso":0},{"id":59,"peso":3},{"id":58,"peso":6},{"id":102,"peso":1},{"id":151,"peso":14},{"id":179,"peso":1},{"id":90,"peso":0},{"id":170,"peso":0},{"id":61,"peso":18},{"id":197,"peso":11},{"id":183,"peso":20},{"id":99,"peso":12},{"id":143,"peso":20},{"id":88,"peso":17},{"id":84,"peso":5},{"id":38,"peso":20},{"id":181,"peso":17},{"id":52,"peso":18},{"id":110,"peso":4},{"id":41,"peso":3},{"id":95,"peso":14},{"id":63,"peso":16},{"id":86,"peso":11},{"id":141,"peso":2},{"id":36,"peso":9},{"id":166,"peso":12},{"id":158,"peso":10},{"id":139,"peso":13},{"id":198,"peso":12},{"id":16,"peso":10},{"id":51,"peso":7},{"id":24,"peso":2},{"id":122,"peso":11},{"id":165,"peso":13},{"id":171,"peso":15},{"id":117,"peso":19},{"id":185,"peso":7},{"id":136,"peso":14},{"id":155,"peso":16},{"id":10,"peso":18},{"id":44,"peso":12},{"id":13,"peso":18},{"id":153,"peso":18},{"id":69,"peso":18},{"id":132,"peso":14},{"id":3,"peso":10},{"id":107,"peso":5},{"id":147,"peso":17}]}