{"docente":{"nome":"Paulo","departamento":"IF","id":1375},"atividades":[{"id":127,"peso":11},{"id":93,"peso":16},{"id":185,"peso":10},{"id":54,"peso":17},{"id":182,"peso":5},{"id":14,"peso":20},{"id":33,"peso":20},{"id":178,"peso":7},{"id":77,"peso":14},{"id":196,"peso":5},{"id":72,"peso":2},{"id":104,"peso":7},{"id":116,"peso":11},{"id":140,"peso":18},{"id":49,"peso":6},{"id":42,"peso":8},{"id":95,"peso":1},{"id":12,"peso":12},{"id":17,"peso":7},{"id":188,"peso":11},{"id":120,"peso":16},{"id":46,"peso":2},{"id":5,"peso":15},{"id":137,"peso":15},{"id":107,"peso":7},{"id":84,"peso":20},{"id":180,"peso":7},{"id":160,"peso":9},{"id":15,"peso":2},{"id":103,"peso":7},{"id":85,"peso":12},{"id":119,"peso":3},{"id":16,"peso":0},{"id":96,"peso":17},{"id":6,"peso":9},{"id":74,"peso":10},{"id":62,"peso":12},{"id":195,"peso":7},{"id":176,"peso":4},{"id":1,"peso":19},{"id":192,"peso":14},{"id":98,"peso":13},{"id":38,"peso":12},{"id":126,"peso":17},{"id":61,"peso":2},{"id":136,"peso":7},{"id":18,"peso":15},{"id":157,"peso":3},{"id":128,"peso":12},{"id":64,"peso":16},{"id":3,"peso":16},{"id":59,"peso":16},{"id":92,"peso":0},{"id":83,"peso":13},{"id":23,"peso":3},{"id":154,"peso":0},{"id":60,"peso":13},{"id":73,"peso":5},{"id":7,"peso":7},{"id":56,"peso":5},{"id":198,"peso":14},{"id":30,"peso":5},{"id":170,"peso":17},{"id":158,"peso":11},{"id":26,"peso":2},{"id":133,"peso":17},{"id":63,"peso":13},{"id":27,"peso":19},{"id":179,"peso":18},{"id":43,"peso":10},{"id":174,"peso":15},{"id":197,"peso":6},{"id":175,"peso":16},{"id":189,"peso":5},{"id":86,"peso":1},{"id":183,"peso":17},{"id":21,"peso":8},{"id":191,"peso":9},{"id":168,"peso":0},{"id":19,"peso":14}]}