{"docente":{"nome":"Pedro","departamento":"INF","id":130},"atividades":[{"id":196,"peso":16},{"id":115,"peso":20},{"id":16,"peso":15},{"id":39,"peso":3},{"id":14,"peso":7},{"id":62,"peso":11},{"id":172,"peso":6},{"id":129,"peso":20},{"id":97,"peso":18},{"id":47,"peso":20},{"id":11,"peso":14},{"id":130,"peso":14},{"id":131,"peso":6},{"id":164,"peso":0},{"id":79,"peso":9},{"id":106,"peso":1},{"id":163,"peso":3},{"id":94,"peso":10},{"id":171,"peso":5},{"id":100,"peso":2},{"id":138,"peso":17},{"id":33,"peso":16},{"id":76,"peso":3},{"id":28,"peso":5},{"id":18,"peso":16},{"id":71,"peso":6},{"id":190,"peso":10},{"id":112,"peso":19},{"id":168,"peso":14},{"id":184,"peso":15},{"id":175,"peso":6},{"id":103,"peso":10},{"id":95,"peso":6},{"id":101,"peso":8},{"id":137,"peso":11},{"id":77,"peso":11},{"id":162,"peso":2},{"id":180,"peso":15},{"id":88,"peso":20},{"id":107,"peso":11},{"id":68,"peso":16},{"id":110,"peso":9},{"id":173,"peso":6},{"id":135,"peso":3},{"id":49,"peso":0},{"id":157,"peso":0},{"id":64,"peso":4},{"id":17,"peso":4},{"id":10,"peso":2},{"id":58,"peso":3},{"id":24,"peso":5},{"id":105,"peso":6},{"id":70,"peso":9},{"id":165,"peso":3},{"id":8,"peso":6},{"id":159,"peso":2},{"id":63,"peso":17},{"id":65,"peso":9},{"id":41,"peso":18},{"id":126,"peso":2},{"id":166,"peso":11},{"id":127,"peso":6},{"id":195,"peso":17},{"id":189,"peso":3},{"id":108,"peso":2},{"id":136,"peso":10},{"id":59,"peso":4},{"id":87,"peso":20},{"id":169,"peso":9},{"id":151,"peso":12},{"id":57,"peso":19},{"id":80,"peso":2},{"id":133,"peso":17},{"id":40,"peso":2},{"id":140,"peso":4},{"id":147,"peso":11},{"id":92,"peso":9}]}