{"docente":{"nome":"Fernanda","departamento":"ICB","id":1391},"atividades":[{"id":154,"peso":11},{"id":152,"peso":6},{"id":36,"peso":3},{"id":77,"peso":3},{"id":7,"peso":6},{"id":48,"peso":15},{"id":12,"peso":16},{"id":104,"peso":16},{"id":135,"peso":1},{"id":34,"peso":8},{"id":46,"peso":4},{"id":90,"peso":11},{"id":2,"peso":2},{"id":179,"peso":12},{"id":89,"peso":1},{"id":151,"peso":4},{"id":181,"peso":5},{"id":17,"peso":4},{"id":186,"peso":10},{"id":127,"peso":2},{"id":57,"peso":12},{"id":119,"peso":5},{"id":164,"peso":18},{"id":194,"peso":18},{"id":5,"peso":8},{"id":60,"peso":2},{"id":106,"peso":10},{"id":176,"peso":15},{"id":21,"peso":9},{"id":51,"peso":17},{"id":121,"peso":10},{"id":82,"peso":8},{"id":195,"peso":2},{"id":1,"peso":8},{"id":115,"peso":3},{"id":91,"peso":2},{"id":72,"peso":20},{"id":174,"peso":5},{"id":132,"peso":10},{"id":55,"peso":6},{"id":9,"peso":2},{"id":187,"peso":5},{"id":70,"peso":13},{"id":162,"peso":17},{"id":197,"peso":15},{"id":153,"peso":20},{"id":33,"peso":10},{"id":143,"peso":1},{"id":100,"peso":15},{"id":19,"peso":5},{"id":44,"peso":2},{"id":45,"peso":15},{"id":185,"peso":12},{"id":41,"peso":7},{"id":134,"peso":0},{"id":160,"peso":10},{"id":25,"peso":17},{"id":86,"peso":20},{"id":71,"peso":18},{"id":147,"peso":14},{"id":53,"peso":13},{"id":23,"peso":10},{"id":188,"peso":14},{"id":146,"peso":18},{"id":84,"peso":6},{"id":85,"peso":11},{"id":69,"peso":19},{"id":10,"peso":18},{"id":73,"peso":18},{"id":65,"peso":8},{"id":20,"peso":18},{"id":15,"peso":11},{"id":39,"peso":0},{"id":182,"peso":0},{"id":148,"peso":0},{"id":140,"peso":12}]}