{"docente":{"nome":"Adriana","departamento":"INF","id":1346},"atividades":[{"id":166,"peso":2},{"id":116,"peso":4},{"id":12,"peso":10},{"id":42,"peso":2},{"id":109,"peso":15},{"id":21,"peso":8},{"id":111,"peso":17},{"id":90,"peso":7},{"id":136,"peso":15},{"id":168,"peso":18},{"id":145,"peso":1},{"id":41,"peso":8},{"id":4,"peso":13},{"id":78,"peso":2},{"id":175,"peso":11},{"id":194,"peso":6},{"id":107,"peso":13},{"id":6,"peso":10},{"id":92,"peso":12},{"id":187,"peso":19},{"id":147,"peso":4},{"id":167,"peso":19},{"id":77,"peso":5},{"id":9,"peso":17},{"id":179,"peso":13},{"id":58,"peso":19},{"id":146,"peso":0},{"id":2,"peso":15},{"id":128,"peso":14},{"id":113,"peso":10},{"id":115,"peso":1},{"id":79,"peso":9},{"id":161,"peso":0},{"id":123,"peso":9},{"id":64,"peso":14},{"id":192,"peso":12},{"id":154,"peso":3},{"id":66,"peso":10},{"id":185,"peso":14},{"id":60,"peso":13},{"id":99,"peso":7},{"id":87,"peso":9},{"id":81,"peso":4},{"id":8,"peso":20},{"id":156,"peso":16},{"id":119,"peso":1},{"id":14,"peso":13},{"id":75,"peso":15},{"id":151,"peso":12},{"id":182,"peso":18},{"id":124,"peso":14},{"id":86,"peso":2},{"id":142,"peso":12},{"id":127,"peso":13},{"id":54,"peso":18},{"id":98,"peso":2},{"id":19,"peso":18},{"id":141,"peso":12},{"id":117,"peso":3},{"id":30,"peso":8},{"id":38,"peso":16},{"id":59,"peso":2},{"id":52,"peso":10},{"id":40,"peso":19},{"id":31,"peso":17},{"id":103,"peso":20},{"id":158,"peso":20},{"id":91,"peso":18},{"id":83,"peso":1},{"id":55,"peso":11},{"id":27,"peso":10},{"id":178,"peso":12},{"id":26,"peso":18},{"id":89,"peso":18},{"id":150,"peso":5},{"id":10,"peso":12},{"id":174,"peso":15},{"id":46,"peso":19},{"id":120,"peso":14}]}