{"docente":{"nome":"Maria","departamento":"FIC","id":1088},"atividades":[{"id":95,"peso":9},{"id":162,"peso":6},{"id":48,"peso":17},{"id":70,"peso":12},{"id":196,"peso":11},{"id":13,"peso":2},{"id":173,"peso":18},{"id":15,"peso":0},{"id":37,"peso":13},{"id":180,"peso":5},{"id":46,"peso":17},{"id":66,"peso":12},{"id":198,"peso":1},{"id":2,"peso":4},{"id":135,"peso":8},{"id":106,"peso":5},{"id":44,"peso":19},{"id":81,"peso":13},{"id":143,"peso":8},{"id":145,"peso":20},{"id":29,"peso":16},{"id":116,"peso":11},{"id":53,"peso":8},{"id":105,"peso":14},{"id":40,"peso":16},{"id":30,"peso":4},{"id":182,"peso":15},{"id":101,"peso":14},{"id":129,"peso":5},{"id":124,"peso":17},{"id":59,"peso":15},{"id":172,"peso":1},{"id":163,"peso":9},{"id":56,"peso":1},{"id":11,"peso":14},{"id":178,"peso":17},{"id":62,"peso":17},{"id":83,"peso":8},{"id":168,"peso":17},{"id":7,"peso":12},{"id":55,"peso":5},{"id":50,"peso":6},{"id":96,"peso":1},{"id":167,"peso":0},{"id":108,"peso":3},{"id":195,"peso":15},{"id":164,"peso":15},{"id":16,"peso":16},{"id":75,"peso":15},{"id":118,"peso":14},{"id":65,"peso":16},{"id":25,"peso":14},{"id":160,"peso":19},{"id":148,"peso":6},{"id":179,"peso":10},{"id":60,"peso":5},{"id":165,"peso":6},{"id":14,"peso":8},{"id":92,"peso":1},{"id":113,"peso":15},{"id":109,"peso":4},{"id":31,"peso":1},{"id":54,"peso":2},{"id":144,"peso":12},{"id":102,"peso":0},{"id":176,"peso":19},{"id":21,"peso":12},{"id":127,"peso":2},{"id":194,"peso":14},{"id":57,"peso":3},{"id":74,"peso":2},{"id":115,"peso":3},{"id":71,"peso":15},{"id":186,"peso":19},{"id":4,"peso":18},{"id":151,"peso":4},{"id":133,"peso":16},{"id":119,"peso":7},{"id":125,"peso":3},{"id":73,"peso":4},{"id":86,"peso":5},{"id":139,"peso":1}]}