{"docente":{"nome":"Auri","departamento":"IF","id":11},"atividades":[{"id":185,"peso":2},{"id":139,"peso":0},{"id":70,"peso":2},{"id":79,"peso":16},{"id":102,"peso":7},{"id":164,"peso":7},{"id":178,"peso":8},{"id":58,"peso":8},{"id":1,"peso":11},{"id":161,"peso":0},{"id":109,"peso":0},{"id":64,"peso":17},{"id":97,"peso":3},{"id":122,"peso":20},{"id":96,"peso":7},{"id":75,"peso":12},{"id":17,"peso":19},{"id":116,"peso":4},{"id":54,"peso":11},{"id":93,"peso":6},{"id":23,"peso":9},{"id":181,"peso":8},{"id":151,"peso":13},{"id":125,"peso":14},{"id":42,"peso":3},{"id":127,"peso":13},{"id":95,"peso":20},{"id":147,"peso":7},{"id":13,"peso":8},{"id":142,"peso":6},{"id":9,"peso":11},{"id":74,"peso":16},{"id":188,"peso":14},{"id":186,"peso":3},{"id":137,"peso":13},{"id":26,"peso":14},{"id":159,"peso":16},{"id":171,"peso":11},{"id":105,"peso":11},{"id":189,"peso":17},{"id":60,"peso":13},{"id":87,"peso":16},{"id":48,"peso":20},{"id":173,"peso":10},{"id":112,"peso":4},{"id":163,"peso":9},{"id":78,"peso":11},{"id":104,"peso":13},{"id":134,"peso":10},{"id":183,"peso":4},{"id":22,"peso":6},{"id":174,"peso":2},{"id":115,"peso":8},{"id":177,"peso":20},{"id":124,"peso":9},{"id":175,"peso":14},{"id":192,"peso":0},{"id":29,"peso":2},{"id":141,"peso":8},{"id":16,"peso":11},{"id":155,"peso":8},{"id":36,"peso":13},{"id":150,"peso":12},{"id":19,"peso":15},{"id":69,"peso":8},{"id":140,"peso":15},{"id":158,"peso":7},{"id":59,"peso":17},{"id":30,"peso":6},{"id":123,"peso":4},{"id":167,"peso":13},{"id":8,"peso":19},{"id":94,"peso":8},{"id":85,"peso":6},{"id":2,"peso":15},{"id":194,"peso":13},{"id":83,"peso":14},{"id":119,"peso":5},{"id":57,"peso":4},{"id":10,"peso":14},{"id":145,"peso":7},{"id":168,"peso":9}]}