{"docente":{"nome":"Karla","departamento":"ICB","id":1016},"atividades":[{"id":95,"peso":15},{"id":50,"peso":12},{"id":66,"peso":0},{"id":4,"peso":9},{"id":103,"peso":18},{"id":100,"peso":10},{"id":158,"peso":14},{"id":166,"peso":11},{"id":106,"peso":3},{"id":168,"peso":10},{"id":124,"peso":6},{"id":56,"peso":13},{"id":7,"peso":7},{"id":94,"peso":20},{"id":97,"peso":6},{"id":167,"peso":7},{"id":46,"peso":6},{"id":19,"peso":0},{"id":48,"peso":11},{"id":154,"peso":17},{"id":73,"peso":19},{"id":121,"peso":15},{"id":120,"peso":20},{"id":145,"peso":16},{"id":60,"peso":17},{"id":127,"peso":13},{"id":93,"peso":0},{"id":131,"peso":2},{"id":129,"peso":1},{"id":156,"peso":18},{"id":76,"peso":20},{"id":181,"peso":5},{"id":86,"peso":16},{"id":110,"peso":0},{"id":49,"peso":7},{"id":137,"peso":18},{"id":64,"peso":2},{"id":193,"peso":3},{"id":52,"peso":9},{"id":28,"peso":12},{"id":157,"peso":0},{"id":119,"peso":8},{"id":115,"peso":5},{"id":187,"peso":17},{"id":84,"peso":1},{"id":144,"peso":17},{"id":192,"peso":12},{"id":92,"peso":5},{"id":16,"peso":5},{"id":170,"peso":8},{"id":2,"peso":7},{"id":5,"peso":20},{"id":185,"peso":19},{"id":3,"peso":9},{"id":41,"peso":12},{"id":151,"peso":2},{"id":149,"peso":15},{"id":38,"peso":1},{"id":128,"peso":11},{"id":197,"peso":5},{"id":37,"peso":13},{"id":78,"peso":8},{"id":14,"peso":12},{"id":75,"peso":9},{"id":138,"peso":12},{"id":98,"peso":6},{"id":40,"peso":13},{"id":147,"peso":11},{"id":114,"peso":5},{"id":29,"peso":17},{"id":139,"peso":2},{"id":130,"peso":6},{"id":35,"peso":9},{"id":47,"peso":3},{"id":45,"peso":1},{"id":79,"peso":1},{"id":195,"peso":1},{"id":148,"peso":20},{"id":74,"peso":15},{"id":140,"peso":20}]}