{"docente":{"nome":"Guilherme","departamento":"FIC","id":1194},"atividades":[{"id":123,"peso":2},{"id":54,"peso":5},{"id":7,"peso":10},{"id":158,"peso":1},{"id":19,"peso":10},{"id":187,"peso":7},{"id":64,"peso":9},{"id":30,"peso":15},{"id":77,"peso":10},{"id":197,"peso":11},{"id":177,"peso":12},{"id":76,"peso":5},{"id":180,"peso":20},{"id":9,"peso":0},{"id":147,"peso":8},{"id":104,"peso":6},{"id":12,"peso":1},{"id":143,"peso":3},{"id":134,"peso":2},{"id":100,"peso":7},{"id":98,"peso":9},{"id":21,"peso":6},{"id":67,"peso":3},{"id":131,"peso":5},{"id":4,"peso":9},{"id":121,"peso":20},{"id":191,"peso":12},{"id":198,"peso":12},{"id":56,"peso":8},{"id":41,"peso":4},{"id":181,"peso":3},{"id":120,"peso":0},{"id":117,"peso":2},{"id":50,"peso":6},{"id":81,"peso":0},{"id":186,"peso":7},{"id":22,"peso":0},{"id":193,"peso":13},{"id":105,"peso":5},{"id":8,"peso":8},{"id":108,"peso":14},{"id":119,"peso":19},{"id":111,"peso":9},{"id":139,"peso":11},{"id":156,"peso":4},{"id":151,"peso":3},{"id":148,"peso":8},{"id":188,"peso":3},{"id":175,"peso":20},{"id":40,"peso":14},{"id":174,"peso":15},{"id":69,"peso":19},{"id":44,"peso":1},{"id":75,"peso":5},{"id":91,"peso":6},{"id":135,"peso":6},{"id":146,"peso":18},{"id":83,"peso":17},{"id":15,"peso":4},{"id":11,"peso":4},{"id":55,"peso":1},{"id":78,"peso":8},{"id":42,"peso":0},{"id":184,"peso":2},{"id":153,"peso":12},{"id":192,"peso":0},{"id":93,"peso":9},{"id":118,"peso":10},{"id":65,"peso":10},{"id":49,"peso":9},{"id":79,"peso":2},{"id":145,"peso":15},{"id":46,"peso":14},{"id":31,"peso":11},{"id":101,"peso":18},{"id":126,"peso":15},{"id":113,"peso":18},{"id":103,"peso":6}]}