{"docente":{"nome":"Berenice","departamento":"FEF","id":1357},"atividades":[{"id":126,"peso":15},{"id":85,"peso":16},{"id":22,"peso":3},{"id":141,"peso":12},{"id":2,"peso":1},{"id":136,"peso":16},{"id":181,"peso":6},{"id":188,"peso":20},{"id":144,"peso":11},{"id":170,"peso":12},{"id":171,"peso":20},{"id":91,"peso":7},{"id":81,"peso":10},{"id":154,"peso":10},{"id":198,"peso":2},{"id":57,"peso":16},{"id":110,"peso":2},{"id":106,"peso":7},{"id":83,"peso":0},{"id":115,"peso":4},{"id":26,"peso":16},{"id":39,"peso":18},{"id":93,"peso":18},{"id":146,"peso":11},{"id":156,"peso":11},{"id":16,"peso":12},{"id":183,"peso":19},{"id":61,"peso":2},{"id":60,"peso":16},{"id":186,"peso":3},{"id":118,"peso":13},{"id":107,"peso":8},{"id":68,"peso":10},{"id":178,"peso":8},{"id":70,"peso":20},{"id":160,"peso":15},{"id":112,"peso":14},{"id":30,"peso":11},{"id":55,"peso":8},{"id":98,"peso":9},{"id":34,"peso":4},{"id":15,"peso":19},{"id":185,"peso":18},{"id":173,"peso":13},{"id":99,"peso":7},{"id":82,"peso":4},{"id":148,"peso":13},{"id":159,"peso":12},{"id":65,"peso":4},{"id":19,"peso":5},{"id":168,"peso":14},{"id":54,"peso":8},{"id":37,"peso":5},{"id":162,"peso":15},{"id":6,"peso":15},{"id":155,"peso":0},{"id":5,"peso":7},{"id":151,"peso":20},{"id":32,"peso":3},{"id":119,"peso":11},{"id":165,"peso":8},{"id":137,"peso":11},{"id":27,"peso":16},{"id":177,"peso":12},{"id":128,"peso":7},{"id":92,"peso":1},{"id":13,"peso":17},{"id":114,"peso":15},{"id":84,"peso":13},{"id":105,"peso":20},{"id":42,"peso":18},{"id":166,"peso":6},{"id":21,"peso":4},{"id":139,"peso":13},{"id":109,"peso":11},{"id":23,"peso":7},{"id":147,"peso":4},{"id":142,"peso":0},{"id":49,"peso":16},{"id":130,"peso":13},{"id":120,"peso":3},{"id":195,"peso":14},{"id":75,"peso":18},{"id":187,"peso":19}]}