{"docente":{"nome":"Berenice","departamento":"IQ","id":1342},"atividades":[{"id":177,"peso":0},{"id":70,"peso":7},{"id":146,"peso":8},{"id":187,"peso":12},{"id":9,"peso":6},{"id":10,"peso":3},{"id":176,"peso":6},{"id":116,"peso":6},{"id":147,"peso":13},{"id":178,"peso":14},{"id":97,"peso":15},{"id":67,"peso":18},{"id":122,"peso":11},{"id":139,"peso":11},{"id":182,"peso":17},{"id":22,"peso":10},{"id":132,"peso":18},{"id":124,"peso":10},{"id":61,"peso":4},{"id":76,"peso":4},{"id":69,"peso":19},{"id":11,"peso":14},{"id":138,"peso":12},{"id":153,"peso":15},{"id":90,"peso":5},{"id":3,"peso":6},{"id":91,"peso":13},{"id":27,"peso":13},{"id":126,"peso":19},{"id":57,"peso":19},{"id":14,"peso":5},{"id":150,"peso":13},{"id":115,"peso":16},{"id":110,"peso":18},{"id":64,"peso":11},{"id":123,"peso":16},{"id":190,"peso":8},{"id":33,"peso":4},{"id":63,"peso":17},{"id":77,"peso":2},{"id":158,"peso":17},{"id":18,"peso":18},{"id":89,"peso":2},{"id":134,"peso":11},{"id":162,"peso":3},{"id":56,"peso":17},{"id":105,"peso":1},{"id":145,"peso":3},{"id":156,"peso":0},{"id":85,"peso":17},{"id":79,"peso":9},{"id":6,"peso":11},{"id":30,"peso":3},{"id":52,"peso":19},{"id":46,"peso":3},{"id":44,"peso":3},{"id":93,"peso":10},{"id":42,"peso":20},{"id":49,"peso":5},{"id":102,"peso":13},{"id":183,"peso":3},{"id":131,"peso":12},{"id":166,"peso":7},{"id":173,"peso":9},{"id":160,"peso":10},{"id":2,"peso":15},{"id":154,"peso":20},{"id":184,"peso":0},{"id":81,"peso":14},{"id":58,"peso":6},{"id":47,"peso":13},{"id":128,"peso":17},{"id":95,"peso":0},{"id":104,"peso":10},{"id":169,"peso":12},{"id":83,"peso":12},{"id":195,"peso":7}]}