{"docente":{"nome":"Henrique","departamento":"ICB","id":1091},"atividades":[{"id":144,"peso":2},{"id":101,"peso":4},{"id":51,"peso":19},{"id":114,"peso":13},{"id":32,"peso":18},{"id":75,"peso":8},{"id":126,"peso":20},{"id":25,"peso":10},{"id":21,"peso":17},{"id":7,"peso":11},{"id":141,"peso":13},{"id":12,"peso":20},{"id":88,"peso":1},{"id":45,"peso":5},{"id":34,"peso":0},{"id":151,"peso":13},{"id":3,"peso":14},{"id":134,"peso":8},{"id":48,"peso":16},{"id":102,"peso":19},{"id":164,"peso":13},{"id":128,"peso":6},{"id":98,"peso":10},{"id":18,"peso":16},{"id":135,"peso":8},{"id":99,"peso":5},{"id":178,"peso":8},{"id":152,"peso":17},{"id":61,"peso":11},{"id":127,"peso":14},{"id":149,"peso":3},{"id":95,"peso":20},{"id":9,"peso":0},{"id":41,"peso":5},{"id":189,"peso":13},{"id":107,"peso":1},{"id":165,"peso":5},{"id":193,"peso":0},{"id":179,"peso":9},{"id":63,"peso":5},{"id":20,"peso":5},{"id":19,"peso":9},{"id":176,"peso":2},{"id":196,"peso":10},{"id":86,"peso":18},{"id":38,"peso":7},{"id":49,"peso":11},{"id":197,"peso":0},{"id":163,"peso":4},{"id":62,"peso":6},{"id":105,"peso":0},{"id":110,"peso":20},{"id":190,"peso":18},{"id":175,"peso":20},{"id":169,"peso":13},{"id":116,"peso":20},{"id":137,"peso":3},{"id":168,"peso":14},{"id":56,"peso":2},{"id":93,"peso":1},{"id":13,"peso":19},{"id":82,"peso":16},{"id":17,"peso":11},{"id":78,"peso":17},{"id":1,"peso":9},{"id":106,"peso":1},{"id":10,"peso":13},{"id":50,"peso":1},{"id":184,"peso":11},{"id":142,"peso":1},{"id":11,"peso":18},{"id":22,"peso":12},{"id":172,"peso":10},{"id":182,"peso":9},{"id":73,"peso":11},{"id":118,"peso":5},{"id":150,"peso":12},{"id":194,"peso":20}]}