{"docente":{"nome":"Paulo","departamento":"IF","id":1407},"atividades":[{"id":193,"peso":0},{"id":134,"peso":8},{"id":7,"peso":8},{"id":125,"peso":4},{"id":1,"peso":19},{"id":65,"peso":7},{"id":68,"peso":6},{"id":173,"peso":15},{"id":35,"peso":5},{"id":75,"peso":14},{"id":20,"peso":9},{"id":177,"peso":0},{"id":140,"peso":3},{"id":128,"peso":19},{"id":105,"peso":14},{"id":170,"peso":2},{"id":58,"peso":14},{"id":13,"peso":5},{"id":197,"peso":9},{"id":171,"peso":1},{"id":91,"peso":18},{"id":155,"peso":11},{"id":194,"peso":3},{"id":80,"peso":4},{"id":133,"peso":13},{"id":81,"peso":5},{"id":143,"peso":2},{"id":118,"peso":6},{"id":95,"peso":5},{"id":26,"peso":6},{"id":109,"peso":18},{"id":32,"peso":3},{"id":149,"peso":12},{"id":14,"peso":16},{"id":159,"peso":17},{"id":132,"peso":4},{"id":145,"peso":17},{"id":117,"peso":3},{"id":182,"peso":18},{"id":48,"peso":9},{"id":131,"peso":10},{"id":4,"peso":7},{"id":153,"peso":20},{"id":191,"peso":8},{"id":178,"peso":5},{"id":97,"peso":6},{"id":87,"peso":13},{"id":137,"peso":1},{"id":56,"peso":15},{"id":27,"peso":8},{"id":90,"peso":10},{"id":10,"peso":11},{"id":61,"peso":6},{"id":188,"peso":20},{"id":98,"peso":20},{"id":162,"peso":0},{"id":74,"peso":18},{"id":120,"peso":16},{"id":39,"peso":12},{"id":47,"peso":12},{"id":106,"peso":8},{"id":85,"peso":18},{"id":72,"peso":0},{"id":51,"peso":20},{"id":38,"peso":0},{"id":151,"peso":9},{"id":136,"peso":14},{"id":24,"peso":4},{"id":180,"peso":12},{"id":34,"peso":15},{"id":179,"peso":1},{"id":59,"peso":4},{"id":147,"peso":19},{"id":108,"peso":4},{"id":104,"peso":19},{"id":89,"peso":17},{"id":29,"peso":3},{"id":111,"peso":13},{"id":84,"peso":13},{"id":12,"peso":3},{"id":41,"peso":16},{"id":148,"peso":2}]}