{"docente":{"nome":"Laerte","departamento":"IF","id":1239},"atividades":[{"id":97,"peso":9},{"id":34,"peso":1},{"id":194,"peso":15},{"id":111,"peso":18},{"id":39,"peso":12},{"id":144,"peso":13},{"id":185,"peso":2},{"id":192,"peso":8},{"id":21,"peso":16},{"id":197,"peso":19},{"id":117,"peso":1},{"id":9,"peso":1},{"id":86,"peso":11},{"id":67,"peso":2},{"id":72,"peso":7},{"id":11,"peso":6},{"id":50,"peso":18},{"id":27,"peso":15},{"id":135,"peso":4},{"id":10,"peso":18},{"id":189,"peso":16},{"id":122,"peso":9},{"id":95,"peso":19},{"id":2,"peso":17},{"id":186,"peso":11},{"id":43,"peso":14},{"id":158,"peso":5},{"id":35,"peso":19},{"id":176,"peso":5},{"id":128,"peso":11},{"id":198,"peso":0},{"id":170,"peso":16},{"id":110,"peso":15},{"id":17,"peso":2},{"id":24,"peso":8},{"id":195,"peso":3},{"id":124,"peso":15},{"id":29,"peso":20},{"id":152,"peso":18},{"id":142,"peso":4},{"id":156,"peso":8},{"id":133,"peso":3},{"id":53,"peso":16},{"id":13,"peso":14},{"id":165,"peso":14},{"id":138,"peso":7},{"id":47,"peso":0},{"id":109,"peso":20},{"id":98,"peso":0},{"id":190,"peso":4},{"id":178,"peso":19},{"id":28,"peso":13},{"id":59,"peso":12},{"id":127,"peso":9},{"id":112,"peso":12},{"id":157,"peso":8},{"id":75,"peso":17},{"id":118,"peso":0},{"id":80,"peso":16},{"id":4,"peso":0},{"id":93,"peso":15},{"id":66,"peso":13},{"id":145,"peso":16},{"id":83,"peso":19},{"id":163,"peso":5},{"id":167,"peso":7},{"id":84,"peso":0},{"id":120,"peso":20},{"id":70,"peso":3},{"id":33,"peso":6},{"id":164,"peso":7},{"id":22,"peso":7},{"id":63,"peso":18},{"id":147,"peso":6},{"id":183,"peso":7},{"id":172,"peso":0},{"id":51,"peso":0},{"id":74,"peso":19},{"id":79,"peso":3}]}