{"docente":{"nome":"Laerte","departamento":"FEF","id":1151},"atividades":[{"id":137,"peso":13},{"id":183,"peso":9},{"id":32,"peso":15},{"id":197,"peso":13},{"id":126,"peso":8},{"id":144,"peso":11},{"id":123,"peso":5},{"id":76,"peso":5},{"id":109,"peso":9},{"id":127,"peso":14},{"id":173,"peso":20},{"id":191,"peso":15},{"id":174,"peso":11},{"id":63,"peso":8},{"id":132,"peso":15},{"id":136,"peso":20},{"id":97,"peso":16},{"id":75,"peso":0},{"id":139,"peso":19},{"id":54,"peso":8},{"id":135,"peso":5},{"id":89,"peso":6},{"id":171,"peso":12},{"id":20,"peso":14},{"id":13,"peso":8},{"id":42,"peso":4},{"id":128,"peso":15},{"id":138,"peso":15},{"id":9,"peso":16},{"id":91,"peso":15},{"id":175,"peso":20},{"id":8,"peso":14},{"id":188,"peso":14},{"id":37,"peso":8},{"id":156,"peso":0},{"id":14,"peso":4},{"id":131,"peso":6},{"id":80,"peso":14},{"id":53,"peso":6},{"id":3,"peso":3},{"id":155,"peso":16},{"id":161,"peso":8},{"id":6,"peso":7},{"id":34,"peso":10},{"id":159,"peso":17},{"id":87,"peso":11},{"id":195,"peso":20},{"id":148,"peso":6},{"id":117,"peso":9},{"id":102,"peso":13},{"id":164,"peso":17},{"id":58,"peso":14},{"id":142,"peso":4},{"id":158,"peso":8},{"id":95,"peso":13},{"id":186,"peso":11},{"id":167,"peso":4},{"id":194,"peso":3},{"id":39,"peso":20},{"id":50,"peso":15},{"id":163,"peso":15},{"id":78,"peso":7},{"id":83,"peso":16},{"id":51,"peso":6},{"id":192,"peso":18},{"id":98,"peso":20},{"id":64,"peso":5},{"id":112,"peso":17},{"id":16,"peso":0},{"id":35,"peso":20},{"id":165,"peso":5},{"id":73,"peso":1},{"id":157,"peso":18},{"id":96,"peso":0},{"id":23,"peso":11},{"id":36,"peso":17},{"id":124,"peso":6},{"id":198,"peso":19},{"id":151,"peso":19},{"id":46,"peso":14},{"id":141,"peso":12},{"id":106,"peso":10}]}