{"docente":{"nome":"Luiz","departamento":"IF","id":1314},"atividades":[{"id":9,"peso":14},{"id":191,"peso":10},{"id":26,"peso":2},{"id":152,"peso":3},{"id":189,"peso":1},{"id":117,"peso":6},{"id":149,"peso":15},{"id":4,"peso":20},{"id":64,"peso":6},{"id":17,"peso":7},{"id":160,"peso":10},{"id":165,"peso":8},{"id":29,"peso":5},{"id":125,"peso":4},{"id":36,"peso":17},{"id":174,"peso":4},{"id":115,"peso":13},{"id":46,"peso":14},{"id":2,"peso":12},{"id":53,"peso":19},{"id":43,"peso":0},{"id":153,"peso":6},{"id":98,"peso":13},{"id":177,"peso":13},{"id":113,"peso":12},{"id":95,"peso":15},{"id":129,"peso":8},{"id":190,"peso":16},{"id":144,"peso":18},{"id":119,"peso":5},{"id":148,"peso":19},{"id":138,"peso":17},{"id":176,"peso":15},{"id":25,"peso":0},{"id":59,"peso":20},{"id":111,"peso":12},{"id":147,"peso":0},{"id":63,"peso":4},{"id":79,"peso":16},{"id":31,"peso":20},{"id":62,"peso":10},{"id":71,"peso":20},{"id":3,"peso":16},{"id":139,"peso":8},{"id":180,"peso":6},{"id":73,"peso":9},{"id":94,"peso":5},{"id":56,"peso":10},{"id":40,"peso":19},{"id":102,"peso":12},{"id":67,"peso":5},{"id":41,"peso":7},{"id":172,"peso":0},{"id":168,"peso":19},{"id":30,"peso":3},{"id":146,"peso":9},{"id":45,"peso":11},{"id":163,"peso":3},{"id":133,"peso":5},{"id":145,"peso":16},{"id":61,"peso":5},{"id":80,"peso":9},{"id":78,"peso":14},{"id":7,"peso":8},{"id":166,"peso":12},{"id":193,"peso":6},{"id":140,"peso":10},{"id":107,"peso":13},{"id":14,"peso":9},{"id":197,"peso":2},{"id":87,"peso":11},{"id":155,"peso":15},{"id":76,"peso":14},{"id":137,"peso":3},{"id":154,"peso":6},{"id":128,"peso":2},{"id":161,"peso":18},{"id":173,"peso":11}]}