{"docente":{"nome":"Renato","departamento":"IQ","id":1210},"atividades":[{"id":12,"peso":16},{"id":187,"peso":2},{"id":195,"peso":19},{"id":126,"peso":0},{"id":132,"peso":20},{"id":54,"peso":10},{"id":29,"peso":4},{"id":108,"peso":1},{"id":171,"peso":11},{"id":41,"peso":10},{"id":87,"peso":3},{"id":57,"peso":7},{"id":120,"peso":15},{"id":101,"peso":0},{"id":33,"peso":6},{"id":122,"peso":19},{"id":176,"peso":19},{"id":40,"peso":0},{"id":143,"peso":17},{"id":30,"peso":14},{"id":147,"peso":6},{"id":99,"peso":18},{"id":73,"peso":9},{"id":153,"peso":16},{"id":61,"peso":6},{"id":174,"peso":20},{"id":189,"peso":14},{"id":48,"peso":6},{"id":125,"peso":14},{"id":56,"peso":9},{"id":155,"peso":0},{"id":31,"peso":2},{"id":106,"peso":4},{"id":88,"peso":20},{"id":4,"peso":2},{"id":97,"peso":6},{"id":162,"peso":5},{"id":100,"peso":4},{"id":159,"peso":13},{"id":157,"peso":11},{"id":24,"peso":9},{"id":32,"peso":8},{"id":15,"peso":3},{"id":135,"peso":4},{"id":172,"peso":6},{"id":169,"peso":2},{"id":25,"peso":5},{"id":70,"peso":6},{"id":150,"peso":0},{"id":148,"peso":4},{"id":9,"peso":0},{"id":64,"peso":17},{"id":177,"peso":10},{"id":27,"peso":19},{"id":124,"peso":7},{"id":154,"peso":9},{"id":131,"peso":17},{"id":80,"peso":7},{"id":173,"peso":2},{"id":72,"peso":10},{"id":65,"peso":4},{"id":52,"peso":3},{"id":59,"peso":0},{"id":197,"peso":3},{"id":163,"peso":3},{"id":77,"peso":10},{"id":145,"peso":16},{"id":42,"peso":3},{"id":69,"peso":5},{"id":105,"peso":8},{"id":38,"peso":4},{"id":141,"peso":5},{"id":186,"peso":12},{"id":81,"peso":19}]}