{"docente":{"nome":"Ingrid","departamento":"ICB","id":1029},"atividades":[{"id":132,"peso":2},{"id":135,"peso":14},{"id":136,"peso":10},{"id":21,"peso":9},{"id":100,"peso":8},{"id":105,"peso":10},{"id":96,"peso":0},{"id":165,"peso":5},{"id":66,"peso":8},{"id":120,"peso":13},{"id":48,"peso":6},{"id":53,"peso":10},{"id":125,"peso":14},{"id":151,"peso":7},{"id":188,"peso":1},{"id":180,"peso":11},{"id":91,"peso":16},{"id":32,"peso":1},{"id":25,"peso":11},{"id":119,"peso":15},{"id":104,"peso":16},{"id":28,"peso":20},{"id":4,"peso":6},{"id":143,"peso":9},{"id":65,"peso":5},{"id":76,"peso":12},{"id":46,"peso":17},{"id":182,"peso":8},{"id":85,"peso":9},{"id":184,"peso":11},{"id":56,"peso":16},{"id":12,"peso":13},{"id":154,"peso":16},{"id":129,"peso":0},{"id":47,"peso":4},{"id":41,"peso":11},{"id":148,"peso":16},{"id":49,"peso":3},{"id":111,"peso":8},{"id":95,"peso":2},{"id":174,"peso":16},{"id":60,"peso":6},{"id":107,"peso":17},{"id":197,"peso":6},{"id":59,"peso":14},{"id":33,"peso":3},{"id":159,"peso":16},{"id":150,"peso":4},{"id":163,"peso":3},{"id":194,"peso":4},{"id":9,"peso":14},{"id":30,"peso":9},{"id":31,"peso":12},{"id":177,"peso":2},{"id":51,"peso":10},{"id":6,"peso":9},{"id":88,"peso":4},{"id":162,"peso":20},{"id":99,"peso":2},{"id":29,"peso":10},{"id":178,"peso":17},{"id":80,"peso":15},{"id":166,"peso":11},{"id":62,"peso":20},{"id":18,"peso":20},{"id":139,"peso":0},{"id":168,"peso":3},{"id":112,"peso":9},{"id":42,"peso":17},{"id":15,"peso":9},{"id":14,"peso":2},{"id":183,"peso":7},{"id":144,"peso":0},{"id":2,"peso":7},{"id":102,"peso":2},{"id":169,"peso":4},{"id":142,"peso":1}]}