{"docente":{"nome":"Berenice","departamento":"IF","id":1049},"atividades":[{"id":101,"peso":18},{"id":171,"peso":6},{"id":182,"peso":6},{"id":54,"peso":4},{"id":132,"peso":17},{"id":62,"peso":9},{"id":53,"peso":6},{"id":73,"peso":14},{"id":72,"peso":17},{"id":9,"peso":9},{"id":3,"peso":16},{"id":144,"peso":3},{"id":11,"peso":3},{"id":174,"peso":16},{"id":88,"peso":8},{"id":91,"peso":6},{"id":148,"peso":0},{"id":138,"peso":0},{"id":117,"peso":3},{"id":151,"peso":6},{"id":106,"peso":10},{"id":190,"peso":1},{"id":38,"peso":0},{"id":78,"peso":10},{"id":49,"peso":0},{"id":134,"peso":15},{"id":20,"peso":0},{"id":159,"peso":10},{"id":35,"peso":17},{"id":94,"peso":19},{"id":137,"peso":8},{"id":23,"peso":1},{"id":104,"peso":2},{"id":184,"peso":12},{"id":191,"peso":7},{"id":41,"peso":19},{"id":25,"peso":2},{"id":52,"peso":9},{"id":15,"peso":4},{"id":98,"peso":5},{"id":110,"peso":18},{"id":181,"peso":20},{"id":19,"peso":1},{"id":107,"peso":15},{"id":109,"peso":1},{"id":43,"peso":20},{"id":83,"peso":14},{"id":161,"peso":20},{"id":74,"peso":9},{"id":192,"peso":16},{"id":27,"peso":3},{"id":166,"peso":10},{"id":5,"peso":5},{"id":4,"peso":15},{"id":57,"peso":1},{"id":118,"peso":14},{"id":29,"peso":8},{"id":99,"peso":13},{"id":70,"peso":7},{"id":180,"peso":15},{"id":47,"peso":17},{"id":66,"peso":7},{"id":140,"peso":14},{"id":81,"peso":15},{"id":12,"peso":15},{"id":63,"peso":11},{"id":141,"peso":16},{"id":160,"peso":3},{"id":16,"peso":15},{"id":90,"peso":8},{"id":95,"peso":1},{"id":154,"peso":7},{"id":136,"peso":11},{"id":77,"peso":7},{"id":65,"peso":0},{"id":158,"peso":0},{"id":167,"peso":6}]}