{"docente":{"nome":"Ingrid","departamento":"IQ","id":1028},"atividades":[{"id":179,"peso":9},{"id":62,"peso":4},{"id":46,"peso":16},{"id":41,"peso":13},{"id":102,"peso":13},{"id":30,"peso":2},{"id":144,"peso":13},{"id":195,"peso":7},{"id":99,"peso":11},{"id":174,"peso":19},{"id":175,"peso":1},{"id":95,"peso":13},{"id":127,"peso":9},{"id":83,"peso":6},{"id":36,"peso":1},{"id":118,"peso":7},{"id":119,"peso":15},{"id":15,"peso":9},{"id":183,"peso":12},{"id":153,"peso":20},{"id":145,"peso":13},{"id":47,"peso":9},{"id":68,"peso":3},{"id":173,"peso":5},{"id":115,"peso":0},{"id":45,"peso":16},{"id":128,"peso":17},{"id":80,"peso":5},{"id":182,"peso":2},{"id":172,"peso":14},{"id":108,"peso":9},{"id":156,"peso":16},{"id":160,"peso":20},{"id":167,"peso":18},{"id":44,"peso":17},{"id":54,"peso":17},{"id":35,"peso":12},{"id":51,"peso":20},{"id":159,"peso":20},{"id":64,"peso":20},{"id":23,"peso":10},{"id":147,"peso":15},{"id":141,"peso":11},{"id":89,"peso":17},{"id":178,"peso":2},{"id":63,"peso":18},{"id":56,"peso":6},{"id":21,"peso":6},{"id":48,"peso":7},{"id":11,"peso":17},{"id":85,"peso":18},{"id":34,"peso":0},{"id":137,"peso":0},{"id":196,"peso":9},{"id":72,"peso":3},{"id":28,"peso":15},{"id":106,"peso":14},{"id":49,"peso":3},{"id":82,"peso":11},{"id":77,"peso":19},{"id":53,"peso":3},{"id":168,"peso":17},{"id":33,"peso":7},{"id":143,"peso":17},{"id":61,"peso":9},{"id":98,"peso":3},{"id":40,"peso":2},{"id":84,"peso":1},{"id":69,"peso":12},{"id":166,"peso":20},{"id":104,"peso":10},{"id":9,"peso":6},{"id":112,"peso":7},{"id":94,"peso":19},{"id":163,"peso":8},{"id":73,"peso":5},{"id":97,"peso":18},{"id":59,"peso":0}]}