{"docente":{"nome":"Luiz","departamento":"INF","id":1208},"atividades":[{"id":52,"peso":0},{"id":121,"peso":5},{"id":154,"peso":20},{"id":51,"peso":1},{"id":6,"peso":8},{"id":55,"peso":9},{"id":194,"peso":12},{"id":14,"peso":0},{"id":22,"peso":10},{"id":84,"peso":19},{"id":31,"peso":1},{"id":79,"peso":14},{"id":101,"peso":10},{"id":171,"peso":16},{"id":141,"peso":17},{"id":138,"peso":11},{"id":100,"peso":11},{"id":166,"peso":15},{"id":48,"peso":19},{"id":114,"peso":9},{"id":173,"peso":6},{"id":24,"peso":6},{"id":59,"peso":3},{"id":27,"peso":7},{"id":150,"peso":2},{"id":85,"peso":16},{"id":117,"peso":10},{"id":45,"peso":13},{"id":188,"peso":20},{"id":3,"peso":13},{"id":89,"peso":7},{"id":62,"peso":20},{"id":183,"peso":6},{"id":122,"peso":20},{"id":190,"peso":12},{"id":40,"peso":20},{"id":58,"peso":2},{"id":105,"peso":5},{"id":174,"peso":13},{"id":123,"peso":9},{"id":65,"peso":8},{"id":12,"peso":11},{"id":75,"peso":5},{"id":196,"peso":16},{"id":184,"peso":1},{"id":145,"peso":19},{"id":130,"peso":4},{"id":70,"peso":14},{"id":76,"peso":1},{"id":33,"peso":8},{"id":73,"peso":11},{"id":42,"peso":10},{"id":115,"peso":17},{"id":68,"peso":6},{"id":49,"peso":18},{"id":160,"peso":6},{"id":57,"peso":7},{"id":108,"peso":17},{"id":113,"peso":18},{"id":126,"peso":16},{"id":107,"peso":10},{"id":29,"peso":7},{"id":156,"peso":4},{"id":7,"peso":8},{"id":165,"peso":18},{"id":142,"peso":19},{"id":64,"peso":12},{"id":134,"peso":5},{"id":103,"peso":1},{"id":181,"peso":13},{"id":176,"peso":4},{"id":92,"peso":9},{"id":19,"peso":17},{"id":163,"peso":13},{"id":152,"peso":19},{"id":53,"peso":13},{"id":128,"peso":18},{"id":11,"peso":11},{"id":87,"peso":0}]}