{"docente":{"nome":"Joao","departamento":"IQ","id":1040},"atividades":[{"id":196,"peso":18},{"id":184,"peso":11},{"id":112,"peso":17},{"id":40,"peso":11},{"id":50,"peso":10},{"id":95,"peso":7},{"id":148,"peso":2},{"id":130,"peso":2},{"id":41,"peso":1},{"id":147,"peso":20},{"id":77,"peso":5},{"id":140,"peso":8},{"id":97,"peso":14},{"id":104,"peso":0},{"id":13,"peso":10},{"id":18,"peso":6},{"id":159,"peso":18},{"id":11,"peso":12},{"id":78,"peso":9},{"id":57,"peso":14},{"id":131,"peso":20},{"id":61,"peso":17},{"id":125,"peso":10},{"id":113,"peso":20},{"id":60,"peso":16},{"id":45,"peso":1},{"id":17,"peso":11},{"id":170,"peso":12},{"id":192,"peso":11},{"id":124,"peso":7},{"id":14,"peso":12},{"id":64,"peso":6},{"id":76,"peso":8},{"id":38,"peso":3},{"id":48,"peso":14},{"id":158,"peso":5},{"id":87,"peso":14},{"id":103,"peso":18},{"id":157,"peso":3},{"id":105,"peso":0},{"id":27,"peso":8},{"id":20,"peso":17},{"id":132,"peso":6},{"id":137,"peso":4},{"id":90,"peso":10},{"id":88,"peso":3},{"id":86,"peso":6},{"id":55,"peso":7},{"id":193,"peso":10},{"id":107,"peso":11},{"id":71,"peso":8},{"id":138,"peso":8},{"id":118,"peso":12},{"id":23,"peso":19},{"id":59,"peso":7},{"id":142,"peso":12},{"id":70,"peso":11},{"id":73,"peso":14},{"id":183,"peso":6},{"id":171,"peso":14},{"id":66,"peso":16},{"id":2,"peso":18},{"id":186,"peso":14},{"id":65,"peso":9},{"id":82,"peso":14},{"id":47,"peso":17},{"id":179,"peso":1},{"id":141,"peso":15},{"id":91,"peso":15},{"id":79,"peso":5},{"id":69,"peso":16},{"id":161,"peso":1}]}