{"docente":{"nome":"Henrique","departamento":"FEF","id":1401},"atividades":[{"id":138,"peso":2},{"id":36,"peso":0},{"id":152,"peso":0},{"id":72,"peso":20},{"id":55,"peso":18},{"id":144,"peso":3},{"id":54,"peso":0},{"id":124,"peso":9},{"id":113,"peso":6},{"id":188,"peso":11},{"id":110,"peso":19},{"id":39,"peso":1},{"id":2,"peso":8},{"id":177,"peso":20},{"id":84,"peso":15},{"id":157,"peso":4},{"id":117,"peso":11},{"id":161,"peso":13},{"id":160,"peso":12},{"id":45,"peso":12},{"id":149,"peso":0},{"id":185,"peso":17},{"id":164,"peso":5},{"id":14,"peso":7},{"id":93,"peso":14},{"id":88,"peso":20},{"id":64,"peso":8},{"id":9,"peso":8},{"id":101,"peso":5},{"id":74,"peso":12},{"id":35,"peso":10},{"id":26,"peso":20},{"id":115,"peso":5},{"id":143,"peso":17},{"id":85,"peso":3},{"id":131,"peso":15},{"id":109,"peso":19},{"id":121,"peso":8},{"id":97,"peso":19},{"id":41,"peso":5},{"id":130,"peso":15},{"id":6,"peso":16},{"id":193,"peso":19},{"id":128,"peso":4},{"id":108,"peso":2},{"id":145,"peso":17},{"id":133,"peso":2},{"id":77,"peso":14},{"id":153,"peso":16},{"id":155,"peso":5},{"id":70,"peso":16},{"id":31,"peso":15},{"id":49,"peso":4},{"id":189,"peso":9},{"id":81,"peso":18},{"id":24,"peso":16},{"id":5,"peso":1},{"id":120,"peso":9},{"id":195,"peso":8},{"id":158,"peso":12},{"id":25,"peso":5},{"id":29,"peso":15},{"id":102,"peso":5},{"id":22,"peso":12},{"id":180,"peso":3},{"id":139,"peso":16},{"id":111,"peso":16},{"id":12,"peso":5},{"id":7,"peso":12},{"id":194,"peso":13},{"id":53,"peso":13},{"id":69,"peso":19},{"id":23,"peso":7},{"id":179,"peso":11},{"id":89,"peso":18},{"id":175,"peso":20},{"id":91,"peso":5},{"id":184,"peso":15},{"id":51,"peso":2},{"id":59,"peso":11},{"id":192,"peso":9},{"id":95,"peso":8},{"id":78,"peso":16}]}