{"docente":{"nome":"Marcelo","departamento":"FIC","id":1237},"atividades":[{"id":57,"peso":11},{"id":186,"peso":12},{"id":44,"peso":10},{"id":31,"peso":11},{"id":159,"peso":20},{"id":161,"peso":8},{"id":101,"peso":16},{"id":110,"peso":18},{"id":176,"peso":20},{"id":105,"peso":15},{"id":198,"peso":11},{"id":160,"peso":1},{"id":20,"peso":0},{"id":77,"peso":2},{"id":180,"peso":20},{"id":170,"peso":5},{"id":32,"peso":2},{"id":5,"peso":6},{"id":29,"peso":7},{"id":55,"peso":10},{"id":47,"peso":19},{"id":84,"peso":15},{"id":40,"peso":2},{"id":139,"peso":17},{"id":103,"peso":7},{"id":10,"peso":13},{"id":52,"peso":20},{"id":187,"peso":0},{"id":11,"peso":3},{"id":104,"peso":4},{"id":97,"peso":13},{"id":132,"peso":15},{"id":126,"peso":9},{"id":116,"peso":0},{"id":89,"peso":14},{"id":22,"peso":17},{"id":56,"peso":20},{"id":117,"peso":5},{"id":164,"peso":10},{"id":134,"peso":6},{"id":183,"peso":5},{"id":174,"peso":15},{"id":71,"peso":13},{"id":189,"peso":20},{"id":36,"peso":17},{"id":154,"peso":0},{"id":90,"peso":2},{"id":168,"peso":1},{"id":33,"peso":9},{"id":190,"peso":15},{"id":93,"peso":15},{"id":165,"peso":6},{"id":191,"peso":20},{"id":59,"peso":11},{"id":119,"peso":3},{"id":66,"peso":8},{"id":9,"peso":9},{"id":37,"peso":8},{"id":30,"peso":20},{"id":121,"peso":5},{"id":86,"peso":13},{"id":34,"peso":12},{"id":125,"peso":0},{"id":143,"peso":9},{"id":129,"peso":19},{"id":60,"peso":14},{"id":6,"peso":15},{"id":122,"peso":18},{"id":15,"peso":0},{"id":80,"peso":18},{"id":48,"peso":4},{"id":58,"peso":3},{"id":147,"peso":19},{"id":152,"peso":14},{"id":46,"peso":7}]}