{"docente":{"nome":"Berenice","departamento":"IF","id":1022},"atividades":[{"id":157,"peso":0},{"id":120,"peso":20},{"id":194,"peso":7},{"id":174,"peso":9},{"id":133,"peso":4},{"id":197,"peso":2},{"id":9,"peso":15},{"id":32,"peso":5},{"id":96,"peso":10},{"id":137,"peso":8},{"id":131,"peso":9},{"id":47,"peso":17},{"id":173,"peso":3},{"id":151,"peso":1},{"id":13,"peso":16},{"id":70,"peso":7},{"id":2,"peso":8},{"id":10,"peso":14},{"id":158,"peso":3},{"id":28,"peso":2},{"id":138,"peso":10},{"id":165,"peso":7},{"id":17,"peso":10},{"id":126,"peso":11},{"id":21,"peso":13},{"id":119,"peso":15},{"id":54,"peso":7},{"id":64,"peso":6},{"id":55,"peso":11},{"id":5,"peso":16},{"id":18,"peso":19},{"id":172,"peso":11},{"id":77,"peso":17},{"id":150,"peso":12},{"id":139,"peso":0},{"id":117,"peso":17},{"id":98,"peso":13},{"id":26,"peso":17},{"id":66,"peso":13},{"id":183,"peso":2},{"id":73,"peso":3},{"id":12,"peso":13},{"id":125,"peso":11},{"id":181,"peso":3},{"id":94,"peso":12},{"id":147,"peso":6},{"id":38,"peso":6},{"id":111,"peso":11},{"id":49,"peso":9},{"id":175,"peso":3},{"id":76,"peso":0},{"id":23,"peso":16},{"id":123,"peso":17},{"id":135,"peso":5},{"id":95,"peso":11},{"id":53,"peso":7},{"id":101,"peso":14},{"id":83,"peso":10},{"id":3,"peso":13},{"id":82,"peso":18},{"id":72,"peso":8},{"id":81,"peso":3},{"id":89,"peso":3},{"id":19,"peso":14},{"id":97,"peso":5},{"id":103,"peso":15},{"id":161,"peso":4},{"id":20,"peso":20},{"id":180,"peso":8},{"id":79,"peso":19},{"id":179,"peso":3},{"id":188,"peso":2},{"id":113,"peso":13},{"id":60,"peso":11},{"id":186,"peso":7},{"id":51,"peso":14},{"id":164,"peso":12},{"id":189,"peso":5},{"id":91,"peso":2},{"id":58,"peso":1},{"id":166,"peso":2},{"id":22,"peso":12},{"id":69,"peso":18},{"id":87,"peso":15}]}