{"docente":{"nome":"Ingrid","departamento":"IF","id":1403},"atividades":[{"id":13,"peso":4},{"id":82,"peso":9},{"id":118,"peso":13},{"id":169,"peso":1},{"id":141,"peso":7},{"id":59,"peso":17},{"id":96,"peso":13},{"id":99,"peso":15},{"id":3,"peso":16},{"id":6,"peso":7},{"id":183,"peso":14},{"id":156,"peso":5},{"id":133,"peso":1},{"id":165,"peso":14},{"id":32,"peso":8},{"id":124,"peso":11},{"id":55,"peso":15},{"id":188,"peso":17},{"id":147,"peso":19},{"id":86,"peso":3},{"id":108,"peso":20},{"id":112,"peso":5},{"id":114,"peso":1},{"id":106,"peso":10},{"id":186,"peso":2},{"id":49,"peso":9},{"id":178,"peso":20},{"id":143,"peso":18},{"id":71,"peso":10},{"id":196,"peso":2},{"id":34,"peso":1},{"id":138,"peso":6},{"id":88,"peso":4},{"id":109,"peso":18},{"id":130,"peso":19},{"id":190,"peso":17},{"id":57,"peso":16},{"id":142,"peso":8},{"id":64,"peso":18},{"id":39,"peso":17},{"id":83,"peso":11},{"id":102,"peso":1},{"id":48,"peso":2},{"id":149,"peso":11},{"id":95,"peso":1},{"id":123,"peso":19},{"id":28,"peso":14},{"id":100,"peso":12},{"id":37,"peso":2},{"id":181,"peso":14},{"id":47,"peso":6},{"id":29,"peso":7},{"id":125,"peso":17},{"id":56,"peso":4},{"id":67,"peso":10},{"id":80,"peso":1},{"id":22,"peso":14},{"id":2,"peso":13},{"id":115,"peso":7},{"id":136,"peso":3},{"id":41,"peso":18},{"id":121,"peso":1},{"id":137,"peso":13},{"id":126,"peso":12},{"id":111,"peso":4},{"id":12,"peso":20},{"id":65,"peso":12},{"id":161,"peso":17},{"id":92,"peso":6},{"id":90,"peso":7},{"id":46,"peso":3},{"id":110,"peso":9},{"id":162,"peso":12},{"id":79,"peso":16},{"id":172,"peso":13},{"id":174,"peso":7},{"id":173,"peso":12},{"id":91,"peso":16},{"id":15,"peso":7},{"id":72,"peso":12},{"id":132,"peso":15},{"id":101,"peso":12}]}