{"docente":{"nome":"Karla","departamento":"ICB","id":1118},"atividades":[{"id":86,"peso":18},{"id":41,"peso":18},{"id":141,"peso":3},{"id":30,"peso":18},{"id":95,"peso":19},{"id":57,"peso":16},{"id":106,"peso":12},{"id":64,"peso":0},{"id":96,"peso":17},{"id":58,"peso":6},{"id":38,"peso":5},{"id":7,"peso":7},{"id":42,"peso":9},{"id":54,"peso":19},{"id":195,"peso":16},{"id":187,"peso":11},{"id":81,"peso":5},{"id":170,"peso":10},{"id":134,"peso":6},{"id":25,"peso":19},{"id":151,"peso":0},{"id":85,"peso":5},{"id":84,"peso":5},{"id":131,"peso":5},{"id":163,"peso":10},{"id":172,"peso":16},{"id":164,"peso":14},{"id":124,"peso":5},{"id":176,"peso":3},{"id":126,"peso":0},{"id":159,"peso":13},{"id":188,"peso":1},{"id":72,"peso":16},{"id":15,"peso":2},{"id":5,"peso":5},{"id":104,"peso":8},{"id":154,"peso":7},{"id":113,"peso":11},{"id":63,"peso":13},{"id":82,"peso":13},{"id":178,"peso":4},{"id":61,"peso":3},{"id":132,"peso":18},{"id":21,"peso":15},{"id":120,"peso":20},{"id":33,"peso":10},{"id":128,"peso":18},{"id":183,"peso":10},{"id":43,"peso":13},{"id":75,"peso":0},{"id":88,"peso":14},{"id":194,"peso":6},{"id":80,"peso":11},{"id":142,"peso":20},{"id":138,"peso":17},{"id":123,"peso":0},{"id":59,"peso":2},{"id":192,"peso":17},{"id":62,"peso":8},{"id":145,"peso":11},{"id":23,"peso":16},{"id":70,"peso":0},{"id":87,"peso":20},{"id":149,"peso":8},{"id":32,"peso":5},{"id":50,"peso":6},{"id":189,"peso":11},{"id":184,"peso":0},{"id":197,"peso":6},{"id":179,"peso":16},{"id":31,"peso":15},{"id":111,"peso":11},{"id":119,"peso":0},{"id":93,"peso":5},{"id":137,"peso":14},{"id":102,"peso":9},{"id":158,"peso":7},{"id":90,"peso":0}]}