{"docente":{"nome":"Henrique","departamento":"IQ","id":126},"atividades":[{"id":170,"peso":8},{"id":188,"peso":3},{"id":65,"peso":4},{"id":177,"peso":8},{"id":51,"peso":12},{"id":87,"peso":16},{"id":144,"peso":5},{"id":11,"peso":20},{"id":130,"peso":5},{"id":114,"peso":11},{"id":9,"peso":5},{"id":54,"peso":10},{"id":57,"peso":0},{"id":22,"peso":11},{"id":106,"peso":5},{"id":132,"peso":14},{"id":131,"peso":9},{"id":123,"peso":15},{"id":41,"peso":14},{"id":80,"peso":14},{"id":35,"peso":2},{"id":40,"peso":12},{"id":128,"peso":1},{"id":125,"peso":2},{"id":44,"peso":13},{"id":86,"peso":2},{"id":33,"peso":12},{"id":32,"peso":13},{"id":1,"peso":15},{"id":58,"peso":19},{"id":16,"peso":1},{"id":96,"peso":2},{"id":180,"peso":15},{"id":193,"peso":16},{"id":137,"peso":1},{"id":71,"peso":5},{"id":161,"peso":4},{"id":104,"peso":16},{"id":97,"peso":7},{"id":88,"peso":11},{"id":46,"peso":0},{"id":175,"peso":18},{"id":113,"peso":18},{"id":90,"peso":7},{"id":17,"peso":5},{"id":122,"peso":6},{"id":56,"peso":19},{"id":162,"peso":6},{"id":112,"peso":10},{"id":136,"peso":6},{"id":23,"peso":16},{"id":107,"peso":20},{"id":93,"peso":5},{"id":92,"peso":9},{"id":157,"peso":4},{"id":181,"peso":7},{"id":27,"peso":18},{"id":53,"peso":2},{"id":15,"peso":11},{"id":126,"peso":6},{"id":184,"peso":19},{"id":43,"peso":17},{"id":72,"peso":1},{"id":8,"peso":20},{"id":95,"peso":0},{"id":67,"peso":8},{"id":111,"peso":19},{"id":75,"peso":13},{"id":117,"peso":17},{"id":183,"peso":4},{"id":76,"peso":17},{"id":49,"peso":6},{"id":30,"peso":10},{"id":158,"peso":14},{"id":102,"peso":11},{"id":25,"peso":12},{"id":160,"peso":6},{"id":167,"peso":13},{"id":42,"peso":3},{"id":77,"peso":15}]}