{"docente":{"nome":"Guilherme","departamento":"FIC","id":1446},"atividades":[{"id":65,"peso":20},{"id":55,"peso":19},{"id":73,"peso":5},{"id":28,"peso":19},{"id":188,"peso":10},{"id":85,"peso":8},{"id":11,"peso":15},{"id":130,"peso":1},{"id":181,"peso":6},{"id":138,"peso":9},{"id":143,"peso":5},{"id":99,"peso":7},{"id":31,"peso":9},{"id":196,"peso":12},{"id":108,"peso":11},{"id":170,"peso":10},{"id":144,"peso":2},{"id":132,"peso":20},{"id":136,"peso":8},{"id":173,"peso":2},{"id":167,"peso":4},{"id":66,"peso":16},{"id":96,"peso":3},{"id":154,"peso":16},{"id":59,"peso":10},{"id":174,"peso":4},{"id":104,"peso":11},{"id":69,"peso":14},{"id":118,"peso":7},{"id":141,"peso":18},{"id":75,"peso":16},{"id":98,"peso":12},{"id":151,"peso":14},{"id":159,"peso":10},{"id":57,"peso":10},{"id":150,"peso":18},{"id":4,"peso":0},{"id":192,"peso":18},{"id":2,"peso":9},{"id":52,"peso":7},{"id":146,"peso":0},{"id":162,"peso":3},{"id":131,"peso":13},{"id":107,"peso":6},{"id":129,"peso":17},{"id":156,"peso":6},{"id":51,"peso":19},{"id":155,"peso":17},{"id":7,"peso":6},{"id":63,"peso":8},{"id":189,"peso":5},{"id":94,"peso":19},{"id":48,"peso":5},{"id":70,"peso":13},{"id":72,"peso":10},{"id":71,"peso":13},{"id":137,"peso":13},{"id":186,"peso":11},{"id":177,"peso":19},{"id":61,"peso":16},{"id":13,"peso":13},{"id":194,"peso":13},{"id":125,"peso":4},{"id":183,"peso":4},{"id":171,"peso":17},{"id":47,"peso":14},{"id":43,"peso":5},{"id":54,"peso":0},{"id":117,"peso":17},{"id":33,"peso":7},{"id":40,"peso":0},{"id":126,"peso":11},{"id":8,"peso":13},{"id":3,"peso":6}]}