{"docente":{"nome":"Fabio","departamento":"FEF","id":1174},"atividades":[{"id":20,"peso":8},{"id":46,"peso":5},{"id":144,"peso":1},{"id":146,"peso":14},{"id":89,"peso":11},{"id":163,"peso":16},{"id":168,"peso":6},{"id":162,"peso":9},{"id":66,"peso":1},{"id":102,"peso":16},{"id":170,"peso":16},{"id":19,"peso":6},{"id":31,"peso":8},{"id":92,"peso":2},{"id":133,"peso":3},{"id":67,"peso":1},{"id":169,"peso":8},{"id":165,"peso":9},{"id":155,"peso":5},{"id":60,"peso":13},{"id":179,"peso":6},{"id":5,"peso":5},{"id":183,"peso":17},{"id":126,"peso":20},{"id":85,"peso":1},{"id":49,"peso":2},{"id":157,"peso":7},{"id":177,"peso":18},{"id":1,"peso":17},{"id":198,"peso":15},{"id":193,"peso":18},{"id":97,"peso":1},{"id":28,"peso":8},{"id":65,"peso":17},{"id":11,"peso":8},{"id":7,"peso":17},{"id":23,"peso":14},{"id":112,"peso":19},{"id":101,"peso":20},{"id":32,"peso":2},{"id":181,"peso":4},{"id":96,"peso":11},{"id":110,"peso":15},{"id":56,"peso":18},{"id":166,"peso":20},{"id":140,"peso":7},{"id":79,"peso":15},{"id":2,"peso":6},{"id":47,"peso":19},{"id":80,"peso":16},{"id":33,"peso":18},{"id":132,"peso":18},{"id":104,"peso":1},{"id":71,"peso":20},{"id":63,"peso":5},{"id":136,"peso":11},{"id":8,"peso":13},{"id":159,"peso":14},{"id":55,"peso":18},{"id":39,"peso":10},{"id":180,"peso":15},{"id":113,"peso":13},{"id":188,"peso":16},{"id":4,"peso":12},{"id":93,"peso":15},{"id":125,"peso":14},{"id":196,"peso":0},{"id":42,"peso":15},{"id":16,"peso":9},{"id":45,"peso":17},{"id":119,"peso":5},{"id":86,"peso":13},{"id":130,"peso":7},{"id":178,"peso":1},{"id":115,"peso":18},{"id":114,"peso":6},{"id":171,"peso":10},{"id":189,"peso":11},{"id":121,"peso":2},{"id":176,"peso":19}]}