{"docente":{"nome":"Murilo","departamento":"INF","id":1353},"atividades":[{"id":122,"peso":13},{"id":101,"peso":0},{"id":15,"peso":14},{"id":55,"peso":4},{"id":7,"peso":5},{"id":10,"peso":3},{"id":171,"peso":10},{"id":16,"peso":2},{"id":24,"peso":6},{"id":76,"peso":0},{"id":162,"peso":7},{"id":107,"peso":0},{"id":155,"peso":0},{"id":72,"peso":6},{"id":170,"peso":12},{"id":114,"peso":16},{"id":190,"peso":13},{"id":186,"peso":20},{"id":75,"peso":10},{"id":161,"peso":16},{"id":182,"peso":5},{"id":4,"peso":0},{"id":115,"peso":5},{"id":40,"peso":0},{"id":66,"peso":4},{"id":144,"peso":14},{"id":91,"peso":14},{"id":86,"peso":20},{"id":78,"peso":7},{"id":67,"peso":19},{"id":2,"peso":13},{"id":42,"peso":10},{"id":20,"peso":13},{"id":53,"peso":8},{"id":100,"peso":15},{"id":138,"peso":11},{"id":178,"peso":17},{"id":184,"peso":9},{"id":63,"peso":13},{"id":19,"peso":16},{"id":5,"peso":16},{"id":70,"peso":2},{"id":132,"peso":15},{"id":9,"peso":15},{"id":180,"peso":7},{"id":30,"peso":5},{"id":89,"peso":2},{"id":174,"peso":13},{"id":1,"peso":2},{"id":21,"peso":8},{"id":58,"peso":20},{"id":172,"peso":18},{"id":158,"peso":0},{"id":28,"peso":3},{"id":98,"peso":4},{"id":37,"peso":18},{"id":112,"peso":18},{"id":31,"peso":18},{"id":189,"peso":10},{"id":68,"peso":1},{"id":136,"peso":5},{"id":196,"peso":17},{"id":195,"peso":19},{"id":125,"peso":19},{"id":168,"peso":4},{"id":56,"peso":6},{"id":17,"peso":11},{"id":96,"peso":19},{"id":39,"peso":5},{"id":44,"peso":18},{"id":123,"peso":13},{"id":92,"peso":2},{"id":65,"peso":2},{"id":81,"peso":17},{"id":111,"peso":16},{"id":192,"peso":8},{"id":26,"peso":18},{"id":152,"peso":6},{"id":181,"peso":0},{"id":108,"peso":17},{"id":33,"peso":16},{"id":173,"peso":7},{"id":160,"peso":18},{"id":73,"peso":17}]}