{"docente":{"nome":"Renato","departamento":"IF","id":1034},"atividades":[{"id":41,"peso":8},{"id":60,"peso":17},{"id":192,"peso":18},{"id":50,"peso":9},{"id":154,"peso":8},{"id":64,"peso":9},{"id":47,"peso":14},{"id":2,"peso":11},{"id":198,"peso":16},{"id":188,"peso":19},{"id":37,"peso":0},{"id":159,"peso":14},{"id":72,"peso":8},{"id":32,"peso":8},{"id":75,"peso":2},{"id":88,"peso":10},{"id":111,"peso":7},{"id":48,"peso":18},{"id":156,"peso":19},{"id":157,"peso":4},{"id":5,"peso":13},{"id":167,"peso":1},{"id":126,"peso":14},{"id":133,"peso":15},{"id":99,"peso":8},{"id":184,"peso":20},{"id":6,"peso":6},{"id":90,"peso":7},{"id":74,"peso":4},{"id":95,"peso":4},{"id":15,"peso":16},{"id":10,"peso":6},{"id":183,"peso":3},{"id":17,"peso":17},{"id":196,"peso":12},{"id":117,"peso":5},{"id":150,"peso":5},{"id":144,"peso":13},{"id":58,"peso":1},{"id":104,"peso":16},{"id":110,"peso":9},{"id":13,"peso":15},{"id":68,"peso":7},{"id":27,"peso":10},{"id":107,"peso":1},{"id":26,"peso":7},{"id":160,"peso":0},{"id":168,"peso":20},{"id":174,"peso":5},{"id":164,"peso":10},{"id":119,"peso":8},{"id":1,"peso":16},{"id":171,"peso":15},{"id":18,"peso":14},{"id":63,"peso":7},{"id":162,"peso":4},{"id":114,"peso":7},{"id":21,"peso":8},{"id":96,"peso":2},{"id":148,"peso":5},{"id":30,"peso":6},{"id":24,"peso":18},{"id":45,"peso":10},{"id":146,"peso":13},{"id":131,"peso":18},{"id":56,"peso":14},{"id":67,"peso":1},{"id":138,"peso":4},{"id":163,"peso":18},{"id":62,"peso":9},{"id":125,"peso":20},{"id":137,"peso":20},{"id":20,"peso":9},{"id":166,"peso":0},{"id":46,"peso":16},{"id":93,"peso":17},{"id":40,"peso":8},{"id":16,"peso":10}]}