{"docente":{"nome":"Laerte","departamento":"IF","id":1395},"atividades":[{"id":29,"peso":10},{"id":69,"peso":16},{"id":111,"peso":13},{"id":33,"peso":7},{"id":196,"peso":8},{"id":54,"peso":10},{"id":110,"peso":13},{"id":177,"peso":18},{"id":161,"peso":3},{"id":75,"peso":19},{"id":87,"peso":20},{"id":145,"peso":7},{"id":66,"peso":16},{"id":22,"peso":8},{"id":2,"peso":3},{"id":160,"peso":12},{"id":52,"peso":14},{"id":100,"peso":6},{"id":3,"peso":6},{"id":188,"peso":17},{"id":89,"peso":0},{"id":155,"peso":14},{"id":71,"peso":6},{"id":9,"peso":4},{"id":5,"peso":8},{"id":153,"peso":18},{"id":167,"peso":15},{"id":53,"peso":11},{"id":125,"peso":1},{"id":192,"peso":2},{"id":7,"peso":10},{"id":4,"peso":7},{"id":32,"peso":1},{"id":35,"peso":13},{"id":72,"peso":7},{"id":137,"peso":6},{"id":63,"peso":4},{"id":45,"peso":4},{"id":112,"peso":5},{"id":93,"peso":10},{"id":104,"peso":12},{"id":38,"peso":0},{"id":31,"peso":14},{"id":189,"peso":18},{"id":28,"peso":15},{"id":34,"peso":18},{"id":141,"peso":9},{"id":195,"peso":2},{"id":181,"peso":6},{"id":62,"peso":18},{"id":14,"peso":9},{"id":158,"peso":18},{"id":51,"peso":5},{"id":15,"peso":13},{"id":113,"peso":6},{"id":27,"peso":20},{"id":37,"peso":7},{"id":101,"peso":14},{"id":120,"peso":0},{"id":185,"peso":10},{"id":70,"peso":2},{"id":92,"peso":15},{"id":108,"peso":3},{"id":60,"peso":19},{"id":81,"peso":0},{"id":47,"peso":18},{"id":114,"peso":10},{"id":162,"peso":16},{"id":85,"peso":5},{"id":127,"peso":12},{"id":6,"peso":1},{"id":117,"peso":20},{"id":84,"peso":13},{"id":96,"peso":7},{"id":121,"peso":10},{"id":118,"peso":10},{"id":57,"peso":13},{"id":130,"peso":9}]}