{"docente":{"nome":"Auri","departamento":"INF","id":1230},"atividades":[{"id":101,"peso":1},{"id":190,"peso":17},{"id":173,"peso":11},{"id":156,"peso":10},{"id":74,"peso":0},{"id":51,"peso":2},{"id":97,"peso":9},{"id":17,"peso":5},{"id":161,"peso":16},{"id":5,"peso":17},{"id":6,"peso":19},{"id":116,"peso":12},{"id":174,"peso":17},{"id":1,"peso":0},{"id":73,"peso":2},{"id":127,"peso":5},{"id":184,"peso":10},{"id":148,"peso":12},{"id":130,"peso":19},{"id":75,"peso":15},{"id":132,"peso":7},{"id":167,"peso":10},{"id":10,"peso":19},{"id":43,"peso":18},{"id":95,"peso":6},{"id":91,"peso":0},{"id":70,"peso":16},{"id":88,"peso":13},{"id":92,"peso":1},{"id":69,"peso":13},{"id":119,"peso":4},{"id":165,"peso":20},{"id":157,"peso":12},{"id":110,"peso":10},{"id":27,"peso":7},{"id":41,"peso":3},{"id":39,"peso":14},{"id":142,"peso":7},{"id":2,"peso":13},{"id":82,"peso":6},{"id":164,"peso":0},{"id":150,"peso":11},{"id":197,"peso":1},{"id":104,"peso":5},{"id":195,"peso":8},{"id":188,"peso":6},{"id":23,"peso":4},{"id":26,"peso":17},{"id":159,"peso":12},{"id":12,"peso":7},{"id":25,"peso":6},{"id":83,"peso":0},{"id":131,"peso":2},{"id":102,"peso":5},{"id":194,"peso":19},{"id":19,"peso":3},{"id":45,"peso":4},{"id":50,"peso":13},{"id":153,"peso":6},{"id":133,"peso":3},{"id":196,"peso":18},{"id":182,"peso":18},{"id":145,"peso":13},{"id":93,"peso":11},{"id":115,"peso":13},{"id":124,"peso":2},{"id":57,"peso":5},{"id":48,"peso":6},{"id":137,"peso":2},{"id":170,"peso":8},{"id":193,"peso":16},{"id":171,"peso":11},{"id":60,"peso":15},{"id":37,"peso":14},{"id":55,"peso":8},{"id":35,"peso":8},{"id":44,"peso":15}]}