{"docente":{"nome":"Ingrid","departamento":"FEF","id":1269},"atividades":[{"id":127,"peso":8},{"id":140,"peso":6},{"id":14,"peso":19},{"id":73,"peso":10},{"id":86,"peso":17},{"id":151,"peso":20},{"id":160,"peso":1},{"id":172,"peso":16},{"id":43,"peso":5},{"id":154,"peso":11},{"id":58,"peso":18},{"id":120,"peso":2},{"id":113,"peso":5},{"id":128,"peso":7},{"id":190,"peso":8},{"id":2,"peso":14},{"id":178,"peso":16},{"id":161,"peso":6},{"id":194,"peso":12},{"id":114,"peso":12},{"id":165,"peso":14},{"id":55,"peso":18},{"id":30,"peso":17},{"id":143,"peso":20},{"id":29,"peso":13},{"id":134,"peso":20},{"id":144,"peso":8},{"id":23,"peso":14},{"id":149,"peso":14},{"id":25,"peso":5},{"id":170,"peso":8},{"id":72,"peso":19},{"id":6,"peso":10},{"id":59,"peso":2},{"id":37,"peso":7},{"id":152,"peso":16},{"id":48,"peso":14},{"id":75,"peso":3},{"id":166,"peso":9},{"id":44,"peso":10},{"id":17,"peso":4},{"id":12,"peso":1},{"id":49,"peso":8},{"id":181,"peso":0},{"id":8,"peso":6},{"id":27,"peso":7},{"id":124,"peso":11},{"id":11,"peso":19},{"id":96,"peso":3},{"id":84,"peso":19},{"id":31,"peso":15},{"id":126,"peso":19},{"id":153,"peso":18},{"id":147,"peso":14},{"id":121,"peso":15},{"id":157,"peso":15},{"id":16,"peso":3},{"id":136,"peso":7},{"id":77,"peso":19},{"id":97,"peso":12},{"id":91,"peso":2},{"id":71,"peso":16},{"id":32,"peso":19},{"id":74,"peso":2},{"id":78,"peso":16},{"id":195,"peso":17},{"id":169,"peso":2},{"id":5,"peso":18},{"id":28,"peso":10},{"id":7,"peso":17},{"id":158,"peso":20},{"id":61,"peso":17},{"id":197,"peso":19},{"id":167,"peso":13},{"id":107,"peso":7},{"id":187,"peso":5},{"id":116,"peso":20},{"id":19,"peso":10}]}