{"docente":{"nome":"Laerte","departamento":"FEF","id":1163},"atividades":[{"id":79,"peso":12},{"id":118,"peso":12},{"id":102,"peso":9},{"id":121,"peso":19},{"id":64,"peso":5},{"id":66,"peso":15},{"id":119,"peso":15},{"id":109,"peso":17},{"id":160,"peso":1},{"id":21,"peso":20},{"id":96,"peso":20},{"id":137,"peso":2},{"id":110,"peso":4},{"id":122,"peso":5},{"id":133,"peso":11},{"id":147,"peso":9},{"id":82,"peso":2},{"id":52,"peso":6},{"id":189,"peso":7},{"id":157,"peso":10},{"id":31,"peso":5},{"id":60,"peso":17},{"id":46,"peso":13},{"id":7,"peso":7},{"id":123,"peso":8},{"id":129,"peso":19},{"id":30,"peso":0},{"id":17,"peso":17},{"id":169,"peso":3},{"id":127,"peso":15},{"id":50,"peso":0},{"id":142,"peso":8},{"id":187,"peso":6},{"id":176,"peso":9},{"id":16,"peso":6},{"id":14,"peso":15},{"id":93,"peso":7},{"id":81,"peso":17},{"id":90,"peso":1},{"id":145,"peso":4},{"id":87,"peso":0},{"id":164,"peso":4},{"id":37,"peso":20},{"id":44,"peso":20},{"id":108,"peso":11},{"id":38,"peso":3},{"id":49,"peso":5},{"id":159,"peso":6},{"id":9,"peso":5},{"id":103,"peso":16},{"id":41,"peso":8},{"id":4,"peso":12},{"id":23,"peso":11},{"id":68,"peso":7},{"id":188,"peso":18},{"id":152,"peso":11},{"id":45,"peso":4},{"id":8,"peso":3},{"id":40,"peso":16},{"id":42,"peso":2},{"id":191,"peso":9},{"id":6,"peso":9},{"id":104,"peso":17},{"id":105,"peso":19},{"id":134,"peso":4},{"id":63,"peso":6},{"id":18,"peso":10},{"id":150,"peso":1},{"id":74,"peso":19},{"id":171,"peso":2},{"id":132,"peso":17},{"id":185,"peso":11},{"id":182,"peso":18},{"id":76,"peso":11},{"id":88,"peso":7},{"id":80,"peso":6},{"id":181,"peso":20}]}