{"docente":{"nome":"Karla","departamento":"FIC","id":1097},"atividades":[{"id":94,"peso":18},{"id":3,"peso":1},{"id":64,"peso":14},{"id":102,"peso":4},{"id":26,"peso":16},{"id":92,"peso":13},{"id":95,"peso":6},{"id":117,"peso":18},{"id":138,"peso":8},{"id":30,"peso":7},{"id":194,"peso":8},{"id":105,"peso":18},{"id":142,"peso":19},{"id":149,"peso":10},{"id":188,"peso":5},{"id":129,"peso":20},{"id":156,"peso":1},{"id":14,"peso":17},{"id":165,"peso":2},{"id":125,"peso":20},{"id":8,"peso":8},{"id":88,"peso":14},{"id":50,"peso":2},{"id":49,"peso":0},{"id":190,"peso":14},{"id":29,"peso":5},{"id":106,"peso":4},{"id":124,"peso":19},{"id":66,"peso":10},{"id":186,"peso":6},{"id":128,"peso":14},{"id":164,"peso":14},{"id":22,"peso":8},{"id":113,"peso":5},{"id":5,"peso":5},{"id":90,"peso":9},{"id":11,"peso":20},{"id":183,"peso":8},{"id":169,"peso":12},{"id":83,"peso":6},{"id":32,"peso":8},{"id":54,"peso":16},{"id":55,"peso":8},{"id":197,"peso":6},{"id":71,"peso":17},{"id":192,"peso":18},{"id":40,"peso":14},{"id":146,"peso":4},{"id":99,"peso":19},{"id":77,"peso":6},{"id":97,"peso":14},{"id":133,"peso":4},{"id":145,"peso":4},{"id":173,"peso":7},{"id":108,"peso":12},{"id":82,"peso":5},{"id":157,"peso":6},{"id":187,"peso":18},{"id":16,"peso":10},{"id":103,"peso":13},{"id":2,"peso":2},{"id":68,"peso":16},{"id":175,"peso":18},{"id":180,"peso":15},{"id":147,"peso":9},{"id":159,"peso":20},{"id":24,"peso":11},{"id":9,"peso":15},{"id":23,"peso":6},{"id":86,"peso":17},{"id":47,"peso":13},{"id":198,"peso":1},{"id":84,"peso":0},{"id":130,"peso":4},{"id":168,"peso":7},{"id":140,"peso":8}]}