{"docente":{"nome":"Marcelo","departamento":"INF","id":1226},"atividades":[{"id":134,"peso":4},{"id":105,"peso":17},{"id":186,"peso":15},{"id":165,"peso":20},{"id":181,"peso":12},{"id":4,"peso":6},{"id":23,"peso":14},{"id":170,"peso":5},{"id":176,"peso":19},{"id":193,"peso":13},{"id":150,"peso":16},{"id":63,"peso":6},{"id":192,"peso":15},{"id":189,"peso":1},{"id":147,"peso":8},{"id":137,"peso":11},{"id":143,"peso":10},{"id":62,"peso":16},{"id":122,"peso":9},{"id":168,"peso":4},{"id":87,"peso":2},{"id":166,"peso":20},{"id":2,"peso":8},{"id":7,"peso":2},{"id":90,"peso":4},{"id":29,"peso":9},{"id":82,"peso":4},{"id":98,"peso":3},{"id":154,"peso":16},{"id":162,"peso":7},{"id":71,"peso":16},{"id":42,"peso":12},{"id":174,"peso":19},{"id":144,"peso":2},{"id":17,"peso":18},{"id":25,"peso":14},{"id":32,"peso":12},{"id":164,"peso":1},{"id":50,"peso":18},{"id":26,"peso":18},{"id":65,"peso":20},{"id":136,"peso":19},{"id":153,"peso":1},{"id":78,"peso":2},{"id":126,"peso":9},{"id":119,"peso":12},{"id":139,"peso":12},{"id":159,"peso":18},{"id":70,"peso":6},{"id":24,"peso":12},{"id":151,"peso":16},{"id":132,"peso":11},{"id":59,"peso":1},{"id":167,"peso":1},{"id":69,"peso":8},{"id":9,"peso":6},{"id":158,"peso":8},{"id":37,"peso":18},{"id":10,"peso":15},{"id":41,"peso":0},{"id":47,"peso":6},{"id":83,"peso":10},{"id":194,"peso":20},{"id":135,"peso":20},{"id":195,"peso":8},{"id":127,"peso":10},{"id":43,"peso":14},{"id":38,"peso":18},{"id":129,"peso":14},{"id":49,"peso":19},{"id":190,"peso":6},{"id":16,"peso":15},{"id":184,"peso":4},{"id":163,"peso":19},{"id":86,"peso":14},{"id":57,"peso":10},{"id":103,"peso":10}]}