{"docente":{"nome":"Adriana","departamento":"FEF","id":1225},"atividades":[{"id":150,"peso":14},{"id":192,"peso":0},{"id":117,"peso":0},{"id":60,"peso":14},{"id":50,"peso":8},{"id":113,"peso":16},{"id":55,"peso":12},{"id":62,"peso":11},{"id":84,"peso":13},{"id":52,"peso":6},{"id":187,"peso":17},{"id":4,"peso":0},{"id":119,"peso":0},{"id":28,"peso":10},{"id":35,"peso":0},{"id":139,"peso":7},{"id":68,"peso":13},{"id":46,"peso":16},{"id":61,"peso":19},{"id":115,"peso":13},{"id":38,"peso":13},{"id":29,"peso":16},{"id":2,"peso":6},{"id":27,"peso":6},{"id":154,"peso":2},{"id":20,"peso":17},{"id":124,"peso":9},{"id":123,"peso":15},{"id":193,"peso":6},{"id":157,"peso":1},{"id":114,"peso":9},{"id":137,"peso":20},{"id":133,"peso":13},{"id":191,"peso":17},{"id":175,"peso":13},{"id":66,"peso":2},{"id":134,"peso":4},{"id":13,"peso":2},{"id":48,"peso":7},{"id":174,"peso":0},{"id":6,"peso":14},{"id":72,"peso":17},{"id":83,"peso":11},{"id":64,"peso":0},{"id":130,"peso":15},{"id":181,"peso":11},{"id":33,"peso":20},{"id":67,"peso":11},{"id":148,"peso":1},{"id":36,"peso":5},{"id":145,"peso":14},{"id":132,"peso":7},{"id":17,"peso":16},{"id":146,"peso":10},{"id":111,"peso":16},{"id":43,"peso":19},{"id":198,"peso":9},{"id":155,"peso":11},{"id":129,"peso":11},{"id":170,"peso":6},{"id":183,"peso":15},{"id":169,"peso":12},{"id":112,"peso":1},{"id":34,"peso":0},{"id":30,"peso":9},{"id":158,"peso":7},{"id":152,"peso":16},{"id":104,"peso":2},{"id":151,"peso":16},{"id":136,"peso":8},{"id":178,"peso":19},{"id":165,"peso":10},{"id":42,"peso":19},{"id":63,"peso":11},{"id":177,"peso":5},{"id":135,"peso":12},{"id":5,"peso":3},{"id":167,"peso":2},{"id":58,"peso":17}]}