{"docente":{"nome":"Murilo","departamento":"IQ","id":1356},"atividades":[{"id":189,"peso":7},{"id":103,"peso":17},{"id":113,"peso":13},{"id":145,"peso":2},{"id":19,"peso":8},{"id":13,"peso":1},{"id":174,"peso":6},{"id":108,"peso":16},{"id":29,"peso":5},{"id":182,"peso":2},{"id":53,"peso":16},{"id":165,"peso":1},{"id":112,"peso":14},{"id":38,"peso":11},{"id":35,"peso":19},{"id":116,"peso":9},{"id":135,"peso":11},{"id":16,"peso":3},{"id":83,"peso":15},{"id":125,"peso":19},{"id":191,"peso":14},{"id":152,"peso":11},{"id":179,"peso":17},{"id":30,"peso":12},{"id":23,"peso":11},{"id":100,"peso":1},{"id":99,"peso":10},{"id":140,"peso":9},{"id":180,"peso":19},{"id":46,"peso":14},{"id":123,"peso":18},{"id":172,"peso":2},{"id":45,"peso":15},{"id":158,"peso":9},{"id":25,"peso":20},{"id":62,"peso":6},{"id":109,"peso":19},{"id":111,"peso":13},{"id":185,"peso":7},{"id":187,"peso":7},{"id":82,"peso":9},{"id":115,"peso":3},{"id":79,"peso":4},{"id":92,"peso":17},{"id":24,"peso":18},{"id":44,"peso":17},{"id":65,"peso":16},{"id":197,"peso":2},{"id":156,"peso":2},{"id":196,"peso":8},{"id":80,"peso":9},{"id":124,"peso":14},{"id":178,"peso":8},{"id":18,"peso":4},{"id":95,"peso":7},{"id":114,"peso":4},{"id":15,"peso":20},{"id":110,"peso":7},{"id":167,"peso":11},{"id":84,"peso":1},{"id":134,"peso":9},{"id":184,"peso":4},{"id":128,"peso":20},{"id":93,"peso":19},{"id":78,"peso":15},{"id":68,"peso":9},{"id":118,"peso":7},{"id":88,"peso":10},{"id":139,"peso":7},{"id":81,"peso":18},{"id":142,"peso":14},{"id":48,"peso":3},{"id":129,"peso":16},{"id":188,"peso":1},{"id":101,"peso":12},{"id":144,"peso":11},{"id":120,"peso":3},{"id":192,"peso":13},{"id":183,"peso":13}]}