{"docente":{"nome":"Ana","departamento":"ICB","id":1312},"atividades":[{"id":118,"peso":17},{"id":19,"peso":13},{"id":158,"peso":17},{"id":152,"peso":18},{"id":116,"peso":0},{"id":21,"peso":2},{"id":126,"peso":1},{"id":155,"peso":10},{"id":8,"peso":19},{"id":48,"peso":14},{"id":164,"peso":12},{"id":156,"peso":4},{"id":20,"peso":4},{"id":124,"peso":20},{"id":143,"peso":8},{"id":122,"peso":2},{"id":139,"peso":6},{"id":62,"peso":9},{"id":12,"peso":6},{"id":188,"peso":1},{"id":119,"peso":11},{"id":109,"peso":16},{"id":43,"peso":18},{"id":83,"peso":6},{"id":47,"peso":11},{"id":189,"peso":1},{"id":177,"peso":12},{"id":38,"peso":0},{"id":163,"peso":10},{"id":31,"peso":13},{"id":128,"peso":9},{"id":61,"peso":12},{"id":69,"peso":0},{"id":150,"peso":2},{"id":9,"peso":8},{"id":175,"peso":15},{"id":67,"peso":14},{"id":138,"peso":12},{"id":99,"peso":4},{"id":26,"peso":5},{"id":186,"peso":8},{"id":28,"peso":1},{"id":34,"peso":5},{"id":192,"peso":1},{"id":178,"peso":4},{"id":33,"peso":16},{"id":85,"peso":17},{"id":181,"peso":12},{"id":87,"peso":19},{"id":140,"peso":4},{"id":157,"peso":9},{"id":50,"peso":6},{"id":75,"peso":16},{"id":45,"peso":9},{"id":5,"peso":9},{"id":159,"peso":17},{"id":198,"peso":15},{"id":160,"peso":14},{"id":32,"peso":20},{"id":79,"peso":15},{"id":107,"peso":17},{"id":130,"peso":5},{"id":16,"peso":7},{"id":91,"peso":0},{"id":110,"peso":8},{"id":93,"peso":3},{"id":73,"peso":11},{"id":191,"peso":16},{"id":184,"peso":20},{"id":106,"peso":6},{"id":27,"peso":2},{"id":17,"peso":1},{"id":147,"peso":14},{"id":134,"peso":18},{"id":74,"peso":4},{"id":92,"peso":0},{"id":13,"peso":3},{"id":137,"peso":10},{"id":114,"peso":0},{"id":167,"peso":8},{"id":14,"peso":12},{"id":76,"peso":5}]}