{"docente":{"nome":"Ana","departamento":"IF","id":1412},"atividades":[{"id":144,"peso":16},{"id":105,"peso":2},{"id":57,"peso":6},{"id":40,"peso":17},{"id":152,"peso":16},{"id":173,"peso":1},{"id":78,"peso":17},{"id":49,"peso":17},{"id":124,"peso":5},{"id":43,"peso":12},{"id":162,"peso":13},{"id":62,"peso":16},{"id":141,"peso":9},{"id":106,"peso":1},{"id":187,"peso":19},{"id":75,"peso":20},{"id":90,"peso":19},{"id":9,"peso":20},{"id":55,"peso":8},{"id":95,"peso":1},{"id":38,"peso":12},{"id":67,"peso":1},{"id":61,"peso":17},{"id":24,"peso":8},{"id":190,"peso":1},{"id":193,"peso":1},{"id":20,"peso":9},{"id":83,"peso":7},{"id":65,"peso":9},{"id":149,"peso":7},{"id":25,"peso":8},{"id":171,"peso":5},{"id":118,"peso":10},{"id":109,"peso":1},{"id":148,"peso":16},{"id":94,"peso":17},{"id":182,"peso":2},{"id":8,"peso":14},{"id":197,"peso":17},{"id":117,"peso":14},{"id":194,"peso":14},{"id":13,"peso":6},{"id":115,"peso":6},{"id":159,"peso":4},{"id":91,"peso":11},{"id":134,"peso":11},{"id":122,"peso":13},{"id":50,"peso":10},{"id":74,"peso":15},{"id":45,"peso":3},{"id":97,"peso":2},{"id":27,"peso":0},{"id":137,"peso":0},{"id":174,"peso":19},{"id":169,"peso":1},{"id":161,"peso":4},{"id":12,"peso":9},{"id":98,"peso":13},{"id":16,"peso":8},{"id":140,"peso":17},{"id":89,"peso":14},{"id":120,"peso":8},{"id":6,"peso":16},{"id":14,"peso":0},{"id":10,"peso":16},{"id":64,"peso":13},{"id":112,"peso":6},{"id":76,"peso":13},{"id":88,"peso":10},{"id":30,"peso":0},{"id":69,"peso":18},{"id":41,"peso":8},{"id":123,"peso":9},{"id":165,"peso":2},{"id":154,"peso":3},{"id":114,"peso":15},{"id":110,"peso":11}]}