{"docente":{"nome":"Adriana","departamento":"FEF","id":1410},"atividades":[{"id":197,"peso":11},{"id":38,"peso":11},{"id":39,"peso":6},{"id":91,"peso":8},{"id":62,"peso":18},{"id":178,"peso":20},{"id":68,"peso":3},{"id":28,"peso":16},{"id":167,"peso":5},{"id":186,"peso":20},{"id":118,"peso":12},{"id":150,"peso":8},{"id":35,"peso":17},{"id":136,"peso":15},{"id":102,"peso":4},{"id":163,"peso":19},{"id":44,"peso":18},{"id":6,"peso":4},{"id":56,"peso":2},{"id":60,"peso":12},{"id":97,"peso":1},{"id":21,"peso":1},{"id":103,"peso":1},{"id":121,"peso":1},{"id":196,"peso":12},{"id":146,"peso":5},{"id":40,"peso":4},{"id":16,"peso":5},{"id":140,"peso":18},{"id":93,"peso":6},{"id":187,"peso":4},{"id":30,"peso":20},{"id":109,"peso":15},{"id":112,"peso":2},{"id":2,"peso":2},{"id":156,"peso":2},{"id":24,"peso":19},{"id":182,"peso":12},{"id":10,"peso":3},{"id":154,"peso":7},{"id":86,"peso":17},{"id":111,"peso":2},{"id":194,"peso":4},{"id":33,"peso":15},{"id":5,"peso":3},{"id":51,"peso":18},{"id":50,"peso":16},{"id":92,"peso":20},{"id":73,"peso":6},{"id":177,"peso":17},{"id":75,"peso":9},{"id":49,"peso":13},{"id":162,"peso":11},{"id":95,"peso":18},{"id":142,"peso":14},{"id":101,"peso":11},{"id":64,"peso":0},{"id":100,"peso":14},{"id":120,"peso":17},{"id":123,"peso":2},{"id":58,"peso":8},{"id":175,"peso":14},{"id":52,"peso":3},{"id":185,"peso":18},{"id":191,"peso":15},{"id":198,"peso":14},{"id":63,"peso":11},{"id":67,"peso":2},{"id":113,"peso":12},{"id":172,"peso":10},{"id":147,"peso":12},{"id":144,"peso":16},{"id":106,"peso":6},{"id":188,"peso":14},{"id":88,"peso":16},{"id":29,"peso":8},{"id":34,"peso":5},{"id":89,"peso":1},{"id":7,"peso":15},{"id":134,"peso":9}]}