{"docente":{"nome":"Marcelo","departamento":"FIC","id":116},"atividades":[{"id":44,"peso":9},{"id":37,"peso":8},{"id":178,"peso":15},{"id":13,"peso":2},{"id":129,"peso":15},{"id":176,"peso":2},{"id":172,"peso":1},{"id":155,"peso":7},{"id":151,"peso":5},{"id":89,"peso":11},{"id":36,"peso":15},{"id":182,"peso":0},{"id":48,"peso":5},{"id":166,"peso":10},{"id":57,"peso":12},{"id":21,"peso":7},{"id":58,"peso":6},{"id":92,"peso":1},{"id":133,"peso":6},{"id":162,"peso":20},{"id":148,"peso":16},{"id":90,"peso":2},{"id":100,"peso":20},{"id":169,"peso":15},{"id":184,"peso":14},{"id":150,"peso":12},{"id":19,"peso":9},{"id":72,"peso":19},{"id":11,"peso":18},{"id":7,"peso":13},{"id":25,"peso":7},{"id":123,"peso":8},{"id":142,"peso":18},{"id":49,"peso":14},{"id":139,"peso":18},{"id":41,"peso":7},{"id":69,"peso":8},{"id":193,"peso":1},{"id":16,"peso":2},{"id":14,"peso":19},{"id":10,"peso":18},{"id":70,"peso":2},{"id":198,"peso":3},{"id":181,"peso":8},{"id":50,"peso":4},{"id":189,"peso":6},{"id":116,"peso":0},{"id":68,"peso":18},{"id":149,"peso":4},{"id":105,"peso":7},{"id":161,"peso":11},{"id":88,"peso":19},{"id":34,"peso":6},{"id":152,"peso":8},{"id":66,"peso":1},{"id":9,"peso":8},{"id":52,"peso":1},{"id":75,"peso":1},{"id":103,"peso":13},{"id":5,"peso":4},{"id":27,"peso":0},{"id":140,"peso":16},{"id":118,"peso":1},{"id":143,"peso":17},{"id":6,"peso":11},{"id":98,"peso":7},{"id":26,"peso":10},{"id":61,"peso":8},{"id":111,"peso":13},{"id":38,"peso":4},{"id":173,"peso":18},{"id":145,"peso":18},{"id":194,"peso":6},{"id":47,"peso":12},{"id":29,"peso":13},{"id":190,"peso":17},{"id":2,"peso":2},{"id":63,"peso":13},{"id":186,"peso":13},{"id":45,"peso":3},{"id":80,"peso":16},{"id":12,"peso":17},{"id":102,"peso":20}]}