{"docente":{"nome":"Paulo","departamento":"FEF","id":1167},"atividades":[{"id":130,"peso":17},{"id":110,"peso":18},{"id":182,"peso":5},{"id":149,"peso":9},{"id":156,"peso":11},{"id":96,"peso":1},{"id":109,"peso":2},{"id":146,"peso":11},{"id":36,"peso":13},{"id":68,"peso":7},{"id":117,"peso":17},{"id":112,"peso":9},{"id":9,"peso":5},{"id":124,"peso":4},{"id":54,"peso":17},{"id":74,"peso":3},{"id":12,"peso":10},{"id":11,"peso":1},{"id":170,"peso":16},{"id":187,"peso":20},{"id":141,"peso":20},{"id":62,"peso":16},{"id":157,"peso":13},{"id":184,"peso":12},{"id":49,"peso":1},{"id":32,"peso":1},{"id":45,"peso":6},{"id":102,"peso":1},{"id":28,"peso":20},{"id":129,"peso":6},{"id":121,"peso":7},{"id":159,"peso":15},{"id":26,"peso":10},{"id":190,"peso":19},{"id":114,"peso":20},{"id":58,"peso":2},{"id":31,"peso":7},{"id":116,"peso":13},{"id":59,"peso":15},{"id":38,"peso":2},{"id":152,"peso":16},{"id":18,"peso":10},{"id":123,"peso":15},{"id":86,"peso":9},{"id":44,"peso":14},{"id":100,"peso":6},{"id":43,"peso":14},{"id":143,"peso":19},{"id":65,"peso":12},{"id":4,"peso":7},{"id":66,"peso":9},{"id":78,"peso":19},{"id":10,"peso":18},{"id":79,"peso":7},{"id":42,"peso":15},{"id":23,"peso":6},{"id":126,"peso":11},{"id":75,"peso":2},{"id":138,"peso":6},{"id":99,"peso":12},{"id":64,"peso":6},{"id":181,"peso":3},{"id":97,"peso":3},{"id":8,"peso":0},{"id":39,"peso":18},{"id":98,"peso":10},{"id":46,"peso":4},{"id":19,"peso":4},{"id":70,"peso":12},{"id":69,"peso":6},{"id":40,"peso":13},{"id":80,"peso":12},{"id":14,"peso":15},{"id":119,"peso":12},{"id":180,"peso":20},{"id":85,"peso":10}]}