{"docente":{"nome":"Renato","departamento":"FEF","id":1406},"atividades":[{"id":166,"peso":1},{"id":72,"peso":4},{"id":131,"peso":0},{"id":178,"peso":2},{"id":116,"peso":6},{"id":56,"peso":13},{"id":176,"peso":8},{"id":24,"peso":15},{"id":163,"peso":14},{"id":182,"peso":4},{"id":189,"peso":16},{"id":31,"peso":15},{"id":192,"peso":20},{"id":174,"peso":4},{"id":138,"peso":12},{"id":46,"peso":14},{"id":39,"peso":1},{"id":191,"peso":6},{"id":195,"peso":12},{"id":84,"peso":8},{"id":140,"peso":6},{"id":130,"peso":9},{"id":29,"peso":2},{"id":32,"peso":6},{"id":91,"peso":1},{"id":193,"peso":2},{"id":41,"peso":8},{"id":34,"peso":5},{"id":15,"peso":12},{"id":108,"peso":8},{"id":3,"peso":5},{"id":146,"peso":14},{"id":148,"peso":3},{"id":17,"peso":10},{"id":49,"peso":14},{"id":126,"peso":6},{"id":187,"peso":1},{"id":35,"peso":14},{"id":11,"peso":1},{"id":172,"peso":6},{"id":33,"peso":20},{"id":95,"peso":9},{"id":117,"peso":11},{"id":85,"peso":20},{"id":90,"peso":19},{"id":173,"peso":17},{"id":96,"peso":15},{"id":81,"peso":18},{"id":168,"peso":19},{"id":145,"peso":1},{"id":52,"peso":12},{"id":105,"peso":20},{"id":190,"peso":4},{"id":45,"peso":6},{"id":86,"peso":16},{"id":80,"peso":13},{"id":109,"peso":14},{"id":179,"peso":19},{"id":1,"peso":19},{"id":16,"peso":6},{"id":153,"peso":8},{"id":37,"peso":2},{"id":93,"peso":6},{"id":42,"peso":14},{"id":10,"peso":1},{"id":111,"peso":15},{"id":158,"peso":15},{"id":92,"peso":20},{"id":164,"peso":15},{"id":57,"peso":11},{"id":76,"peso":10},{"id":144,"peso":18},{"id":58,"peso":17},{"id":55,"peso":8},{"id":128,"peso":17},{"id":125,"peso":8},{"id":112,"peso":14},{"id":8,"peso":15}]}