{"docente":{"nome":"Ingrid","departamento":"FEF","id":1260},"atividades":[{"id":157,"peso":12},{"id":129,"peso":17},{"id":122,"peso":7},{"id":194,"peso":2},{"id":10,"peso":15},{"id":134,"peso":18},{"id":32,"peso":7},{"id":175,"peso":9},{"id":148,"peso":8},{"id":113,"peso":6},{"id":85,"peso":18},{"id":65,"peso":12},{"id":119,"peso":19},{"id":181,"peso":4},{"id":52,"peso":15},{"id":147,"peso":19},{"id":142,"peso":10},{"id":12,"peso":19},{"id":2,"peso":11},{"id":176,"peso":20},{"id":25,"peso":8},{"id":152,"peso":3},{"id":82,"peso":11},{"id":169,"peso":16},{"id":110,"peso":3},{"id":118,"peso":7},{"id":7,"peso":11},{"id":171,"peso":3},{"id":24,"peso":5},{"id":124,"peso":15},{"id":166,"peso":13},{"id":59,"peso":2},{"id":172,"peso":16},{"id":99,"peso":18},{"id":20,"peso":11},{"id":190,"peso":11},{"id":145,"peso":9},{"id":8,"peso":7},{"id":183,"peso":5},{"id":123,"peso":6},{"id":69,"peso":7},{"id":40,"peso":1},{"id":144,"peso":14},{"id":26,"peso":20},{"id":56,"peso":9},{"id":51,"peso":8},{"id":156,"peso":10},{"id":83,"peso":7},{"id":136,"peso":3},{"id":188,"peso":11},{"id":11,"peso":5},{"id":47,"peso":12},{"id":105,"peso":20},{"id":116,"peso":13},{"id":88,"peso":9},{"id":72,"peso":2},{"id":185,"peso":15},{"id":70,"peso":10},{"id":174,"peso":1},{"id":104,"peso":2},{"id":57,"peso":11},{"id":132,"peso":1},{"id":179,"peso":8},{"id":92,"peso":6},{"id":198,"peso":17},{"id":96,"peso":10},{"id":1,"peso":6},{"id":127,"peso":0},{"id":128,"peso":17},{"id":197,"peso":16},{"id":41,"peso":7},{"id":17,"peso":11},{"id":154,"peso":1},{"id":186,"peso":12},{"id":120,"peso":7},{"id":167,"peso":20},{"id":150,"peso":5},{"id":93,"peso":20},{"id":4,"peso":15},{"id":18,"peso":15},{"id":64,"peso":20},{"id":19,"peso":19}]}