{"docente":{"nome":"Henrique","departamento":"ICB","id":136},"atividades":[{"id":38,"peso":0},{"id":189,"peso":0},{"id":83,"peso":16},{"id":179,"peso":5},{"id":105,"peso":6},{"id":151,"peso":13},{"id":183,"peso":9},{"id":54,"peso":8},{"id":93,"peso":9},{"id":147,"peso":7},{"id":187,"peso":5},{"id":181,"peso":18},{"id":137,"peso":15},{"id":101,"peso":19},{"id":74,"peso":7},{"id":198,"peso":19},{"id":42,"peso":0},{"id":56,"peso":2},{"id":130,"peso":15},{"id":75,"peso":14},{"id":161,"peso":11},{"id":49,"peso":9},{"id":171,"peso":17},{"id":50,"peso":20},{"id":41,"peso":18},{"id":16,"peso":16},{"id":20,"peso":18},{"id":67,"peso":4},{"id":61,"peso":13},{"id":45,"peso":20},{"id":138,"peso":11},{"id":122,"peso":5},{"id":117,"peso":1},{"id":78,"peso":19},{"id":97,"peso":3},{"id":149,"peso":9},{"id":182,"peso":7},{"id":124,"peso":10},{"id":36,"peso":9},{"id":106,"peso":16},{"id":125,"peso":15},{"id":152,"peso":10},{"id":186,"peso":5},{"id":10,"peso":18},{"id":96,"peso":6},{"id":176,"peso":1},{"id":119,"peso":7},{"id":166,"peso":18},{"id":135,"peso":14},{"id":6,"peso":11},{"id":154,"peso":2},{"id":70,"peso":1},{"id":196,"peso":14},{"id":13,"peso":17},{"id":72,"peso":4},{"id":116,"peso":20},{"id":197,"peso":6},{"id":86,"peso":18},{"id":178,"peso":13},{"id":23,"peso":17},{"id":89,"peso":16},{"id":146,"peso":10},{"id":153,"peso":20},{"id":81,"peso":11},{"id":192,"peso":12},{"id":107,"peso":3},{"id":143,"peso":11},{"id":110,"peso":15},{"id":98,"peso":7},{"id":12,"peso":14},{"id":82,"peso":0},{"id":156,"peso":6},{"id":109,"peso":15},{"id":11,"peso":17},{"id":39,"peso":1},{"id":194,"peso":8},{"id":190,"peso":13},{"id":115,"peso":4},{"id":35,"peso":17},{"id":87,"peso":17},{"id":52,"peso":12},{"id":120,"peso":15}]}