{"docente":{"nome":"Ana","departamento":"IF","id":1134},"atividades":[{"id":178,"peso":0},{"id":177,"peso":10},{"id":172,"peso":15},{"id":90,"peso":11},{"id":68,"peso":4},{"id":113,"peso":13},{"id":58,"peso":7},{"id":75,"peso":15},{"id":53,"peso":6},{"id":144,"peso":3},{"id":164,"peso":16},{"id":94,"peso":20},{"id":147,"peso":5},{"id":62,"peso":7},{"id":122,"peso":3},{"id":107,"peso":10},{"id":21,"peso":19},{"id":110,"peso":9},{"id":26,"peso":1},{"id":146,"peso":19},{"id":128,"peso":2},{"id":184,"peso":3},{"id":57,"peso":16},{"id":155,"peso":7},{"id":13,"peso":11},{"id":41,"peso":4},{"id":15,"peso":18},{"id":102,"peso":2},{"id":83,"peso":11},{"id":88,"peso":5},{"id":98,"peso":11},{"id":136,"peso":11},{"id":169,"peso":17},{"id":151,"peso":0},{"id":124,"peso":8},{"id":140,"peso":14},{"id":11,"peso":20},{"id":7,"peso":14},{"id":54,"peso":15},{"id":115,"peso":15},{"id":3,"peso":14},{"id":73,"peso":18},{"id":166,"peso":2},{"id":170,"peso":4},{"id":44,"peso":18},{"id":97,"peso":16},{"id":19,"peso":6},{"id":18,"peso":8},{"id":181,"peso":10},{"id":197,"peso":17},{"id":131,"peso":2},{"id":176,"peso":6},{"id":82,"peso":2},{"id":138,"peso":7},{"id":96,"peso":9},{"id":85,"peso":5},{"id":121,"peso":20},{"id":22,"peso":0},{"id":31,"peso":7},{"id":105,"peso":13},{"id":187,"peso":7},{"id":152,"peso":14},{"id":34,"peso":9},{"id":154,"peso":13},{"id":70,"peso":20},{"id":87,"peso":15},{"id":126,"peso":13},{"id":156,"peso":0},{"id":135,"peso":10},{"id":100,"peso":11},{"id":108,"peso":6},{"id":12,"peso":8},{"id":183,"peso":11},{"id":24,"peso":19},{"id":17,"peso":17},{"id":148,"peso":13},{"id":165,"peso":3},{"id":175,"peso":2},{"id":194,"peso":13},{"id":2,"peso":7}]}