{"docente":{"nome":"Adriana","departamento":"INF","id":1024},"atividades":[{"id":165,"peso":14},{"id":177,"peso":17},{"id":114,"peso":20},{"id":194,"peso":9},{"id":31,"peso":5},{"id":121,"peso":16},{"id":70,"peso":2},{"id":17,"peso":5},{"id":13,"peso":8},{"id":96,"peso":12},{"id":146,"peso":16},{"id":119,"peso":17},{"id":44,"peso":10},{"id":180,"peso":20},{"id":195,"peso":7},{"id":33,"peso":7},{"id":93,"peso":10},{"id":16,"peso":0},{"id":78,"peso":14},{"id":64,"peso":19},{"id":94,"peso":15},{"id":117,"peso":9},{"id":12,"peso":13},{"id":154,"peso":9},{"id":128,"peso":16},{"id":167,"peso":15},{"id":53,"peso":12},{"id":102,"peso":19},{"id":100,"peso":5},{"id":164,"peso":8},{"id":5,"peso":19},{"id":192,"peso":5},{"id":84,"peso":0},{"id":148,"peso":17},{"id":69,"peso":3},{"id":196,"peso":12},{"id":59,"peso":14},{"id":37,"peso":5},{"id":63,"peso":0},{"id":182,"peso":2},{"id":51,"peso":0},{"id":183,"peso":1},{"id":139,"peso":7},{"id":112,"peso":16},{"id":152,"peso":11},{"id":170,"peso":5},{"id":122,"peso":3},{"id":158,"peso":11},{"id":176,"peso":4},{"id":95,"peso":19},{"id":45,"peso":14},{"id":157,"peso":5},{"id":136,"peso":17},{"id":40,"peso":13},{"id":77,"peso":10},{"id":30,"peso":13},{"id":50,"peso":15},{"id":191,"peso":14},{"id":83,"peso":14},{"id":198,"peso":2},{"id":137,"peso":8},{"id":104,"peso":3},{"id":184,"peso":0},{"id":25,"peso":15},{"id":131,"peso":7},{"id":171,"peso":17},{"id":169,"peso":1},{"id":159,"peso":12},{"id":103,"peso":5},{"id":126,"peso":5},{"id":80,"peso":16},{"id":60,"peso":8},{"id":105,"peso":12},{"id":99,"peso":9},{"id":197,"peso":7},{"id":8,"peso":11},{"id":97,"peso":15},{"id":130,"peso":18},{"id":107,"peso":2},{"id":147,"peso":17},{"id":46,"peso":16},{"id":90,"peso":11},{"id":23,"peso":6},{"id":187,"peso":17},{"id":62,"peso":18},{"id":42,"peso":7}]}