{"docente":{"nome":"Fabio","departamento":"IQ","id":1027},"atividades":[{"id":125,"peso":2},{"id":43,"peso":10},{"id":90,"peso":19},{"id":41,"peso":14},{"id":107,"peso":15},{"id":156,"peso":6},{"id":186,"peso":19},{"id":137,"peso":11},{"id":1,"peso":9},{"id":77,"peso":10},{"id":121,"peso":4},{"id":190,"peso":6},{"id":159,"peso":3},{"id":67,"peso":8},{"id":82,"peso":20},{"id":185,"peso":12},{"id":97,"peso":19},{"id":126,"peso":2},{"id":143,"peso":2},{"id":61,"peso":16},{"id":89,"peso":17},{"id":40,"peso":1},{"id":148,"peso":13},{"id":115,"peso":3},{"id":63,"peso":3},{"id":173,"peso":18},{"id":164,"peso":9},{"id":109,"peso":11},{"id":6,"peso":18},{"id":48,"peso":7},{"id":101,"peso":19},{"id":91,"peso":12},{"id":23,"peso":14},{"id":60,"peso":10},{"id":69,"peso":20},{"id":20,"peso":19},{"id":140,"peso":13},{"id":24,"peso":15},{"id":169,"peso":14},{"id":26,"peso":15},{"id":113,"peso":13},{"id":104,"peso":2},{"id":30,"peso":6},{"id":85,"peso":17},{"id":45,"peso":20},{"id":59,"peso":10},{"id":195,"peso":9},{"id":119,"peso":6},{"id":145,"peso":15},{"id":166,"peso":2},{"id":29,"peso":16},{"id":47,"peso":0},{"id":167,"peso":14},{"id":8,"peso":4},{"id":105,"peso":20},{"id":28,"peso":11},{"id":177,"peso":10},{"id":122,"peso":3},{"id":163,"peso":5},{"id":95,"peso":9},{"id":100,"peso":5},{"id":14,"peso":17},{"id":66,"peso":17},{"id":130,"peso":3},{"id":181,"peso":3},{"id":25,"peso":9},{"id":142,"peso":2},{"id":179,"peso":13},{"id":72,"peso":10},{"id":127,"peso":18},{"id":17,"peso":0},{"id":88,"peso":2},{"id":151,"peso":17},{"id":112,"peso":7}]}