{"docente":{"nome":"Murilo","departamento":"INF","id":127},"atividades":[{"id":46,"peso":20},{"id":8,"peso":4},{"id":168,"peso":14},{"id":148,"peso":11},{"id":84,"peso":16},{"id":67,"peso":11},{"id":43,"peso":19},{"id":118,"peso":2},{"id":14,"peso":10},{"id":83,"peso":3},{"id":85,"peso":7},{"id":110,"peso":13},{"id":54,"peso":15},{"id":154,"peso":16},{"id":41,"peso":0},{"id":187,"peso":10},{"id":131,"peso":12},{"id":102,"peso":12},{"id":96,"peso":8},{"id":50,"peso":1},{"id":28,"peso":13},{"id":55,"peso":7},{"id":186,"peso":9},{"id":12,"peso":19},{"id":179,"peso":8},{"id":160,"peso":19},{"id":111,"peso":10},{"id":182,"peso":7},{"id":16,"peso":14},{"id":161,"peso":14},{"id":79,"peso":17},{"id":155,"peso":4},{"id":91,"peso":11},{"id":99,"peso":12},{"id":82,"peso":5},{"id":103,"peso":3},{"id":48,"peso":4},{"id":116,"peso":3},{"id":5,"peso":12},{"id":69,"peso":17},{"id":95,"peso":2},{"id":114,"peso":10},{"id":29,"peso":19},{"id":149,"peso":13},{"id":176,"peso":3},{"id":23,"peso":1},{"id":130,"peso":9},{"id":178,"peso":18},{"id":66,"peso":13},{"id":11,"peso":8},{"id":165,"peso":14},{"id":175,"peso":18},{"id":122,"peso":13},{"id":60,"peso":13},{"id":63,"peso":5},{"id":194,"peso":5},{"id":89,"peso":3},{"id":72,"peso":20},{"id":119,"peso":3},{"id":37,"peso":4},{"id":70,"peso":20},{"id":38,"peso":9},{"id":191,"peso":9},{"id":123,"peso":4},{"id":44,"peso":8},{"id":141,"peso":14},{"id":139,"peso":18},{"id":132,"peso":12},{"id":51,"peso":12},{"id":21,"peso":14},{"id":167,"peso":11},{"id":107,"peso":11},{"id":68,"peso":10},{"id":121,"peso":6},{"id":25,"peso":3},{"id":174,"peso":1},{"id":105,"peso":19}]}