{"docente":{"nome":"Ingrid","departamento":"FEF","id":105},"atividades":[{"id":179,"peso":18},{"id":93,"peso":17},{"id":91,"peso":7},{"id":167,"peso":16},{"id":137,"peso":2},{"id":121,"peso":17},{"id":118,"peso":9},{"id":89,"peso":2},{"id":63,"peso":4},{"id":86,"peso":1},{"id":16,"peso":11},{"id":140,"peso":12},{"id":139,"peso":10},{"id":176,"peso":1},{"id":145,"peso":8},{"id":165,"peso":10},{"id":34,"peso":0},{"id":73,"peso":11},{"id":59,"peso":8},{"id":153,"peso":13},{"id":17,"peso":8},{"id":38,"peso":2},{"id":9,"peso":15},{"id":2,"peso":0},{"id":119,"peso":12},{"id":77,"peso":1},{"id":31,"peso":17},{"id":13,"peso":10},{"id":158,"peso":8},{"id":142,"peso":10},{"id":28,"peso":15},{"id":8,"peso":18},{"id":25,"peso":9},{"id":122,"peso":2},{"id":49,"peso":20},{"id":114,"peso":16},{"id":5,"peso":0},{"id":196,"peso":8},{"id":110,"peso":17},{"id":96,"peso":10},{"id":102,"peso":10},{"id":170,"peso":12},{"id":79,"peso":14},{"id":132,"peso":9},{"id":87,"peso":11},{"id":106,"peso":3},{"id":155,"peso":11},{"id":146,"peso":2},{"id":10,"peso":4},{"id":66,"peso":8},{"id":148,"peso":13},{"id":168,"peso":17},{"id":1,"peso":1},{"id":94,"peso":18},{"id":174,"peso":11},{"id":11,"peso":15},{"id":83,"peso":14},{"id":151,"peso":15},{"id":105,"peso":13},{"id":134,"peso":16},{"id":36,"peso":7},{"id":193,"peso":10},{"id":157,"peso":0},{"id":171,"peso":11},{"id":85,"peso":12},{"id":107,"peso":14},{"id":6,"peso":17},{"id":32,"peso":8},{"id":20,"peso":6},{"id":104,"peso":10},{"id":117,"peso":20},{"id":42,"peso":18},{"id":81,"peso":13},{"id":30,"peso":8},{"id":159,"peso":7},{"id":173,"peso":20},{"id":161,"peso":14},{"id":192,"peso":12},{"id":154,"peso":13},{"id":57,"peso":6}]}