{"docente":{"nome":"Adriana","departamento":"IF","id":1297},"atividades":[{"id":175,"peso":16},{"id":61,"peso":16},{"id":98,"peso":6},{"id":151,"peso":18},{"id":23,"peso":1},{"id":41,"peso":0},{"id":148,"peso":8},{"id":140,"peso":20},{"id":192,"peso":2},{"id":37,"peso":17},{"id":63,"peso":20},{"id":85,"peso":11},{"id":72,"peso":10},{"id":156,"peso":3},{"id":43,"peso":14},{"id":2,"peso":2},{"id":168,"peso":3},{"id":167,"peso":10},{"id":52,"peso":7},{"id":47,"peso":10},{"id":165,"peso":11},{"id":36,"peso":5},{"id":188,"peso":8},{"id":111,"peso":10},{"id":89,"peso":11},{"id":57,"peso":2},{"id":20,"peso":10},{"id":182,"peso":16},{"id":142,"peso":12},{"id":179,"peso":12},{"id":97,"peso":14},{"id":32,"peso":16},{"id":152,"peso":19},{"id":13,"peso":16},{"id":96,"peso":15},{"id":198,"peso":9},{"id":173,"peso":15},{"id":16,"peso":16},{"id":119,"peso":7},{"id":90,"peso":18},{"id":39,"peso":12},{"id":189,"peso":2},{"id":40,"peso":16},{"id":123,"peso":17},{"id":116,"peso":8},{"id":108,"peso":3},{"id":117,"peso":5},{"id":139,"peso":9},{"id":112,"peso":6},{"id":58,"peso":15},{"id":191,"peso":12},{"id":154,"peso":4},{"id":162,"peso":10},{"id":70,"peso":18},{"id":66,"peso":11},{"id":136,"peso":15},{"id":30,"peso":18},{"id":158,"peso":16},{"id":120,"peso":18},{"id":106,"peso":12},{"id":125,"peso":7},{"id":10,"peso":15},{"id":180,"peso":19},{"id":95,"peso":17},{"id":21,"peso":19},{"id":147,"peso":10},{"id":155,"peso":13},{"id":174,"peso":14},{"id":25,"peso":14},{"id":109,"peso":5},{"id":159,"peso":15},{"id":130,"peso":14},{"id":184,"peso":20},{"id":51,"peso":9},{"id":74,"peso":1},{"id":6,"peso":6},{"id":35,"peso":15},{"id":55,"peso":9},{"id":64,"peso":6},{"id":50,"peso":6},{"id":185,"peso":18}]}