{"docente":{"nome":"Pedro","departamento":"IQ","id":1240},"atividades":[{"id":3,"peso":8},{"id":164,"peso":11},{"id":106,"peso":3},{"id":90,"peso":0},{"id":105,"peso":12},{"id":69,"peso":9},{"id":147,"peso":12},{"id":110,"peso":14},{"id":152,"peso":12},{"id":55,"peso":17},{"id":21,"peso":7},{"id":49,"peso":1},{"id":114,"peso":6},{"id":168,"peso":1},{"id":63,"peso":3},{"id":1,"peso":17},{"id":134,"peso":16},{"id":127,"peso":20},{"id":96,"peso":17},{"id":116,"peso":0},{"id":31,"peso":11},{"id":185,"peso":3},{"id":118,"peso":5},{"id":132,"peso":2},{"id":149,"peso":0},{"id":76,"peso":20},{"id":47,"peso":3},{"id":160,"peso":7},{"id":74,"peso":8},{"id":60,"peso":15},{"id":84,"peso":14},{"id":159,"peso":19},{"id":81,"peso":19},{"id":139,"peso":6},{"id":111,"peso":11},{"id":124,"peso":20},{"id":177,"peso":15},{"id":79,"peso":18},{"id":29,"peso":11},{"id":197,"peso":17},{"id":33,"peso":20},{"id":183,"peso":20},{"id":83,"peso":6},{"id":62,"peso":6},{"id":113,"peso":8},{"id":38,"peso":10},{"id":162,"peso":20},{"id":88,"peso":8},{"id":196,"peso":16},{"id":71,"peso":17},{"id":34,"peso":1},{"id":17,"peso":8},{"id":100,"peso":1},{"id":42,"peso":7},{"id":53,"peso":17},{"id":19,"peso":11},{"id":72,"peso":0},{"id":148,"peso":1},{"id":182,"peso":16},{"id":128,"peso":18},{"id":5,"peso":1},{"id":191,"peso":18},{"id":26,"peso":1},{"id":80,"peso":1},{"id":198,"peso":19},{"id":135,"peso":19},{"id":75,"peso":5},{"id":9,"peso":10},{"id":94,"peso":20},{"id":93,"peso":4},{"id":186,"peso":20},{"id":169,"peso":4},{"id":27,"peso":15},{"id":174,"peso":3},{"id":2,"peso":18},{"id":133,"peso":7},{"id":41,"peso":6}]}