{"docente":{"nome":"Berenice","departamento":"FEF","id":1298},"atividades":[{"id":109,"peso":16},{"id":159,"peso":2},{"id":7,"peso":12},{"id":105,"peso":2},{"id":33,"peso":2},{"id":141,"peso":3},{"id":53,"peso":2},{"id":12,"peso":11},{"id":99,"peso":0},{"id":170,"peso":17},{"id":67,"peso":13},{"id":140,"peso":16},{"id":108,"peso":15},{"id":83,"peso":20},{"id":48,"peso":7},{"id":57,"peso":0},{"id":183,"peso":17},{"id":124,"peso":1},{"id":136,"peso":11},{"id":148,"peso":1},{"id":173,"peso":12},{"id":126,"peso":8},{"id":36,"peso":11},{"id":180,"peso":18},{"id":16,"peso":1},{"id":175,"peso":8},{"id":185,"peso":1},{"id":50,"peso":5},{"id":110,"peso":13},{"id":153,"peso":8},{"id":96,"peso":13},{"id":116,"peso":11},{"id":51,"peso":9},{"id":42,"peso":4},{"id":168,"peso":8},{"id":62,"peso":20},{"id":121,"peso":15},{"id":165,"peso":20},{"id":157,"peso":5},{"id":131,"peso":4},{"id":69,"peso":5},{"id":90,"peso":8},{"id":6,"peso":18},{"id":84,"peso":15},{"id":59,"peso":13},{"id":11,"peso":1},{"id":91,"peso":2},{"id":46,"peso":15},{"id":194,"peso":12},{"id":76,"peso":12},{"id":88,"peso":1},{"id":104,"peso":12},{"id":103,"peso":4},{"id":20,"peso":0},{"id":34,"peso":9},{"id":118,"peso":14},{"id":29,"peso":8},{"id":162,"peso":14},{"id":101,"peso":16},{"id":113,"peso":14},{"id":146,"peso":4},{"id":18,"peso":5},{"id":147,"peso":5},{"id":163,"peso":19},{"id":95,"peso":4},{"id":60,"peso":6},{"id":142,"peso":14},{"id":176,"peso":11},{"id":63,"peso":15},{"id":97,"peso":2},{"id":139,"peso":8},{"id":164,"peso":15},{"id":195,"peso":0},{"id":193,"peso":0}]}