{"docente":{"nome":"Karla","departamento":"FEF","id":1087},"atividades":[{"id":99,"peso":2},{"id":85,"peso":6},{"id":154,"peso":18},{"id":74,"peso":3},{"id":118,"peso":15},{"id":138,"peso":11},{"id":48,"peso":12},{"id":5,"peso":0},{"id":134,"peso":1},{"id":117,"peso":0},{"id":98,"peso":10},{"id":36,"peso":10},{"id":133,"peso":6},{"id":171,"peso":3},{"id":112,"peso":16},{"id":57,"peso":14},{"id":161,"peso":5},{"id":131,"peso":0},{"id":126,"peso":6},{"id":66,"peso":18},{"id":101,"peso":15},{"id":153,"peso":20},{"id":127,"peso":8},{"id":60,"peso":4},{"id":137,"peso":7},{"id":116,"peso":20},{"id":51,"peso":16},{"id":197,"peso":19},{"id":169,"peso":14},{"id":156,"peso":14},{"id":34,"peso":18},{"id":195,"peso":19},{"id":192,"peso":16},{"id":47,"peso":20},{"id":84,"peso":16},{"id":93,"peso":16},{"id":2,"peso":20},{"id":189,"peso":4},{"id":17,"peso":9},{"id":130,"peso":9},{"id":64,"peso":5},{"id":160,"peso":0},{"id":37,"peso":8},{"id":15,"peso":17},{"id":65,"peso":20},{"id":33,"peso":11},{"id":114,"peso":6},{"id":22,"peso":5},{"id":43,"peso":9},{"id":7,"peso":8},{"id":45,"peso":8},{"id":10,"peso":1},{"id":142,"peso":0},{"id":166,"peso":17},{"id":52,"peso":3},{"id":146,"peso":3},{"id":38,"peso":1},{"id":102,"peso":20},{"id":6,"peso":18},{"id":21,"peso":14},{"id":178,"peso":13},{"id":155,"peso":10},{"id":182,"peso":4},{"id":91,"peso":9},{"id":49,"peso":8},{"id":56,"peso":19},{"id":96,"peso":15},{"id":44,"peso":16},{"id":88,"peso":18},{"id":181,"peso":13},{"id":9,"peso":13},{"id":168,"peso":13},{"id":59,"peso":17},{"id":29,"peso":2},{"id":123,"peso":3},{"id":19,"peso":4},{"id":145,"peso":14},{"id":184,"peso":13},{"id":194,"peso":6}]}