{"docente":{"nome":"Henrique","departamento":"ICB","id":1330},"atividades":[{"id":2,"peso":13},{"id":7,"peso":18},{"id":48,"peso":13},{"id":188,"peso":2},{"id":109,"peso":6},{"id":45,"peso":12},{"id":146,"peso":3},{"id":83,"peso":10},{"id":132,"peso":4},{"id":10,"peso":16},{"id":22,"peso":13},{"id":54,"peso":18},{"id":196,"peso":4},{"id":168,"peso":14},{"id":99,"peso":19},{"id":37,"peso":5},{"id":135,"peso":17},{"id":165,"peso":5},{"id":47,"peso":3},{"id":163,"peso":14},{"id":108,"peso":16},{"id":112,"peso":2},{"id":6,"peso":15},{"id":32,"peso":0},{"id":160,"peso":7},{"id":97,"peso":6},{"id":84,"peso":8},{"id":1,"peso":18},{"id":161,"peso":14},{"id":153,"peso":17},{"id":74,"peso":20},{"id":88,"peso":14},{"id":177,"peso":9},{"id":103,"peso":3},{"id":111,"peso":5},{"id":79,"peso":7},{"id":141,"peso":12},{"id":66,"peso":6},{"id":107,"peso":3},{"id":26,"peso":16},{"id":70,"peso":8},{"id":23,"peso":3},{"id":147,"peso":0},{"id":122,"peso":15},{"id":137,"peso":19},{"id":78,"peso":5},{"id":31,"peso":13},{"id":51,"peso":5},{"id":155,"peso":7},{"id":173,"peso":3},{"id":105,"peso":16},{"id":125,"peso":9},{"id":92,"peso":1},{"id":60,"peso":15},{"id":5,"peso":1},{"id":123,"peso":12},{"id":110,"peso":8},{"id":114,"peso":12},{"id":90,"peso":18},{"id":186,"peso":6},{"id":62,"peso":17},{"id":113,"peso":4},{"id":16,"peso":14},{"id":133,"peso":10},{"id":46,"peso":0},{"id":164,"peso":15},{"id":89,"peso":5},{"id":68,"peso":4},{"id":106,"peso":3},{"id":61,"peso":17},{"id":3,"peso":12},{"id":44,"peso":19},{"id":76,"peso":3},{"id":180,"peso":6},{"id":130,"peso":10},{"id":181,"peso":7},{"id":119,"peso":14}]}