{"docente":{"nome":"Joao","departamento":"FEF","id":1305},"atividades":[{"id":23,"peso":16},{"id":110,"peso":15},{"id":51,"peso":11},{"id":111,"peso":8},{"id":26,"peso":14},{"id":17,"peso":6},{"id":141,"peso":11},{"id":14,"peso":19},{"id":185,"peso":5},{"id":61,"peso":1},{"id":90,"peso":10},{"id":135,"peso":19},{"id":162,"peso":10},{"id":83,"peso":16},{"id":76,"peso":0},{"id":2,"peso":10},{"id":166,"peso":2},{"id":79,"peso":4},{"id":27,"peso":6},{"id":30,"peso":18},{"id":129,"peso":7},{"id":145,"peso":1},{"id":150,"peso":7},{"id":70,"peso":18},{"id":89,"peso":5},{"id":25,"peso":11},{"id":177,"peso":5},{"id":15,"peso":15},{"id":178,"peso":1},{"id":38,"peso":6},{"id":6,"peso":12},{"id":142,"peso":7},{"id":5,"peso":15},{"id":189,"peso":1},{"id":132,"peso":6},{"id":91,"peso":18},{"id":175,"peso":17},{"id":1,"peso":5},{"id":114,"peso":7},{"id":160,"peso":11},{"id":134,"peso":11},{"id":194,"peso":0},{"id":173,"peso":10},{"id":106,"peso":16},{"id":125,"peso":12},{"id":33,"peso":0},{"id":21,"peso":11},{"id":34,"peso":15},{"id":35,"peso":2},{"id":40,"peso":4},{"id":31,"peso":2},{"id":28,"peso":7},{"id":94,"peso":7},{"id":77,"peso":16},{"id":176,"peso":7},{"id":105,"peso":6},{"id":50,"peso":17},{"id":104,"peso":5},{"id":48,"peso":15},{"id":13,"peso":3},{"id":68,"peso":4},{"id":165,"peso":0},{"id":52,"peso":14},{"id":66,"peso":18},{"id":190,"peso":16},{"id":171,"peso":20},{"id":117,"peso":17},{"id":36,"peso":11},{"id":100,"peso":2},{"id":73,"peso":14},{"id":128,"peso":15},{"id":18,"peso":14},{"id":193,"peso":6},{"id":97,"peso":14},{"id":146,"peso":8},{"id":39,"peso":10},{"id":42,"peso":2},{"id":191,"peso":19},{"id":167,"peso":15},{"id":102,"peso":15},{"id":7,"peso":13},{"id":192,"peso":12},{"id":164,"peso":19},{"id":198,"peso":0}]}