{"docente":{"nome":"Maria","departamento":"ICB","id":1337},"atividades":[{"id":118,"peso":17},{"id":80,"peso":6},{"id":193,"peso":14},{"id":119,"peso":0},{"id":89,"peso":2},{"id":184,"peso":0},{"id":148,"peso":14},{"id":189,"peso":11},{"id":35,"peso":8},{"id":83,"peso":5},{"id":115,"peso":11},{"id":44,"peso":11},{"id":8,"peso":10},{"id":19,"peso":0},{"id":137,"peso":5},{"id":162,"peso":19},{"id":123,"peso":18},{"id":182,"peso":1},{"id":51,"peso":13},{"id":168,"peso":6},{"id":172,"peso":14},{"id":81,"peso":6},{"id":88,"peso":0},{"id":40,"peso":11},{"id":188,"peso":16},{"id":30,"peso":14},{"id":111,"peso":10},{"id":147,"peso":10},{"id":132,"peso":1},{"id":157,"peso":4},{"id":22,"peso":19},{"id":107,"peso":14},{"id":161,"peso":18},{"id":163,"peso":2},{"id":13,"peso":1},{"id":158,"peso":19},{"id":46,"peso":10},{"id":56,"peso":2},{"id":38,"peso":4},{"id":5,"peso":4},{"id":18,"peso":20},{"id":121,"peso":16},{"id":2,"peso":12},{"id":14,"peso":12},{"id":155,"peso":11},{"id":104,"peso":7},{"id":139,"peso":5},{"id":94,"peso":18},{"id":125,"peso":8},{"id":3,"peso":18},{"id":169,"peso":16},{"id":65,"peso":3},{"id":197,"peso":3},{"id":142,"peso":15},{"id":39,"peso":9},{"id":156,"peso":17},{"id":103,"peso":1},{"id":165,"peso":19},{"id":186,"peso":8},{"id":7,"peso":8},{"id":149,"peso":3},{"id":131,"peso":7},{"id":57,"peso":10},{"id":128,"peso":12},{"id":87,"peso":2},{"id":100,"peso":18},{"id":127,"peso":2},{"id":146,"peso":13},{"id":68,"peso":17},{"id":60,"peso":20},{"id":61,"peso":9},{"id":48,"peso":5},{"id":99,"peso":5},{"id":67,"peso":18},{"id":85,"peso":3},{"id":21,"peso":2},{"id":36,"peso":0},{"id":95,"peso":9}]}