{"docente":{"nome":"Marcelo","departamento":"INF","id":1291},"atividades":[{"id":186,"peso":11},{"id":178,"peso":0},{"id":34,"peso":15},{"id":63,"peso":3},{"id":13,"peso":15},{"id":143,"peso":19},{"id":35,"peso":5},{"id":96,"peso":3},{"id":48,"peso":7},{"id":189,"peso":12},{"id":10,"peso":6},{"id":88,"peso":8},{"id":56,"peso":8},{"id":93,"peso":11},{"id":113,"peso":16},{"id":46,"peso":16},{"id":91,"peso":20},{"id":40,"peso":5},{"id":111,"peso":8},{"id":64,"peso":11},{"id":98,"peso":11},{"id":87,"peso":18},{"id":37,"peso":8},{"id":195,"peso":2},{"id":127,"peso":1},{"id":60,"peso":4},{"id":164,"peso":2},{"id":97,"peso":16},{"id":79,"peso":7},{"id":167,"peso":16},{"id":84,"peso":14},{"id":181,"peso":16},{"id":182,"peso":20},{"id":139,"peso":7},{"id":104,"peso":7},{"id":177,"peso":17},{"id":19,"peso":16},{"id":116,"peso":13},{"id":22,"peso":19},{"id":115,"peso":15},{"id":31,"peso":18},{"id":133,"peso":12},{"id":42,"peso":2},{"id":128,"peso":7},{"id":166,"peso":11},{"id":53,"peso":3},{"id":131,"peso":19},{"id":82,"peso":18},{"id":169,"peso":18},{"id":154,"peso":1},{"id":73,"peso":4},{"id":55,"peso":14},{"id":90,"peso":13},{"id":152,"peso":17},{"id":14,"peso":13},{"id":3,"peso":14},{"id":142,"peso":16},{"id":197,"peso":7},{"id":89,"peso":13},{"id":47,"peso":11},{"id":81,"peso":6},{"id":196,"peso":17},{"id":158,"peso":18},{"id":114,"peso":20},{"id":102,"peso":7},{"id":144,"peso":11},{"id":8,"peso":17},{"id":151,"peso":9},{"id":16,"peso":13},{"id":185,"peso":3},{"id":77,"peso":10},{"id":27,"peso":16},{"id":103,"peso":12},{"id":117,"peso":8},{"id":21,"peso":14},{"id":136,"peso":11},{"id":150,"peso":11},{"id":130,"peso":4},{"id":160,"peso":1},{"id":12,"peso":9},{"id":123,"peso":20},{"id":86,"peso":1},{"id":29,"peso":8},{"id":157,"peso":17},{"id":32,"peso":13},{"id":188,"peso":17},{"id":44,"peso":17}]}