{"docente":{"nome":"Auri","departamento":"IF","id":1404},"atividades":[{"id":82,"peso":12},{"id":126,"peso":4},{"id":65,"peso":15},{"id":30,"peso":17},{"id":148,"peso":10},{"id":46,"peso":10},{"id":103,"peso":18},{"id":9,"peso":12},{"id":113,"peso":15},{"id":35,"peso":7},{"id":197,"peso":9},{"id":186,"peso":7},{"id":185,"peso":11},{"id":128,"peso":9},{"id":37,"peso":10},{"id":84,"peso":13},{"id":96,"peso":0},{"id":108,"peso":14},{"id":22,"peso":2},{"id":117,"peso":9},{"id":55,"peso":20},{"id":58,"peso":1},{"id":121,"peso":3},{"id":60,"peso":20},{"id":137,"peso":18},{"id":110,"peso":12},{"id":56,"peso":13},{"id":150,"peso":18},{"id":115,"peso":6},{"id":195,"peso":3},{"id":86,"peso":13},{"id":169,"peso":6},{"id":111,"peso":8},{"id":132,"peso":13},{"id":162,"peso":11},{"id":50,"peso":18},{"id":129,"peso":3},{"id":87,"peso":15},{"id":114,"peso":16},{"id":61,"peso":13},{"id":12,"peso":10},{"id":131,"peso":3},{"id":15,"peso":3},{"id":190,"peso":4},{"id":90,"peso":19},{"id":62,"peso":13},{"id":19,"peso":15},{"id":140,"peso":12},{"id":102,"peso":14},{"id":168,"peso":18},{"id":153,"peso":7},{"id":100,"peso":6},{"id":97,"peso":19},{"id":191,"peso":14},{"id":136,"peso":3},{"id":51,"peso":13},{"id":171,"peso":1},{"id":194,"peso":1},{"id":72,"peso":11},{"id":174,"peso":13},{"id":24,"peso":4},{"id":155,"peso":8},{"id":164,"peso":0},{"id":29,"peso":13},{"id":196,"peso":2},{"id":182,"peso":4},{"id":183,"peso":20},{"id":105,"peso":9},{"id":112,"peso":17},{"id":125,"peso":6},{"id":180,"peso":3},{"id":34,"peso":17},{"id":149,"peso":8},{"id":31,"peso":18},{"id":73,"peso":3},{"id":88,"peso":5}]}