{"docente":{"nome":"Fabio","departamento":"FEF","id":121},"atividades":[{"id":18,"peso":18},{"id":29,"peso":5},{"id":182,"peso":12},{"id":44,"peso":1},{"id":121,"peso":7},{"id":51,"peso":16},{"id":129,"peso":16},{"id":13,"peso":8},{"id":25,"peso":12},{"id":40,"peso":1},{"id":89,"peso":6},{"id":122,"peso":6},{"id":76,"peso":6},{"id":42,"peso":6},{"id":93,"peso":17},{"id":142,"peso":11},{"id":170,"peso":13},{"id":167,"peso":1},{"id":159,"peso":12},{"id":111,"peso":10},{"id":24,"peso":4},{"id":127,"peso":7},{"id":8,"peso":12},{"id":162,"peso":13},{"id":174,"peso":17},{"id":37,"peso":17},{"id":101,"peso":15},{"id":39,"peso":6},{"id":52,"peso":19},{"id":188,"peso":12},{"id":160,"peso":12},{"id":117,"peso":16},{"id":141,"peso":5},{"id":169,"peso":14},{"id":186,"peso":12},{"id":157,"peso":3},{"id":15,"peso":14},{"id":62,"peso":14},{"id":187,"peso":0},{"id":26,"peso":20},{"id":66,"peso":10},{"id":109,"peso":8},{"id":102,"peso":8},{"id":35,"peso":3},{"id":156,"peso":8},{"id":1,"peso":17},{"id":190,"peso":4},{"id":181,"peso":12},{"id":197,"peso":15},{"id":96,"peso":19},{"id":151,"peso":12},{"id":140,"peso":12},{"id":113,"peso":6},{"id":130,"peso":5},{"id":74,"peso":13},{"id":165,"peso":2},{"id":154,"peso":15},{"id":6,"peso":9},{"id":152,"peso":7},{"id":172,"peso":9},{"id":192,"peso":19},{"id":47,"peso":3},{"id":22,"peso":18},{"id":107,"peso":18},{"id":83,"peso":5},{"id":161,"peso":12},{"id":53,"peso":14},{"id":84,"peso":17},{"id":90,"peso":3},{"id":80,"peso":20},{"id":118,"peso":3},{"id":28,"peso":17},{"id":57,"peso":8},{"id":46,"peso":8},{"id":72,"peso":10},{"id":179,"peso":14},{"id":106,"peso":20},{"id":10,"peso":6},{"id":2,"peso":19},{"id":68,"peso":11},{"id":105,"peso":1}]}