{"docente":{"nome":"Guilherme","departamento":"INF","id":1148},"atividades":[{"id":8,"peso":16},{"id":144,"peso":8},{"id":4,"peso":16},{"id":108,"peso":2},{"id":117,"peso":14},{"id":57,"peso":16},{"id":7,"peso":3},{"id":125,"peso":5},{"id":192,"peso":4},{"id":163,"peso":18},{"id":120,"peso":10},{"id":153,"peso":9},{"id":29,"peso":18},{"id":99,"peso":8},{"id":152,"peso":17},{"id":53,"peso":6},{"id":86,"peso":4},{"id":23,"peso":1},{"id":105,"peso":3},{"id":145,"peso":19},{"id":173,"peso":9},{"id":56,"peso":8},{"id":164,"peso":16},{"id":137,"peso":18},{"id":136,"peso":1},{"id":84,"peso":11},{"id":167,"peso":2},{"id":12,"peso":10},{"id":174,"peso":9},{"id":135,"peso":20},{"id":178,"peso":8},{"id":102,"peso":15},{"id":21,"peso":14},{"id":49,"peso":16},{"id":103,"peso":19},{"id":168,"peso":6},{"id":75,"peso":1},{"id":88,"peso":12},{"id":24,"peso":3},{"id":196,"peso":14},{"id":166,"peso":16},{"id":78,"peso":20},{"id":104,"peso":1},{"id":30,"peso":0},{"id":157,"peso":10},{"id":165,"peso":10},{"id":184,"peso":4},{"id":198,"peso":16},{"id":143,"peso":10},{"id":127,"peso":1},{"id":98,"peso":0},{"id":14,"peso":4},{"id":183,"peso":1},{"id":85,"peso":6},{"id":114,"peso":10},{"id":48,"peso":2},{"id":25,"peso":16},{"id":67,"peso":3},{"id":16,"peso":7},{"id":83,"peso":20},{"id":80,"peso":2},{"id":128,"peso":14},{"id":33,"peso":6},{"id":10,"peso":13},{"id":189,"peso":2},{"id":176,"peso":12},{"id":132,"peso":1},{"id":124,"peso":18},{"id":20,"peso":19},{"id":113,"peso":0},{"id":38,"peso":0},{"id":122,"peso":20},{"id":130,"peso":7},{"id":72,"peso":4},{"id":46,"peso":18},{"id":64,"peso":18},{"id":151,"peso":20},{"id":22,"peso":3},{"id":191,"peso":15},{"id":52,"peso":5}]}