{"docente":{"nome":"Pedro","departamento":"FIC","id":1086},"atividades":[{"id":146,"peso":15},{"id":156,"peso":16},{"id":78,"peso":1},{"id":189,"peso":15},{"id":90,"peso":6},{"id":186,"peso":18},{"id":62,"peso":14},{"id":58,"peso":8},{"id":48,"peso":1},{"id":126,"peso":11},{"id":87,"peso":18},{"id":22,"peso":14},{"id":55,"peso":6},{"id":95,"peso":2},{"id":43,"peso":17},{"id":140,"peso":6},{"id":40,"peso":1},{"id":89,"peso":16},{"id":137,"peso":7},{"id":16,"peso":18},{"id":101,"peso":20},{"id":197,"peso":0},{"id":109,"peso":10},{"id":36,"peso":20},{"id":123,"peso":18},{"id":112,"peso":5},{"id":105,"peso":16},{"id":163,"peso":19},{"id":24,"peso":14},{"id":4,"peso":9},{"id":61,"peso":16},{"id":26,"peso":11},{"id":166,"peso":0},{"id":19,"peso":0},{"id":63,"peso":17},{"id":9,"peso":15},{"id":110,"peso":14},{"id":49,"peso":8},{"id":99,"peso":4},{"id":25,"peso":19},{"id":168,"peso":11},{"id":70,"peso":11},{"id":177,"peso":7},{"id":7,"peso":18},{"id":179,"peso":18},{"id":194,"peso":17},{"id":133,"peso":3},{"id":173,"peso":0},{"id":32,"peso":9},{"id":149,"peso":7},{"id":80,"peso":3},{"id":185,"peso":3},{"id":114,"peso":14},{"id":39,"peso":12},{"id":135,"peso":10},{"id":64,"peso":17},{"id":82,"peso":10},{"id":193,"peso":16},{"id":17,"peso":10},{"id":115,"peso":11},{"id":88,"peso":2},{"id":14,"peso":16},{"id":125,"peso":17},{"id":92,"peso":2},{"id":71,"peso":3},{"id":23,"peso":17},{"id":31,"peso":3},{"id":147,"peso":15},{"id":75,"peso":16},{"id":85,"peso":5},{"id":153,"peso":9},{"id":106,"peso":15},{"id":73,"peso":18},{"id":5,"peso":4},{"id":57,"peso":10},{"id":159,"peso":12}]}