{"docente":{"nome":"Pedro","departamento":"FIC","id":1425},"atividades":[{"id":61,"peso":20},{"id":49,"peso":14},{"id":92,"peso":8},{"id":132,"peso":2},{"id":99,"peso":17},{"id":80,"peso":8},{"id":13,"peso":2},{"id":82,"peso":0},{"id":2,"peso":3},{"id":157,"peso":13},{"id":51,"peso":3},{"id":192,"peso":1},{"id":114,"peso":17},{"id":70,"peso":8},{"id":54,"peso":8},{"id":122,"peso":4},{"id":4,"peso":4},{"id":96,"peso":3},{"id":31,"peso":4},{"id":118,"peso":18},{"id":91,"peso":13},{"id":48,"peso":0},{"id":183,"peso":1},{"id":168,"peso":15},{"id":116,"peso":1},{"id":83,"peso":6},{"id":34,"peso":19},{"id":87,"peso":3},{"id":138,"peso":2},{"id":60,"peso":13},{"id":144,"peso":5},{"id":108,"peso":11},{"id":196,"peso":14},{"id":191,"peso":4},{"id":149,"peso":17},{"id":151,"peso":19},{"id":187,"peso":12},{"id":27,"peso":1},{"id":177,"peso":17},{"id":66,"peso":3},{"id":148,"peso":1},{"id":107,"peso":3},{"id":11,"peso":8},{"id":9,"peso":15},{"id":130,"peso":0},{"id":8,"peso":5},{"id":134,"peso":13},{"id":64,"peso":9},{"id":150,"peso":13},{"id":17,"peso":0},{"id":169,"peso":6},{"id":81,"peso":17},{"id":78,"peso":19},{"id":115,"peso":20},{"id":154,"peso":4},{"id":67,"peso":1},{"id":7,"peso":1},{"id":178,"peso":19},{"id":190,"peso":11},{"id":109,"peso":1},{"id":10,"peso":10},{"id":161,"peso":15},{"id":172,"peso":14},{"id":18,"peso":3},{"id":71,"peso":2},{"id":98,"peso":14},{"id":23,"peso":1},{"id":57,"peso":0},{"id":159,"peso":6},{"id":74,"peso":15},{"id":53,"peso":19},{"id":103,"peso":15},{"id":89,"peso":13},{"id":5,"peso":0},{"id":133,"peso":7},{"id":32,"peso":0},{"id":186,"peso":8}]}