{"docente":{"nome":"Murilo","departamento":"FEF","id":1213},"atividades":[{"id":81,"peso":4},{"id":78,"peso":4},{"id":101,"peso":6},{"id":121,"peso":20},{"id":115,"peso":3},{"id":107,"peso":3},{"id":108,"peso":16},{"id":66,"peso":11},{"id":172,"peso":19},{"id":110,"peso":16},{"id":9,"peso":16},{"id":52,"peso":5},{"id":75,"peso":0},{"id":93,"peso":13},{"id":84,"peso":16},{"id":118,"peso":15},{"id":73,"peso":7},{"id":28,"peso":15},{"id":171,"peso":7},{"id":76,"peso":18},{"id":117,"peso":20},{"id":32,"peso":13},{"id":83,"peso":5},{"id":3,"peso":11},{"id":126,"peso":11},{"id":4,"peso":10},{"id":130,"peso":18},{"id":122,"peso":19},{"id":57,"peso":10},{"id":1,"peso":0},{"id":162,"peso":10},{"id":96,"peso":8},{"id":143,"peso":9},{"id":142,"peso":14},{"id":153,"peso":14},{"id":38,"peso":17},{"id":40,"peso":9},{"id":113,"peso":0},{"id":116,"peso":14},{"id":60,"peso":19},{"id":85,"peso":8},{"id":163,"peso":20},{"id":144,"peso":12},{"id":145,"peso":12},{"id":68,"peso":7},{"id":104,"peso":3},{"id":67,"peso":20},{"id":100,"peso":5},{"id":186,"peso":15},{"id":160,"peso":3},{"id":190,"peso":7},{"id":11,"peso":17},{"id":178,"peso":2},{"id":191,"peso":3},{"id":36,"peso":8},{"id":149,"peso":15},{"id":13,"peso":11},{"id":177,"peso":16},{"id":80,"peso":7},{"id":97,"peso":20},{"id":127,"peso":20},{"id":128,"peso":13},{"id":137,"peso":6},{"id":19,"peso":4},{"id":42,"peso":7},{"id":150,"peso":18},{"id":147,"peso":17},{"id":188,"peso":12},{"id":29,"peso":3},{"id":173,"peso":1},{"id":129,"peso":9}]}