{"docente":{"nome":"Adriana","departamento":"ICB","id":1095},"atividades":[{"id":151,"peso":14},{"id":63,"peso":12},{"id":133,"peso":11},{"id":29,"peso":11},{"id":164,"peso":20},{"id":107,"peso":1},{"id":15,"peso":2},{"id":59,"peso":13},{"id":135,"peso":17},{"id":184,"peso":14},{"id":89,"peso":0},{"id":55,"peso":12},{"id":53,"peso":1},{"id":42,"peso":11},{"id":105,"peso":6},{"id":143,"peso":6},{"id":190,"peso":6},{"id":93,"peso":3},{"id":123,"peso":16},{"id":124,"peso":18},{"id":18,"peso":6},{"id":40,"peso":17},{"id":104,"peso":15},{"id":142,"peso":6},{"id":95,"peso":6},{"id":33,"peso":5},{"id":134,"peso":0},{"id":129,"peso":1},{"id":87,"peso":4},{"id":80,"peso":19},{"id":139,"peso":13},{"id":162,"peso":13},{"id":71,"peso":8},{"id":21,"peso":2},{"id":155,"peso":7},{"id":147,"peso":4},{"id":122,"peso":8},{"id":159,"peso":9},{"id":30,"peso":14},{"id":145,"peso":9},{"id":11,"peso":5},{"id":47,"peso":6},{"id":19,"peso":7},{"id":43,"peso":3},{"id":28,"peso":0},{"id":115,"peso":2},{"id":186,"peso":9},{"id":22,"peso":0},{"id":65,"peso":13},{"id":99,"peso":17},{"id":68,"peso":0},{"id":158,"peso":13},{"id":5,"peso":0},{"id":163,"peso":1},{"id":62,"peso":20},{"id":127,"peso":15},{"id":94,"peso":0},{"id":137,"peso":3},{"id":116,"peso":15},{"id":150,"peso":14},{"id":180,"peso":18},{"id":70,"peso":10},{"id":109,"peso":18},{"id":98,"peso":15},{"id":119,"peso":3},{"id":86,"peso":1},{"id":174,"peso":4},{"id":106,"peso":1},{"id":8,"peso":2},{"id":173,"peso":16},{"id":165,"peso":16},{"id":90,"peso":10},{"id":78,"peso":13},{"id":120,"peso":20},{"id":41,"peso":20},{"id":35,"peso":10},{"id":148,"peso":9},{"id":57,"peso":4},{"id":76,"peso":3},{"id":83,"peso":9},{"id":75,"peso":11},{"id":20,"peso":15}]}