{"docente":{"nome":"Henrique","departamento":"FIC","id":1429},"atividades":[{"id":138,"peso":14},{"id":148,"peso":2},{"id":105,"peso":6},{"id":92,"peso":6},{"id":123,"peso":16},{"id":195,"peso":0},{"id":175,"peso":3},{"id":67,"peso":1},{"id":165,"peso":2},{"id":25,"peso":15},{"id":32,"peso":0},{"id":40,"peso":16},{"id":34,"peso":12},{"id":12,"peso":15},{"id":72,"peso":15},{"id":197,"peso":18},{"id":186,"peso":11},{"id":35,"peso":18},{"id":96,"peso":5},{"id":44,"peso":7},{"id":112,"peso":8},{"id":15,"peso":2},{"id":69,"peso":20},{"id":128,"peso":0},{"id":43,"peso":17},{"id":27,"peso":0},{"id":28,"peso":17},{"id":155,"peso":20},{"id":125,"peso":11},{"id":14,"peso":20},{"id":149,"peso":18},{"id":179,"peso":16},{"id":127,"peso":10},{"id":4,"peso":2},{"id":140,"peso":1},{"id":68,"peso":0},{"id":161,"peso":4},{"id":142,"peso":14},{"id":185,"peso":15},{"id":8,"peso":20},{"id":13,"peso":14},{"id":100,"peso":5},{"id":121,"peso":2},{"id":147,"peso":3},{"id":18,"peso":6},{"id":168,"peso":13},{"id":52,"peso":9},{"id":9,"peso":14},{"id":104,"peso":19},{"id":29,"peso":14},{"id":16,"peso":16},{"id":156,"peso":18},{"id":51,"peso":0},{"id":42,"peso":7},{"id":111,"peso":8},{"id":167,"peso":18},{"id":114,"peso":2},{"id":189,"peso":7},{"id":162,"peso":12},{"id":86,"peso":10},{"id":198,"peso":6},{"id":48,"peso":5},{"id":192,"peso":8},{"id":143,"peso":1},{"id":182,"peso":18},{"id":79,"peso":16},{"id":71,"peso":20},{"id":136,"peso":2},{"id":70,"peso":16},{"id":174,"peso":13},{"id":163,"peso":13},{"id":101,"peso":2},{"id":159,"peso":11},{"id":137,"peso":15},{"id":113,"peso":15},{"id":57,"peso":9}]}