{"docente":{"nome":"Paulo","departamento":"INF","id":1079},"atividades":[{"id":152,"peso":5},{"id":120,"peso":13},{"id":101,"peso":9},{"id":24,"peso":11},{"id":93,"peso":15},{"id":165,"peso":3},{"id":84,"peso":20},{"id":40,"peso":16},{"id":198,"peso":13},{"id":184,"peso":18},{"id":15,"peso":19},{"id":117,"peso":16},{"id":159,"peso":15},{"id":194,"peso":14},{"id":167,"peso":20},{"id":8,"peso":14},{"id":168,"peso":15},{"id":54,"peso":20},{"id":196,"peso":0},{"id":3,"peso":10},{"id":51,"peso":10},{"id":94,"peso":1},{"id":174,"peso":19},{"id":17,"peso":19},{"id":77,"peso":1},{"id":27,"peso":17},{"id":14,"peso":0},{"id":123,"peso":14},{"id":39,"peso":5},{"id":140,"peso":9},{"id":6,"peso":16},{"id":154,"peso":19},{"id":1,"peso":4},{"id":65,"peso":8},{"id":122,"peso":11},{"id":76,"peso":13},{"id":95,"peso":11},{"id":33,"peso":4},{"id":189,"peso":13},{"id":78,"peso":20},{"id":149,"peso":16},{"id":48,"peso":11},{"id":185,"peso":2},{"id":38,"peso":15},{"id":102,"peso":0},{"id":144,"peso":4},{"id":180,"peso":3},{"id":166,"peso":9},{"id":115,"peso":8},{"id":135,"peso":14},{"id":53,"peso":20},{"id":52,"peso":20},{"id":23,"peso":5},{"id":148,"peso":7},{"id":71,"peso":3},{"id":19,"peso":2},{"id":56,"peso":3},{"id":16,"peso":16},{"id":7,"peso":3},{"id":111,"peso":14},{"id":192,"peso":19},{"id":49,"peso":5},{"id":20,"peso":11},{"id":11,"peso":15},{"id":13,"peso":17},{"id":112,"peso":20},{"id":37,"peso":5},{"id":134,"peso":17},{"id":55,"peso":18},{"id":72,"peso":13},{"id":133,"peso":13},{"id":34,"peso":12},{"id":81,"peso":0},{"id":99,"peso":1},{"id":132,"peso":15},{"id":143,"peso":20},{"id":177,"peso":3},{"id":50,"peso":13},{"id":80,"peso":8},{"id":169,"peso":20},{"id":139,"peso":19}]}