{"docente":{"nome":"Iasmin","departamento":"INF","id":1433},"atividades":[{"id":21,"peso":1},{"id":127,"peso":11},{"id":114,"peso":0},{"id":150,"peso":19},{"id":120,"peso":5},{"id":195,"peso":18},{"id":180,"peso":13},{"id":174,"peso":18},{"id":28,"peso":20},{"id":70,"peso":9},{"id":121,"peso":15},{"id":172,"peso":8},{"id":36,"peso":7},{"id":61,"peso":11},{"id":65,"peso":3},{"id":48,"peso":0},{"id":7,"peso":7},{"id":196,"peso":14},{"id":35,"peso":5},{"id":192,"peso":11},{"id":59,"peso":11},{"id":75,"peso":1},{"id":95,"peso":8},{"id":155,"peso":12},{"id":26,"peso":12},{"id":2,"peso":11},{"id":198,"peso":12},{"id":37,"peso":19},{"id":40,"peso":6},{"id":135,"peso":4},{"id":64,"peso":20},{"id":136,"peso":2},{"id":16,"peso":2},{"id":139,"peso":16},{"id":29,"peso":10},{"id":128,"peso":6},{"id":117,"peso":9},{"id":19,"peso":7},{"id":76,"peso":4},{"id":138,"peso":19},{"id":50,"peso":9},{"id":102,"peso":7},{"id":157,"peso":4},{"id":45,"peso":15},{"id":142,"peso":17},{"id":119,"peso":16},{"id":86,"peso":11},{"id":56,"peso":15},{"id":5,"peso":8},{"id":32,"peso":14},{"id":169,"peso":19},{"id":8,"peso":17},{"id":80,"peso":13},{"id":13,"peso":14},{"id":116,"peso":2},{"id":179,"peso":17},{"id":58,"peso":1},{"id":43,"peso":18},{"id":98,"peso":19},{"id":89,"peso":13},{"id":167,"peso":19},{"id":132,"peso":20},{"id":197,"peso":3},{"id":154,"peso":14},{"id":144,"peso":14},{"id":104,"peso":2},{"id":30,"peso":11},{"id":97,"peso":3},{"id":41,"peso":20},{"id":165,"peso":7},{"id":78,"peso":18},{"id":73,"peso":13},{"id":27,"peso":10},{"id":153,"peso":11},{"id":113,"peso":17},{"id":74,"peso":18},{"id":77,"peso":9},{"id":126,"peso":13},{"id":177,"peso":1},{"id":145,"peso":11}]}