{"docente":{"nome":"Adriana","departamento":"FIC","id":109},"atividades":[{"id":11,"peso":10},{"id":89,"peso":3},{"id":144,"peso":9},{"id":66,"peso":9},{"id":96,"peso":4},{"id":14,"peso":16},{"id":168,"peso":15},{"id":142,"peso":9},{"id":126,"peso":8},{"id":155,"peso":17},{"id":32,"peso":6},{"id":85,"peso":14},{"id":37,"peso":19},{"id":48,"peso":0},{"id":25,"peso":9},{"id":8,"peso":14},{"id":78,"peso":16},{"id":16,"peso":7},{"id":47,"peso":20},{"id":4,"peso":12},{"id":110,"peso":6},{"id":34,"peso":11},{"id":176,"peso":5},{"id":134,"peso":11},{"id":130,"peso":18},{"id":131,"peso":13},{"id":27,"peso":18},{"id":24,"peso":12},{"id":77,"peso":13},{"id":145,"peso":9},{"id":94,"peso":17},{"id":42,"peso":17},{"id":53,"peso":20},{"id":149,"peso":9},{"id":55,"peso":1},{"id":122,"peso":7},{"id":103,"peso":3},{"id":59,"peso":14},{"id":44,"peso":4},{"id":75,"peso":15},{"id":178,"peso":15},{"id":190,"peso":13},{"id":68,"peso":8},{"id":80,"peso":15},{"id":91,"peso":13},{"id":195,"peso":2},{"id":135,"peso":11},{"id":194,"peso":4},{"id":10,"peso":6},{"id":187,"peso":15},{"id":128,"peso":17},{"id":159,"peso":13},{"id":191,"peso":7},{"id":81,"peso":19},{"id":67,"peso":3},{"id":162,"peso":4},{"id":133,"peso":0},{"id":172,"peso":11},{"id":121,"peso":8},{"id":50,"peso":9},{"id":49,"peso":1},{"id":62,"peso":15},{"id":170,"peso":9},{"id":182,"peso":6},{"id":72,"peso":18},{"id":40,"peso":1},{"id":101,"peso":2},{"id":104,"peso":6},{"id":169,"peso":6},{"id":151,"peso":0},{"id":138,"peso":8},{"id":102,"peso":18},{"id":74,"peso":15},{"id":139,"peso":1},{"id":79,"peso":17},{"id":7,"peso":20}]}