{"docente":{"nome":"Paulo","departamento":"ICB","id":1078},"atividades":[{"id":74,"peso":16},{"id":159,"peso":19},{"id":141,"peso":11},{"id":58,"peso":17},{"id":30,"peso":13},{"id":1,"peso":4},{"id":189,"peso":17},{"id":125,"peso":2},{"id":45,"peso":19},{"id":12,"peso":16},{"id":14,"peso":12},{"id":97,"peso":14},{"id":163,"peso":18},{"id":42,"peso":20},{"id":183,"peso":19},{"id":69,"peso":16},{"id":26,"peso":10},{"id":82,"peso":9},{"id":169,"peso":7},{"id":65,"peso":9},{"id":59,"peso":3},{"id":175,"peso":11},{"id":64,"peso":6},{"id":20,"peso":2},{"id":24,"peso":5},{"id":99,"peso":6},{"id":28,"peso":6},{"id":150,"peso":9},{"id":129,"peso":0},{"id":165,"peso":9},{"id":192,"peso":19},{"id":140,"peso":6},{"id":191,"peso":13},{"id":111,"peso":19},{"id":92,"peso":10},{"id":114,"peso":1},{"id":162,"peso":19},{"id":194,"peso":6},{"id":149,"peso":1},{"id":75,"peso":12},{"id":139,"peso":17},{"id":70,"peso":13},{"id":182,"peso":3},{"id":145,"peso":17},{"id":98,"peso":13},{"id":23,"peso":6},{"id":185,"peso":3},{"id":172,"peso":19},{"id":50,"peso":17},{"id":132,"peso":13},{"id":174,"peso":1},{"id":51,"peso":8},{"id":21,"peso":11},{"id":87,"peso":18},{"id":179,"peso":7},{"id":104,"peso":18},{"id":79,"peso":4},{"id":18,"peso":10},{"id":181,"peso":1},{"id":109,"peso":20},{"id":157,"peso":2},{"id":34,"peso":20},{"id":135,"peso":4},{"id":102,"peso":3},{"id":80,"peso":2},{"id":88,"peso":15},{"id":78,"peso":4},{"id":33,"peso":3},{"id":85,"peso":2},{"id":16,"peso":19},{"id":137,"peso":13},{"id":73,"peso":6},{"id":190,"peso":5},{"id":164,"peso":1},{"id":168,"peso":15},{"id":186,"peso":7},{"id":106,"peso":11}]}