{"docente":{"nome":"Paulo","departamento":"FEF","id":1089},"atividades":[{"id":164,"peso":11},{"id":43,"peso":13},{"id":85,"peso":15},{"id":91,"peso":10},{"id":105,"peso":15},{"id":132,"peso":3},{"id":136,"peso":12},{"id":93,"peso":10},{"id":139,"peso":15},{"id":23,"peso":20},{"id":179,"peso":18},{"id":157,"peso":10},{"id":10,"peso":2},{"id":36,"peso":8},{"id":144,"peso":18},{"id":34,"peso":18},{"id":83,"peso":3},{"id":135,"peso":19},{"id":130,"peso":9},{"id":17,"peso":19},{"id":140,"peso":3},{"id":52,"peso":16},{"id":35,"peso":20},{"id":174,"peso":20},{"id":168,"peso":18},{"id":134,"peso":6},{"id":163,"peso":2},{"id":6,"peso":7},{"id":58,"peso":4},{"id":150,"peso":16},{"id":15,"peso":0},{"id":95,"peso":11},{"id":187,"peso":14},{"id":165,"peso":18},{"id":159,"peso":18},{"id":107,"peso":4},{"id":30,"peso":12},{"id":66,"peso":7},{"id":98,"peso":15},{"id":111,"peso":4},{"id":53,"peso":15},{"id":67,"peso":16},{"id":16,"peso":11},{"id":76,"peso":11},{"id":183,"peso":17},{"id":118,"peso":20},{"id":196,"peso":15},{"id":161,"peso":19},{"id":5,"peso":6},{"id":57,"peso":11},{"id":146,"peso":2},{"id":62,"peso":12},{"id":8,"peso":12},{"id":172,"peso":2},{"id":170,"peso":15},{"id":46,"peso":8},{"id":81,"peso":20},{"id":126,"peso":8},{"id":104,"peso":2},{"id":42,"peso":8},{"id":65,"peso":14},{"id":119,"peso":6},{"id":124,"peso":13},{"id":127,"peso":6},{"id":71,"peso":17},{"id":97,"peso":7},{"id":64,"peso":11},{"id":12,"peso":1},{"id":167,"peso":12},{"id":86,"peso":16},{"id":110,"peso":1},{"id":194,"peso":8},{"id":45,"peso":13},{"id":7,"peso":8},{"id":145,"peso":12},{"id":184,"peso":12},{"id":31,"peso":15},{"id":185,"peso":16},{"id":186,"peso":14},{"id":175,"peso":17}]}