{"docente":{"nome":"Ana","departamento":"IQ","id":1132},"atividades":[{"id":114,"peso":0},{"id":30,"peso":15},{"id":77,"peso":13},{"id":126,"peso":11},{"id":115,"peso":9},{"id":88,"peso":9},{"id":160,"peso":0},{"id":186,"peso":20},{"id":144,"peso":11},{"id":18,"peso":18},{"id":64,"peso":17},{"id":91,"peso":1},{"id":109,"peso":2},{"id":154,"peso":1},{"id":113,"peso":14},{"id":155,"peso":19},{"id":124,"peso":6},{"id":171,"peso":16},{"id":181,"peso":11},{"id":163,"peso":14},{"id":8,"peso":0},{"id":118,"peso":20},{"id":111,"peso":1},{"id":67,"peso":10},{"id":75,"peso":17},{"id":108,"peso":14},{"id":138,"peso":1},{"id":135,"peso":13},{"id":35,"peso":16},{"id":198,"peso":15},{"id":29,"peso":11},{"id":40,"peso":16},{"id":132,"peso":16},{"id":53,"peso":0},{"id":58,"peso":11},{"id":188,"peso":17},{"id":17,"peso":9},{"id":153,"peso":5},{"id":157,"peso":18},{"id":182,"peso":5},{"id":104,"peso":14},{"id":146,"peso":9},{"id":55,"peso":4},{"id":48,"peso":1},{"id":156,"peso":0},{"id":86,"peso":17},{"id":179,"peso":8},{"id":173,"peso":12},{"id":59,"peso":17},{"id":195,"peso":4},{"id":10,"peso":1},{"id":72,"peso":11},{"id":170,"peso":11},{"id":129,"peso":5},{"id":96,"peso":10},{"id":125,"peso":17},{"id":116,"peso":8},{"id":69,"peso":8},{"id":46,"peso":0},{"id":89,"peso":6},{"id":165,"peso":1},{"id":73,"peso":3},{"id":107,"peso":17},{"id":90,"peso":16},{"id":27,"peso":9},{"id":151,"peso":1},{"id":87,"peso":17},{"id":39,"peso":5},{"id":185,"peso":17},{"id":68,"peso":11},{"id":43,"peso":12},{"id":131,"peso":17},{"id":189,"peso":13},{"id":148,"peso":3},{"id":3,"peso":19},{"id":117,"peso":1},{"id":149,"peso":19},{"id":127,"peso":12},{"id":71,"peso":7},{"id":152,"peso":1}]}