{"docente":{"nome":"Fernanda","departamento":"ICB","id":1402},"atividades":[{"id":148,"peso":13},{"id":121,"peso":12},{"id":101,"peso":7},{"id":181,"peso":16},{"id":39,"peso":18},{"id":5,"peso":3},{"id":128,"peso":5},{"id":88,"peso":6},{"id":180,"peso":19},{"id":11,"peso":2},{"id":22,"peso":11},{"id":115,"peso":13},{"id":167,"peso":2},{"id":157,"peso":11},{"id":153,"peso":4},{"id":91,"peso":9},{"id":165,"peso":6},{"id":168,"peso":12},{"id":33,"peso":20},{"id":1,"peso":7},{"id":82,"peso":8},{"id":59,"peso":14},{"id":45,"peso":18},{"id":171,"peso":6},{"id":193,"peso":7},{"id":120,"peso":14},{"id":71,"peso":3},{"id":65,"peso":8},{"id":34,"peso":2},{"id":138,"peso":12},{"id":188,"peso":4},{"id":197,"peso":19},{"id":38,"peso":18},{"id":43,"peso":0},{"id":29,"peso":2},{"id":141,"peso":11},{"id":151,"peso":16},{"id":173,"peso":10},{"id":90,"peso":16},{"id":4,"peso":3},{"id":28,"peso":9},{"id":146,"peso":2},{"id":162,"peso":13},{"id":35,"peso":14},{"id":74,"peso":17},{"id":195,"peso":1},{"id":175,"peso":17},{"id":143,"peso":1},{"id":123,"peso":12},{"id":137,"peso":13},{"id":99,"peso":17},{"id":107,"peso":2},{"id":183,"peso":15},{"id":20,"peso":7},{"id":66,"peso":19},{"id":83,"peso":0},{"id":42,"peso":17},{"id":124,"peso":15},{"id":67,"peso":19},{"id":149,"peso":0},{"id":84,"peso":8},{"id":111,"peso":9},{"id":13,"peso":8},{"id":159,"peso":6},{"id":68,"peso":12},{"id":102,"peso":12},{"id":130,"peso":13},{"id":105,"peso":14},{"id":97,"peso":14},{"id":54,"peso":18},{"id":109,"peso":19},{"id":48,"peso":6},{"id":9,"peso":4},{"id":114,"peso":7},{"id":198,"peso":1}]}