{"docente":{"nome":"Auri","departamento":"ICB","id":1121},"atividades":[{"id":108,"peso":18},{"id":182,"peso":7},{"id":50,"peso":16},{"id":109,"peso":17},{"id":165,"peso":18},{"id":76,"peso":12},{"id":194,"peso":7},{"id":115,"peso":0},{"id":116,"peso":8},{"id":62,"peso":3},{"id":146,"peso":13},{"id":184,"peso":9},{"id":120,"peso":4},{"id":118,"peso":8},{"id":197,"peso":3},{"id":164,"peso":4},{"id":24,"peso":13},{"id":195,"peso":11},{"id":138,"peso":17},{"id":78,"peso":10},{"id":112,"peso":9},{"id":145,"peso":19},{"id":12,"peso":5},{"id":144,"peso":3},{"id":53,"peso":8},{"id":163,"peso":13},{"id":153,"peso":4},{"id":173,"peso":5},{"id":6,"peso":5},{"id":136,"peso":11},{"id":103,"peso":5},{"id":66,"peso":19},{"id":90,"peso":16},{"id":85,"peso":11},{"id":17,"peso":0},{"id":65,"peso":11},{"id":128,"peso":10},{"id":193,"peso":5},{"id":10,"peso":9},{"id":198,"peso":1},{"id":94,"peso":5},{"id":4,"peso":16},{"id":7,"peso":16},{"id":132,"peso":19},{"id":91,"peso":2},{"id":8,"peso":17},{"id":31,"peso":14},{"id":156,"peso":15},{"id":27,"peso":5},{"id":160,"peso":18},{"id":59,"peso":19},{"id":67,"peso":8},{"id":179,"peso":9},{"id":81,"peso":12},{"id":192,"peso":0},{"id":43,"peso":7},{"id":28,"peso":19},{"id":41,"peso":3},{"id":124,"peso":15},{"id":178,"peso":9},{"id":135,"peso":5},{"id":73,"peso":14},{"id":88,"peso":3},{"id":45,"peso":10},{"id":158,"peso":19},{"id":130,"peso":1},{"id":35,"peso":8},{"id":149,"peso":18},{"id":79,"peso":7},{"id":186,"peso":18},{"id":122,"peso":4},{"id":157,"peso":17},{"id":71,"peso":10},{"id":187,"peso":14},{"id":162,"peso":20},{"id":126,"peso":6},{"id":54,"peso":19},{"id":101,"peso":0},{"id":47,"peso":4},{"id":147,"peso":17},{"id":102,"peso":1}]}