{"docente":{"nome":"Maria","departamento":"INF","id":1065},"atividades":[{"id":114,"peso":16},{"id":137,"peso":9},{"id":127,"peso":15},{"id":12,"peso":14},{"id":101,"peso":1},{"id":13,"peso":5},{"id":8,"peso":7},{"id":73,"peso":16},{"id":6,"peso":3},{"id":72,"peso":3},{"id":33,"peso":18},{"id":88,"peso":18},{"id":148,"peso":9},{"id":70,"peso":20},{"id":163,"peso":10},{"id":179,"peso":12},{"id":65,"peso":4},{"id":175,"peso":8},{"id":167,"peso":0},{"id":29,"peso":20},{"id":49,"peso":2},{"id":35,"peso":18},{"id":147,"peso":5},{"id":14,"peso":12},{"id":37,"peso":4},{"id":139,"peso":8},{"id":118,"peso":1},{"id":159,"peso":18},{"id":173,"peso":17},{"id":124,"peso":15},{"id":126,"peso":20},{"id":110,"peso":15},{"id":71,"peso":3},{"id":3,"peso":18},{"id":75,"peso":19},{"id":18,"peso":9},{"id":188,"peso":20},{"id":105,"peso":1},{"id":57,"peso":19},{"id":119,"peso":20},{"id":115,"peso":13},{"id":89,"peso":15},{"id":1,"peso":13},{"id":197,"peso":3},{"id":4,"peso":11},{"id":15,"peso":10},{"id":82,"peso":2},{"id":92,"peso":6},{"id":132,"peso":3},{"id":61,"peso":14},{"id":185,"peso":4},{"id":181,"peso":17},{"id":36,"peso":3},{"id":99,"peso":13},{"id":161,"peso":7},{"id":19,"peso":13},{"id":164,"peso":9},{"id":120,"peso":12},{"id":196,"peso":20},{"id":133,"peso":17},{"id":87,"peso":15},{"id":198,"peso":19},{"id":176,"peso":13},{"id":97,"peso":1},{"id":178,"peso":2},{"id":38,"peso":13},{"id":151,"peso":12},{"id":194,"peso":8},{"id":152,"peso":13},{"id":136,"peso":18},{"id":21,"peso":7},{"id":113,"peso":14},{"id":28,"peso":1},{"id":42,"peso":4},{"id":50,"peso":11},{"id":30,"peso":14},{"id":170,"peso":4},{"id":43,"peso":8},{"id":149,"peso":1},{"id":156,"peso":17},{"id":107,"peso":6}]}