{"docente":{"nome":"Ingrid","departamento":"INF","id":1066},"atividades":[{"id":164,"peso":17},{"id":148,"peso":8},{"id":70,"peso":16},{"id":121,"peso":13},{"id":25,"peso":1},{"id":113,"peso":5},{"id":109,"peso":13},{"id":31,"peso":17},{"id":50,"peso":10},{"id":42,"peso":5},{"id":63,"peso":2},{"id":83,"peso":8},{"id":34,"peso":13},{"id":28,"peso":2},{"id":144,"peso":9},{"id":191,"peso":11},{"id":32,"peso":18},{"id":36,"peso":12},{"id":149,"peso":15},{"id":139,"peso":4},{"id":27,"peso":6},{"id":48,"peso":17},{"id":97,"peso":16},{"id":5,"peso":19},{"id":107,"peso":9},{"id":151,"peso":5},{"id":140,"peso":3},{"id":11,"peso":9},{"id":24,"peso":17},{"id":129,"peso":1},{"id":135,"peso":1},{"id":14,"peso":10},{"id":91,"peso":5},{"id":52,"peso":11},{"id":119,"peso":6},{"id":198,"peso":20},{"id":114,"peso":12},{"id":47,"peso":13},{"id":2,"peso":10},{"id":41,"peso":4},{"id":181,"peso":17},{"id":69,"peso":14},{"id":128,"peso":16},{"id":172,"peso":2},{"id":45,"peso":11},{"id":194,"peso":13},{"id":16,"peso":17},{"id":74,"peso":7},{"id":103,"peso":2},{"id":195,"peso":3},{"id":56,"peso":8},{"id":20,"peso":18},{"id":124,"peso":15},{"id":33,"peso":0},{"id":15,"peso":14},{"id":156,"peso":2},{"id":88,"peso":8},{"id":86,"peso":14},{"id":1,"peso":0},{"id":66,"peso":16},{"id":46,"peso":10},{"id":64,"peso":13},{"id":163,"peso":9},{"id":132,"peso":19},{"id":175,"peso":15},{"id":154,"peso":14},{"id":174,"peso":10},{"id":101,"peso":17},{"id":165,"peso":14},{"id":123,"peso":1},{"id":110,"peso":14},{"id":79,"peso":20}]}