{"docente":{"nome":"Luiz","departamento":"IF","id":1331},"atividades":[{"id":128,"peso":18},{"id":155,"peso":5},{"id":113,"peso":6},{"id":86,"peso":18},{"id":89,"peso":0},{"id":67,"peso":6},{"id":148,"peso":0},{"id":4,"peso":2},{"id":81,"peso":14},{"id":91,"peso":9},{"id":32,"peso":9},{"id":156,"peso":5},{"id":100,"peso":17},{"id":139,"peso":4},{"id":19,"peso":17},{"id":36,"peso":5},{"id":31,"peso":15},{"id":37,"peso":13},{"id":47,"peso":8},{"id":69,"peso":19},{"id":114,"peso":0},{"id":35,"peso":4},{"id":45,"peso":18},{"id":49,"peso":5},{"id":9,"peso":3},{"id":85,"peso":19},{"id":87,"peso":8},{"id":88,"peso":5},{"id":145,"peso":16},{"id":183,"peso":2},{"id":172,"peso":0},{"id":192,"peso":11},{"id":191,"peso":7},{"id":80,"peso":8},{"id":10,"peso":8},{"id":117,"peso":0},{"id":135,"peso":14},{"id":197,"peso":19},{"id":195,"peso":20},{"id":159,"peso":19},{"id":68,"peso":9},{"id":102,"peso":0},{"id":17,"peso":12},{"id":58,"peso":5},{"id":42,"peso":10},{"id":158,"peso":15},{"id":13,"peso":17},{"id":15,"peso":9},{"id":190,"peso":8},{"id":22,"peso":20},{"id":163,"peso":17},{"id":8,"peso":12},{"id":180,"peso":1},{"id":189,"peso":7},{"id":27,"peso":11},{"id":16,"peso":1},{"id":53,"peso":4},{"id":196,"peso":12},{"id":57,"peso":5},{"id":171,"peso":9},{"id":115,"peso":10},{"id":126,"peso":0},{"id":104,"peso":7},{"id":127,"peso":1},{"id":44,"peso":16},{"id":157,"peso":18},{"id":184,"peso":3},{"id":101,"peso":12},{"id":18,"peso":4},{"id":76,"peso":19},{"id":111,"peso":15},{"id":137,"peso":9},{"id":121,"peso":13},{"id":147,"peso":7},{"id":149,"peso":0},{"id":96,"peso":9},{"id":5,"peso":19},{"id":62,"peso":3},{"id":52,"peso":8},{"id":51,"peso":16},{"id":11,"peso":0},{"id":48,"peso":20}]}