{"docente":{"nome":"Fabio","departamento":"IF","id":1284},"atividades":[{"id":118,"peso":17},{"id":179,"peso":5},{"id":56,"peso":8},{"id":114,"peso":3},{"id":46,"peso":15},{"id":164,"peso":16},{"id":196,"peso":15},{"id":194,"peso":0},{"id":111,"peso":20},{"id":52,"peso":2},{"id":105,"peso":1},{"id":41,"peso":12},{"id":11,"peso":20},{"id":167,"peso":10},{"id":31,"peso":12},{"id":40,"peso":17},{"id":22,"peso":9},{"id":178,"peso":20},{"id":68,"peso":3},{"id":71,"peso":10},{"id":115,"peso":4},{"id":152,"peso":1},{"id":3,"peso":0},{"id":49,"peso":9},{"id":27,"peso":8},{"id":117,"peso":7},{"id":64,"peso":16},{"id":82,"peso":15},{"id":143,"peso":3},{"id":54,"peso":12},{"id":69,"peso":16},{"id":79,"peso":10},{"id":20,"peso":9},{"id":16,"peso":16},{"id":66,"peso":3},{"id":58,"peso":14},{"id":73,"peso":2},{"id":42,"peso":17},{"id":62,"peso":0},{"id":102,"peso":6},{"id":195,"peso":18},{"id":182,"peso":20},{"id":98,"peso":18},{"id":25,"peso":12},{"id":86,"peso":18},{"id":171,"peso":6},{"id":166,"peso":9},{"id":160,"peso":6},{"id":72,"peso":8},{"id":90,"peso":20},{"id":148,"peso":7},{"id":122,"peso":7},{"id":106,"peso":19},{"id":131,"peso":3},{"id":156,"peso":0},{"id":51,"peso":14},{"id":60,"peso":3},{"id":87,"peso":19},{"id":38,"peso":18},{"id":187,"peso":7},{"id":107,"peso":10},{"id":18,"peso":19},{"id":121,"peso":16},{"id":6,"peso":18},{"id":93,"peso":5},{"id":163,"peso":20},{"id":139,"peso":15},{"id":74,"peso":8},{"id":180,"peso":18},{"id":76,"peso":15},{"id":97,"peso":12},{"id":161,"peso":8},{"id":53,"peso":4},{"id":101,"peso":4},{"id":119,"peso":20},{"id":128,"peso":11},{"id":172,"peso":7},{"id":153,"peso":8},{"id":186,"peso":9},{"id":77,"peso":17},{"id":132,"peso":6}]}