{"docente":{"nome":"Adriana","departamento":"FIC","id":1370},"atividades":[{"id":159,"peso":18},{"id":23,"peso":1},{"id":196,"peso":3},{"id":42,"peso":6},{"id":168,"peso":16},{"id":75,"peso":7},{"id":94,"peso":17},{"id":135,"peso":16},{"id":157,"peso":13},{"id":181,"peso":13},{"id":125,"peso":13},{"id":165,"peso":5},{"id":158,"peso":19},{"id":27,"peso":5},{"id":107,"peso":2},{"id":197,"peso":8},{"id":186,"peso":14},{"id":16,"peso":12},{"id":87,"peso":1},{"id":53,"peso":14},{"id":67,"peso":1},{"id":133,"peso":15},{"id":72,"peso":8},{"id":172,"peso":9},{"id":6,"peso":0},{"id":96,"peso":13},{"id":50,"peso":20},{"id":48,"peso":3},{"id":71,"peso":1},{"id":166,"peso":10},{"id":32,"peso":1},{"id":30,"peso":10},{"id":138,"peso":7},{"id":183,"peso":4},{"id":25,"peso":10},{"id":122,"peso":3},{"id":127,"peso":19},{"id":89,"peso":18},{"id":174,"peso":9},{"id":141,"peso":12},{"id":152,"peso":10},{"id":105,"peso":10},{"id":12,"peso":11},{"id":60,"peso":17},{"id":4,"peso":8},{"id":77,"peso":1},{"id":80,"peso":5},{"id":129,"peso":5},{"id":11,"peso":8},{"id":13,"peso":11},{"id":46,"peso":6},{"id":190,"peso":9},{"id":162,"peso":1},{"id":176,"peso":14},{"id":79,"peso":19},{"id":18,"peso":17},{"id":156,"peso":17},{"id":169,"peso":5},{"id":55,"peso":16},{"id":5,"peso":0},{"id":150,"peso":11},{"id":100,"peso":13},{"id":173,"peso":0},{"id":146,"peso":5},{"id":103,"peso":9},{"id":180,"peso":10},{"id":104,"peso":13},{"id":29,"peso":17},{"id":142,"peso":20},{"id":131,"peso":7},{"id":99,"peso":17},{"id":20,"peso":5},{"id":74,"peso":2},{"id":134,"peso":16},{"id":93,"peso":3}]}