{"docente":{"nome":"Fernanda","departamento":"IF","id":1109},"atividades":[{"id":75,"peso":10},{"id":100,"peso":12},{"id":63,"peso":9},{"id":26,"peso":5},{"id":46,"peso":12},{"id":43,"peso":12},{"id":137,"peso":17},{"id":28,"peso":2},{"id":134,"peso":8},{"id":128,"peso":17},{"id":159,"peso":15},{"id":136,"peso":16},{"id":18,"peso":9},{"id":48,"peso":5},{"id":148,"peso":17},{"id":107,"peso":5},{"id":6,"peso":20},{"id":146,"peso":5},{"id":165,"peso":3},{"id":177,"peso":17},{"id":105,"peso":18},{"id":139,"peso":13},{"id":3,"peso":18},{"id":131,"peso":8},{"id":21,"peso":4},{"id":12,"peso":5},{"id":14,"peso":1},{"id":120,"peso":8},{"id":27,"peso":13},{"id":178,"peso":13},{"id":19,"peso":6},{"id":132,"peso":7},{"id":110,"peso":7},{"id":169,"peso":2},{"id":2,"peso":13},{"id":23,"peso":9},{"id":44,"peso":8},{"id":70,"peso":0},{"id":123,"peso":0},{"id":80,"peso":19},{"id":67,"peso":10},{"id":111,"peso":17},{"id":24,"peso":12},{"id":151,"peso":18},{"id":115,"peso":19},{"id":20,"peso":2},{"id":174,"peso":19},{"id":106,"peso":4},{"id":59,"peso":20},{"id":153,"peso":13},{"id":156,"peso":14},{"id":15,"peso":3},{"id":126,"peso":5},{"id":166,"peso":5},{"id":1,"peso":8},{"id":135,"peso":1},{"id":22,"peso":8},{"id":181,"peso":13},{"id":164,"peso":3},{"id":62,"peso":15},{"id":61,"peso":19},{"id":16,"peso":6},{"id":13,"peso":16},{"id":85,"peso":3},{"id":192,"peso":19},{"id":34,"peso":20},{"id":86,"peso":3},{"id":124,"peso":8},{"id":7,"peso":20},{"id":50,"peso":18},{"id":160,"peso":6},{"id":99,"peso":18},{"id":4,"peso":0},{"id":53,"peso":10},{"id":112,"peso":20}]}