{"docente":{"nome":"Fabio","departamento":"IF","id":1233},"atividades":[{"id":142,"peso":1},{"id":173,"peso":15},{"id":34,"peso":17},{"id":122,"peso":13},{"id":102,"peso":2},{"id":191,"peso":6},{"id":57,"peso":9},{"id":169,"peso":20},{"id":189,"peso":20},{"id":76,"peso":12},{"id":166,"peso":2},{"id":152,"peso":16},{"id":160,"peso":12},{"id":36,"peso":3},{"id":11,"peso":2},{"id":83,"peso":1},{"id":120,"peso":8},{"id":91,"peso":3},{"id":98,"peso":0},{"id":105,"peso":6},{"id":19,"peso":10},{"id":163,"peso":3},{"id":188,"peso":13},{"id":4,"peso":15},{"id":49,"peso":5},{"id":180,"peso":7},{"id":14,"peso":16},{"id":134,"peso":7},{"id":87,"peso":7},{"id":1,"peso":20},{"id":150,"peso":4},{"id":21,"peso":7},{"id":90,"peso":17},{"id":40,"peso":19},{"id":148,"peso":2},{"id":121,"peso":17},{"id":187,"peso":16},{"id":5,"peso":7},{"id":3,"peso":15},{"id":43,"peso":20},{"id":126,"peso":17},{"id":7,"peso":4},{"id":66,"peso":18},{"id":144,"peso":15},{"id":170,"peso":12},{"id":78,"peso":19},{"id":50,"peso":4},{"id":73,"peso":3},{"id":154,"peso":13},{"id":79,"peso":19},{"id":6,"peso":7},{"id":41,"peso":16},{"id":18,"peso":13},{"id":95,"peso":10},{"id":69,"peso":9},{"id":182,"peso":20},{"id":128,"peso":6},{"id":74,"peso":11},{"id":48,"peso":18},{"id":137,"peso":8},{"id":192,"peso":16},{"id":51,"peso":18},{"id":127,"peso":12},{"id":61,"peso":17},{"id":106,"peso":17},{"id":115,"peso":10},{"id":39,"peso":19},{"id":60,"peso":2},{"id":45,"peso":15},{"id":155,"peso":20},{"id":8,"peso":6},{"id":81,"peso":6},{"id":135,"peso":8},{"id":104,"peso":5},{"id":71,"peso":8},{"id":32,"peso":2},{"id":33,"peso":1}]}