{"docente":{"nome":"Renato","departamento":"INF","id":1192},"atividades":[{"id":128,"peso":17},{"id":139,"peso":12},{"id":31,"peso":16},{"id":117,"peso":3},{"id":14,"peso":9},{"id":144,"peso":8},{"id":132,"peso":19},{"id":113,"peso":2},{"id":53,"peso":9},{"id":101,"peso":19},{"id":69,"peso":2},{"id":115,"peso":20},{"id":37,"peso":8},{"id":153,"peso":3},{"id":136,"peso":14},{"id":8,"peso":16},{"id":28,"peso":13},{"id":88,"peso":6},{"id":130,"peso":1},{"id":12,"peso":4},{"id":172,"peso":20},{"id":169,"peso":8},{"id":162,"peso":9},{"id":167,"peso":18},{"id":127,"peso":10},{"id":120,"peso":6},{"id":140,"peso":5},{"id":85,"peso":5},{"id":191,"peso":0},{"id":18,"peso":18},{"id":178,"peso":2},{"id":124,"peso":4},{"id":96,"peso":14},{"id":97,"peso":11},{"id":99,"peso":3},{"id":25,"peso":8},{"id":89,"peso":12},{"id":4,"peso":14},{"id":138,"peso":1},{"id":105,"peso":16},{"id":46,"peso":18},{"id":42,"peso":6},{"id":111,"peso":2},{"id":15,"peso":3},{"id":79,"peso":16},{"id":39,"peso":6},{"id":174,"peso":16},{"id":73,"peso":20},{"id":154,"peso":20},{"id":74,"peso":7},{"id":45,"peso":14},{"id":171,"peso":11},{"id":121,"peso":15},{"id":44,"peso":16},{"id":190,"peso":19},{"id":122,"peso":17},{"id":54,"peso":4},{"id":131,"peso":11},{"id":77,"peso":17},{"id":158,"peso":5},{"id":56,"peso":12},{"id":106,"peso":20},{"id":179,"peso":4},{"id":184,"peso":18},{"id":80,"peso":0},{"id":21,"peso":15},{"id":125,"peso":0},{"id":109,"peso":10},{"id":32,"peso":20},{"id":62,"peso":10},{"id":183,"peso":19},{"id":165,"peso":4},{"id":185,"peso":11},{"id":10,"peso":8},{"id":51,"peso":15},{"id":157,"peso":3},{"id":163,"peso":18},{"id":87,"peso":18},{"id":155,"peso":12},{"id":193,"peso":7},{"id":161,"peso":6},{"id":114,"peso":2},{"id":156,"peso":14},{"id":11,"peso":7},{"id":30,"peso":2},{"id":181,"peso":5}]}