{"docente":{"nome":"Adriana","departamento":"FIC","id":1416},"atividades":[{"id":112,"peso":0},{"id":123,"peso":10},{"id":51,"peso":1},{"id":168,"peso":0},{"id":124,"peso":16},{"id":156,"peso":6},{"id":93,"peso":15},{"id":164,"peso":20},{"id":117,"peso":17},{"id":30,"peso":20},{"id":108,"peso":17},{"id":63,"peso":5},{"id":88,"peso":14},{"id":80,"peso":2},{"id":39,"peso":2},{"id":9,"peso":3},{"id":186,"peso":6},{"id":85,"peso":6},{"id":53,"peso":20},{"id":187,"peso":11},{"id":50,"peso":20},{"id":83,"peso":12},{"id":104,"peso":16},{"id":176,"peso":13},{"id":76,"peso":20},{"id":91,"peso":9},{"id":23,"peso":1},{"id":153,"peso":10},{"id":54,"peso":8},{"id":137,"peso":8},{"id":157,"peso":18},{"id":38,"peso":1},{"id":21,"peso":20},{"id":87,"peso":14},{"id":34,"peso":4},{"id":166,"peso":4},{"id":111,"peso":11},{"id":61,"peso":11},{"id":4,"peso":1},{"id":31,"peso":18},{"id":131,"peso":0},{"id":102,"peso":6},{"id":122,"peso":13},{"id":15,"peso":6},{"id":143,"peso":15},{"id":141,"peso":3},{"id":75,"peso":13},{"id":175,"peso":20},{"id":129,"peso":3},{"id":58,"peso":14},{"id":1,"peso":13},{"id":179,"peso":10},{"id":12,"peso":18},{"id":191,"peso":4},{"id":71,"peso":16},{"id":116,"peso":5},{"id":95,"peso":5},{"id":149,"peso":11},{"id":97,"peso":16},{"id":13,"peso":13},{"id":29,"peso":9},{"id":185,"peso":11},{"id":19,"peso":10},{"id":36,"peso":19},{"id":94,"peso":1},{"id":133,"peso":17},{"id":197,"peso":3},{"id":27,"peso":5},{"id":41,"peso":7},{"id":47,"peso":20},{"id":184,"peso":5},{"id":62,"peso":15},{"id":48,"peso":15},{"id":99,"peso":12},{"id":165,"peso":8},{"id":148,"peso":16},{"id":17,"peso":10},{"id":183,"peso":4},{"id":145,"peso":5},{"id":72,"peso":8},{"id":161,"peso":1}]}