{"docente":{"nome":"Ingrid","departamento":"INF","id":1443},"atividades":[{"id":63,"peso":20},{"id":110,"peso":10},{"id":10,"peso":0},{"id":132,"peso":13},{"id":19,"peso":3},{"id":22,"peso":5},{"id":176,"peso":17},{"id":58,"peso":4},{"id":129,"peso":19},{"id":125,"peso":4},{"id":183,"peso":17},{"id":185,"peso":13},{"id":180,"peso":14},{"id":187,"peso":9},{"id":42,"peso":13},{"id":73,"peso":8},{"id":75,"peso":2},{"id":7,"peso":5},{"id":36,"peso":20},{"id":96,"peso":18},{"id":152,"peso":7},{"id":41,"peso":14},{"id":159,"peso":6},{"id":90,"peso":1},{"id":60,"peso":7},{"id":1,"peso":12},{"id":27,"peso":3},{"id":66,"peso":20},{"id":169,"peso":11},{"id":16,"peso":20},{"id":141,"peso":11},{"id":80,"peso":17},{"id":114,"peso":6},{"id":44,"peso":6},{"id":9,"peso":0},{"id":53,"peso":19},{"id":59,"peso":14},{"id":149,"peso":7},{"id":57,"peso":16},{"id":168,"peso":18},{"id":48,"peso":8},{"id":189,"peso":2},{"id":38,"peso":8},{"id":157,"peso":1},{"id":186,"peso":8},{"id":131,"peso":7},{"id":30,"peso":0},{"id":143,"peso":2},{"id":18,"peso":10},{"id":100,"peso":5},{"id":153,"peso":15},{"id":87,"peso":14},{"id":83,"peso":10},{"id":112,"peso":9},{"id":37,"peso":19},{"id":139,"peso":17},{"id":164,"peso":15},{"id":174,"peso":1},{"id":134,"peso":2},{"id":84,"peso":17},{"id":172,"peso":18},{"id":135,"peso":14},{"id":93,"peso":19},{"id":120,"peso":8},{"id":92,"peso":2},{"id":195,"peso":12},{"id":8,"peso":16},{"id":82,"peso":14},{"id":62,"peso":9},{"id":113,"peso":14},{"id":106,"peso":11},{"id":160,"peso":20},{"id":2,"peso":13},{"id":15,"peso":18},{"id":123,"peso":20},{"id":70,"peso":16},{"id":52,"peso":1},{"id":50,"peso":7},{"id":103,"peso":3},{"id":11,"peso":10}]}