{"docente":{"nome":"Karla","departamento":"INF","id":1267},"atividades":[{"id":87,"peso":14},{"id":47,"peso":2},{"id":187,"peso":6},{"id":7,"peso":12},{"id":97,"peso":2},{"id":143,"peso":10},{"id":102,"peso":19},{"id":86,"peso":13},{"id":81,"peso":12},{"id":157,"peso":4},{"id":107,"peso":19},{"id":175,"peso":16},{"id":109,"peso":16},{"id":139,"peso":9},{"id":45,"peso":16},{"id":177,"peso":16},{"id":128,"peso":12},{"id":83,"peso":17},{"id":13,"peso":1},{"id":105,"peso":9},{"id":25,"peso":11},{"id":195,"peso":2},{"id":71,"peso":11},{"id":186,"peso":7},{"id":160,"peso":12},{"id":137,"peso":16},{"id":26,"peso":8},{"id":14,"peso":14},{"id":90,"peso":7},{"id":149,"peso":0},{"id":113,"peso":13},{"id":92,"peso":15},{"id":130,"peso":2},{"id":116,"peso":2},{"id":80,"peso":8},{"id":154,"peso":13},{"id":38,"peso":10},{"id":16,"peso":1},{"id":115,"peso":3},{"id":85,"peso":20},{"id":184,"peso":18},{"id":6,"peso":10},{"id":21,"peso":9},{"id":58,"peso":4},{"id":94,"peso":10},{"id":2,"peso":12},{"id":153,"peso":19},{"id":129,"peso":6},{"id":34,"peso":12},{"id":37,"peso":10},{"id":41,"peso":12},{"id":57,"peso":19},{"id":123,"peso":3},{"id":88,"peso":18},{"id":96,"peso":7},{"id":117,"peso":1},{"id":108,"peso":16},{"id":172,"peso":9},{"id":23,"peso":10},{"id":56,"peso":11},{"id":43,"peso":20},{"id":198,"peso":12},{"id":166,"peso":18},{"id":179,"peso":11},{"id":15,"peso":15},{"id":95,"peso":0},{"id":9,"peso":6},{"id":66,"peso":8},{"id":183,"peso":9},{"id":52,"peso":8},{"id":121,"peso":4},{"id":141,"peso":5},{"id":60,"peso":0},{"id":192,"peso":10},{"id":35,"peso":10},{"id":4,"peso":11},{"id":155,"peso":7},{"id":61,"peso":10},{"id":65,"peso":1},{"id":30,"peso":4},{"id":188,"peso":1},{"id":51,"peso":16},{"id":91,"peso":4}]}