{"docente":{"nome":"Laerte","departamento":"INF","id":1332},"atividades":[{"id":24,"peso":14},{"id":135,"peso":3},{"id":33,"peso":9},{"id":123,"peso":17},{"id":97,"peso":18},{"id":49,"peso":17},{"id":93,"peso":5},{"id":138,"peso":10},{"id":59,"peso":1},{"id":7,"peso":6},{"id":169,"peso":13},{"id":121,"peso":0},{"id":42,"peso":10},{"id":15,"peso":17},{"id":174,"peso":2},{"id":39,"peso":13},{"id":191,"peso":12},{"id":74,"peso":5},{"id":110,"peso":18},{"id":58,"peso":3},{"id":3,"peso":10},{"id":70,"peso":1},{"id":142,"peso":8},{"id":106,"peso":0},{"id":75,"peso":2},{"id":105,"peso":11},{"id":119,"peso":3},{"id":186,"peso":13},{"id":132,"peso":18},{"id":48,"peso":6},{"id":158,"peso":14},{"id":46,"peso":14},{"id":159,"peso":0},{"id":96,"peso":11},{"id":108,"peso":0},{"id":80,"peso":14},{"id":32,"peso":18},{"id":71,"peso":9},{"id":190,"peso":16},{"id":30,"peso":17},{"id":168,"peso":9},{"id":145,"peso":0},{"id":177,"peso":17},{"id":100,"peso":6},{"id":29,"peso":11},{"id":69,"peso":1},{"id":180,"peso":17},{"id":6,"peso":1},{"id":78,"peso":9},{"id":178,"peso":4},{"id":165,"peso":7},{"id":54,"peso":12},{"id":139,"peso":14},{"id":136,"peso":15},{"id":188,"peso":19},{"id":172,"peso":7},{"id":181,"peso":17},{"id":2,"peso":4},{"id":68,"peso":6},{"id":85,"peso":16},{"id":194,"peso":1},{"id":164,"peso":0},{"id":133,"peso":16},{"id":144,"peso":7},{"id":157,"peso":14},{"id":10,"peso":13},{"id":175,"peso":6},{"id":197,"peso":6},{"id":95,"peso":1},{"id":9,"peso":0},{"id":38,"peso":15},{"id":151,"peso":14},{"id":156,"peso":2},{"id":184,"peso":6},{"id":155,"peso":11},{"id":21,"peso":10}]}