{"docente":{"nome":"Marcelo","departamento":"FIC","id":1321},"atividades":[{"id":177,"peso":4},{"id":29,"peso":16},{"id":36,"peso":14},{"id":119,"peso":19},{"id":47,"peso":6},{"id":83,"peso":13},{"id":122,"peso":13},{"id":189,"peso":20},{"id":104,"peso":11},{"id":138,"peso":1},{"id":67,"peso":11},{"id":39,"peso":8},{"id":93,"peso":12},{"id":121,"peso":2},{"id":84,"peso":17},{"id":11,"peso":19},{"id":159,"peso":15},{"id":109,"peso":17},{"id":130,"peso":17},{"id":116,"peso":2},{"id":79,"peso":18},{"id":127,"peso":16},{"id":111,"peso":10},{"id":133,"peso":0},{"id":28,"peso":8},{"id":147,"peso":12},{"id":66,"peso":1},{"id":97,"peso":0},{"id":46,"peso":4},{"id":76,"peso":10},{"id":115,"peso":3},{"id":134,"peso":14},{"id":74,"peso":8},{"id":178,"peso":15},{"id":152,"peso":20},{"id":9,"peso":11},{"id":95,"peso":3},{"id":2,"peso":0},{"id":42,"peso":18},{"id":176,"peso":1},{"id":196,"peso":2},{"id":31,"peso":5},{"id":24,"peso":13},{"id":20,"peso":4},{"id":17,"peso":19},{"id":40,"peso":18},{"id":45,"peso":18},{"id":50,"peso":4},{"id":113,"peso":3},{"id":77,"peso":5},{"id":137,"peso":18},{"id":35,"peso":19},{"id":174,"peso":13},{"id":60,"peso":17},{"id":132,"peso":0},{"id":75,"peso":5},{"id":65,"peso":0},{"id":168,"peso":3},{"id":57,"peso":0},{"id":99,"peso":18},{"id":141,"peso":8},{"id":51,"peso":19},{"id":14,"peso":2},{"id":72,"peso":12},{"id":52,"peso":0},{"id":43,"peso":8},{"id":30,"peso":11},{"id":89,"peso":3},{"id":100,"peso":17},{"id":155,"peso":3},{"id":158,"peso":14},{"id":103,"peso":3},{"id":62,"peso":3},{"id":185,"peso":15},{"id":54,"peso":8},{"id":8,"peso":1},{"id":101,"peso":15},{"id":108,"peso":11},{"id":13,"peso":12},{"id":165,"peso":14},{"id":149,"peso":8}]}