{"docente":{"nome":"Laerte","departamento":"IF","id":1064},"atividades":[{"id":74,"peso":0},{"id":160,"peso":3},{"id":146,"peso":5},{"id":96,"peso":0},{"id":77,"peso":13},{"id":184,"peso":4},{"id":159,"peso":16},{"id":132,"peso":14},{"id":84,"peso":14},{"id":111,"peso":15},{"id":27,"peso":0},{"id":4,"peso":16},{"id":90,"peso":1},{"id":43,"peso":11},{"id":13,"peso":2},{"id":78,"peso":8},{"id":64,"peso":13},{"id":72,"peso":11},{"id":47,"peso":10},{"id":102,"peso":3},{"id":126,"peso":12},{"id":164,"peso":13},{"id":156,"peso":0},{"id":149,"peso":2},{"id":12,"peso":15},{"id":176,"peso":18},{"id":7,"peso":20},{"id":173,"peso":2},{"id":154,"peso":17},{"id":186,"peso":0},{"id":85,"peso":5},{"id":14,"peso":9},{"id":94,"peso":17},{"id":109,"peso":14},{"id":168,"peso":1},{"id":8,"peso":8},{"id":56,"peso":6},{"id":195,"peso":11},{"id":22,"peso":12},{"id":76,"peso":3},{"id":71,"peso":0},{"id":53,"peso":13},{"id":69,"peso":17},{"id":36,"peso":17},{"id":55,"peso":5},{"id":187,"peso":8},{"id":28,"peso":6},{"id":119,"peso":20},{"id":169,"peso":0},{"id":31,"peso":2},{"id":5,"peso":11},{"id":73,"peso":5},{"id":114,"peso":5},{"id":138,"peso":20},{"id":129,"peso":12},{"id":115,"peso":6},{"id":172,"peso":11},{"id":116,"peso":20},{"id":192,"peso":1},{"id":79,"peso":8},{"id":83,"peso":10},{"id":112,"peso":18},{"id":135,"peso":4},{"id":34,"peso":20},{"id":131,"peso":3},{"id":44,"peso":9},{"id":128,"peso":6},{"id":58,"peso":20},{"id":198,"peso":4},{"id":190,"peso":7},{"id":110,"peso":4},{"id":171,"peso":15},{"id":143,"peso":10},{"id":155,"peso":2},{"id":158,"peso":7},{"id":25,"peso":15},{"id":175,"peso":12},{"id":144,"peso":18}]}