{"docente":{"nome":"Karla","departamento":"IF","id":1234},"atividades":[{"id":109,"peso":20},{"id":134,"peso":19},{"id":159,"peso":7},{"id":19,"peso":12},{"id":4,"peso":20},{"id":175,"peso":7},{"id":114,"peso":8},{"id":171,"peso":10},{"id":103,"peso":4},{"id":156,"peso":19},{"id":62,"peso":3},{"id":21,"peso":7},{"id":122,"peso":19},{"id":2,"peso":15},{"id":165,"peso":11},{"id":61,"peso":4},{"id":27,"peso":6},{"id":67,"peso":6},{"id":39,"peso":13},{"id":117,"peso":18},{"id":168,"peso":1},{"id":182,"peso":11},{"id":178,"peso":2},{"id":170,"peso":3},{"id":59,"peso":19},{"id":181,"peso":12},{"id":126,"peso":7},{"id":98,"peso":7},{"id":45,"peso":2},{"id":73,"peso":7},{"id":104,"peso":17},{"id":174,"peso":13},{"id":9,"peso":20},{"id":157,"peso":5},{"id":161,"peso":18},{"id":58,"peso":9},{"id":173,"peso":15},{"id":194,"peso":6},{"id":93,"peso":8},{"id":136,"peso":9},{"id":76,"peso":1},{"id":74,"peso":19},{"id":80,"peso":15},{"id":72,"peso":15},{"id":43,"peso":8},{"id":81,"peso":10},{"id":15,"peso":19},{"id":40,"peso":17},{"id":82,"peso":4},{"id":130,"peso":0},{"id":89,"peso":11},{"id":64,"peso":11},{"id":71,"peso":3},{"id":129,"peso":3},{"id":164,"peso":4},{"id":55,"peso":20},{"id":44,"peso":17},{"id":53,"peso":20},{"id":128,"peso":8},{"id":29,"peso":11},{"id":94,"peso":17},{"id":77,"peso":19},{"id":87,"peso":0},{"id":162,"peso":0},{"id":65,"peso":6},{"id":186,"peso":18},{"id":6,"peso":1},{"id":96,"peso":8},{"id":110,"peso":12},{"id":172,"peso":14},{"id":133,"peso":9},{"id":180,"peso":1},{"id":37,"peso":0},{"id":41,"peso":18},{"id":125,"peso":3}]}