{"docente":{"nome":"Auri","departamento":"INF","id":1216},"atividades":[{"id":57,"peso":16},{"id":71,"peso":8},{"id":115,"peso":5},{"id":145,"peso":4},{"id":90,"peso":12},{"id":99,"peso":7},{"id":101,"peso":18},{"id":178,"peso":20},{"id":34,"peso":0},{"id":100,"peso":17},{"id":169,"peso":15},{"id":167,"peso":10},{"id":163,"peso":3},{"id":165,"peso":15},{"id":93,"peso":10},{"id":125,"peso":1},{"id":22,"peso":14},{"id":87,"peso":18},{"id":188,"peso":5},{"id":89,"peso":8},{"id":4,"peso":13},{"id":197,"peso":9},{"id":149,"peso":10},{"id":148,"peso":11},{"id":37,"peso":15},{"id":88,"peso":9},{"id":51,"peso":13},{"id":55,"peso":12},{"id":153,"peso":12},{"id":49,"peso":17},{"id":189,"peso":3},{"id":126,"peso":13},{"id":58,"peso":19},{"id":77,"peso":4},{"id":194,"peso":13},{"id":21,"peso":17},{"id":123,"peso":13},{"id":35,"peso":16},{"id":75,"peso":1},{"id":47,"peso":9},{"id":45,"peso":3},{"id":46,"peso":5},{"id":116,"peso":20},{"id":13,"peso":10},{"id":127,"peso":0},{"id":142,"peso":5},{"id":40,"peso":7},{"id":140,"peso":4},{"id":150,"peso":17},{"id":132,"peso":0},{"id":104,"peso":12},{"id":24,"peso":8},{"id":61,"peso":12},{"id":78,"peso":13},{"id":2,"peso":6},{"id":96,"peso":1},{"id":159,"peso":2},{"id":173,"peso":15},{"id":135,"peso":3},{"id":27,"peso":13},{"id":79,"peso":2},{"id":130,"peso":6},{"id":97,"peso":1},{"id":95,"peso":6},{"id":11,"peso":5},{"id":143,"peso":20},{"id":181,"peso":2},{"id":36,"peso":13},{"id":41,"peso":8},{"id":56,"peso":1},{"id":152,"peso":18},{"id":20,"peso":6},{"id":60,"peso":9},{"id":102,"peso":1},{"id":23,"peso":6},{"id":161,"peso":17},{"id":124,"peso":0},{"id":192,"peso":13},{"id":151,"peso":6},{"id":83,"peso":11},{"id":43,"peso":15},{"id":9,"peso":7}]}