{"docente":{"nome":"Adriana","departamento":"IF","id":1244},"atividades":[{"id":143,"peso":17},{"id":104,"peso":11},{"id":91,"peso":20},{"id":18,"peso":19},{"id":19,"peso":14},{"id":183,"peso":3},{"id":152,"peso":17},{"id":110,"peso":12},{"id":170,"peso":9},{"id":11,"peso":15},{"id":72,"peso":6},{"id":148,"peso":17},{"id":181,"peso":12},{"id":90,"peso":20},{"id":102,"peso":10},{"id":136,"peso":10},{"id":62,"peso":4},{"id":93,"peso":1},{"id":39,"peso":17},{"id":120,"peso":5},{"id":50,"peso":1},{"id":30,"peso":14},{"id":106,"peso":16},{"id":138,"peso":6},{"id":137,"peso":3},{"id":61,"peso":13},{"id":5,"peso":8},{"id":80,"peso":2},{"id":117,"peso":19},{"id":51,"peso":5},{"id":176,"peso":12},{"id":158,"peso":15},{"id":37,"peso":0},{"id":53,"peso":0},{"id":144,"peso":0},{"id":118,"peso":15},{"id":3,"peso":5},{"id":161,"peso":16},{"id":173,"peso":16},{"id":100,"peso":14},{"id":167,"peso":15},{"id":130,"peso":14},{"id":4,"peso":19},{"id":87,"peso":7},{"id":96,"peso":5},{"id":44,"peso":9},{"id":128,"peso":19},{"id":67,"peso":2},{"id":45,"peso":20},{"id":94,"peso":8},{"id":171,"peso":2},{"id":186,"peso":16},{"id":147,"peso":0},{"id":113,"peso":20},{"id":124,"peso":6},{"id":172,"peso":10},{"id":73,"peso":20},{"id":190,"peso":16},{"id":111,"peso":17},{"id":47,"peso":9},{"id":23,"peso":2},{"id":153,"peso":1},{"id":163,"peso":4},{"id":157,"peso":5},{"id":49,"peso":8},{"id":192,"peso":0},{"id":24,"peso":7},{"id":21,"peso":18},{"id":15,"peso":20},{"id":75,"peso":13},{"id":108,"peso":18},{"id":35,"peso":17},{"id":194,"peso":2},{"id":166,"peso":3},{"id":95,"peso":14},{"id":177,"peso":9},{"id":174,"peso":0},{"id":105,"peso":11},{"id":193,"peso":4},{"id":150,"peso":0}]}