{"docente":{"nome":"Fabio","departamento":"FIC","id":100},"atividades":[{"id":40,"peso":20},{"id":181,"peso":2},{"id":196,"peso":2},{"id":166,"peso":17},{"id":13,"peso":10},{"id":68,"peso":20},{"id":19,"peso":17},{"id":84,"peso":18},{"id":130,"peso":13},{"id":151,"peso":15},{"id":39,"peso":20},{"id":192,"peso":19},{"id":112,"peso":4},{"id":8,"peso":6},{"id":90,"peso":6},{"id":66,"peso":10},{"id":27,"peso":11},{"id":78,"peso":16},{"id":96,"peso":13},{"id":21,"peso":15},{"id":142,"peso":18},{"id":82,"peso":18},{"id":173,"peso":11},{"id":44,"peso":4},{"id":12,"peso":10},{"id":105,"peso":4},{"id":42,"peso":10},{"id":64,"peso":7},{"id":185,"peso":12},{"id":91,"peso":5},{"id":32,"peso":5},{"id":70,"peso":20},{"id":132,"peso":13},{"id":179,"peso":17},{"id":197,"peso":20},{"id":73,"peso":18},{"id":174,"peso":16},{"id":88,"peso":12},{"id":139,"peso":13},{"id":159,"peso":6},{"id":37,"peso":11},{"id":110,"peso":5},{"id":57,"peso":5},{"id":11,"peso":14},{"id":30,"peso":16},{"id":10,"peso":0},{"id":123,"peso":6},{"id":128,"peso":7},{"id":1,"peso":11},{"id":46,"peso":3},{"id":67,"peso":0},{"id":187,"peso":5},{"id":154,"peso":4},{"id":58,"peso":18},{"id":148,"peso":12},{"id":118,"peso":11},{"id":167,"peso":10},{"id":65,"peso":17},{"id":52,"peso":17},{"id":144,"peso":13},{"id":53,"peso":14},{"id":38,"peso":10},{"id":189,"peso":9},{"id":168,"peso":3},{"id":6,"peso":11},{"id":92,"peso":14},{"id":28,"peso":18},{"id":131,"peso":16},{"id":119,"peso":17},{"id":182,"peso":6},{"id":59,"peso":20},{"id":145,"peso":5},{"id":191,"peso":8},{"id":85,"peso":1},{"id":140,"peso":16},{"id":93,"peso":19},{"id":5,"peso":14},{"id":36,"peso":2},{"id":150,"peso":9},{"id":14,"peso":4},{"id":149,"peso":15}]}