{"docente":{"nome":"Berenice","departamento":"FEF","id":1439},"atividades":[{"id":190,"peso":4},{"id":121,"peso":10},{"id":110,"peso":16},{"id":71,"peso":12},{"id":54,"peso":2},{"id":165,"peso":7},{"id":75,"peso":0},{"id":97,"peso":20},{"id":18,"peso":15},{"id":135,"peso":11},{"id":146,"peso":12},{"id":91,"peso":17},{"id":8,"peso":4},{"id":143,"peso":11},{"id":163,"peso":11},{"id":99,"peso":8},{"id":177,"peso":18},{"id":73,"peso":10},{"id":128,"peso":15},{"id":12,"peso":14},{"id":168,"peso":14},{"id":57,"peso":15},{"id":141,"peso":15},{"id":55,"peso":19},{"id":117,"peso":15},{"id":145,"peso":17},{"id":98,"peso":18},{"id":119,"peso":3},{"id":50,"peso":2},{"id":120,"peso":11},{"id":164,"peso":6},{"id":85,"peso":20},{"id":96,"peso":13},{"id":17,"peso":3},{"id":30,"peso":9},{"id":195,"peso":1},{"id":41,"peso":17},{"id":39,"peso":5},{"id":167,"peso":13},{"id":51,"peso":10},{"id":23,"peso":17},{"id":9,"peso":6},{"id":34,"peso":1},{"id":181,"peso":17},{"id":10,"peso":16},{"id":92,"peso":7},{"id":124,"peso":2},{"id":3,"peso":17},{"id":113,"peso":6},{"id":1,"peso":19},{"id":21,"peso":3},{"id":82,"peso":1},{"id":26,"peso":19},{"id":112,"peso":4},{"id":149,"peso":16},{"id":133,"peso":14},{"id":59,"peso":17},{"id":189,"peso":14},{"id":186,"peso":16},{"id":14,"peso":5},{"id":140,"peso":19},{"id":69,"peso":0},{"id":86,"peso":13},{"id":15,"peso":19},{"id":169,"peso":14},{"id":58,"peso":18},{"id":4,"peso":11},{"id":43,"peso":0},{"id":188,"peso":7},{"id":192,"peso":7},{"id":78,"peso":20},{"id":42,"peso":12},{"id":83,"peso":6},{"id":11,"peso":2},{"id":64,"peso":8},{"id":144,"peso":13},{"id":158,"peso":17},{"id":197,"peso":3}]}