{"docente":{"nome":"Maria","departamento":"IQ","id":115},"atividades":[{"id":127,"peso":7},{"id":79,"peso":4},{"id":193,"peso":1},{"id":124,"peso":15},{"id":155,"peso":9},{"id":34,"peso":20},{"id":84,"peso":20},{"id":185,"peso":4},{"id":3,"peso":16},{"id":158,"peso":1},{"id":8,"peso":14},{"id":1,"peso":15},{"id":75,"peso":15},{"id":51,"peso":5},{"id":60,"peso":12},{"id":43,"peso":2},{"id":28,"peso":12},{"id":58,"peso":12},{"id":85,"peso":15},{"id":122,"peso":4},{"id":38,"peso":16},{"id":116,"peso":17},{"id":7,"peso":11},{"id":72,"peso":7},{"id":10,"peso":8},{"id":165,"peso":17},{"id":140,"peso":4},{"id":37,"peso":20},{"id":175,"peso":13},{"id":55,"peso":5},{"id":195,"peso":6},{"id":131,"peso":8},{"id":172,"peso":13},{"id":120,"peso":13},{"id":194,"peso":8},{"id":146,"peso":15},{"id":93,"peso":9},{"id":42,"peso":18},{"id":87,"peso":0},{"id":187,"peso":8},{"id":132,"peso":20},{"id":117,"peso":5},{"id":96,"peso":7},{"id":90,"peso":0},{"id":105,"peso":3},{"id":77,"peso":20},{"id":68,"peso":9},{"id":67,"peso":8},{"id":21,"peso":16},{"id":113,"peso":14},{"id":83,"peso":8},{"id":180,"peso":17},{"id":16,"peso":14},{"id":178,"peso":5},{"id":89,"peso":14},{"id":157,"peso":8},{"id":123,"peso":6},{"id":179,"peso":1},{"id":182,"peso":15},{"id":177,"peso":8},{"id":30,"peso":14},{"id":82,"peso":15},{"id":19,"peso":20},{"id":129,"peso":19},{"id":22,"peso":15},{"id":135,"peso":5},{"id":26,"peso":16},{"id":174,"peso":19},{"id":14,"peso":9},{"id":163,"peso":18},{"id":98,"peso":5},{"id":161,"peso":18},{"id":186,"peso":3},{"id":167,"peso":5},{"id":91,"peso":2},{"id":176,"peso":18},{"id":78,"peso":3},{"id":41,"peso":18},{"id":126,"peso":14},{"id":92,"peso":13}]}