{"docente":{"nome":"Auri","departamento":"ICB","id":1255},"atividades":[{"id":146,"peso":13},{"id":96,"peso":3},{"id":139,"peso":17},{"id":169,"peso":15},{"id":131,"peso":13},{"id":42,"peso":3},{"id":170,"peso":9},{"id":175,"peso":1},{"id":32,"peso":2},{"id":160,"peso":14},{"id":172,"peso":17},{"id":4,"peso":3},{"id":47,"peso":5},{"id":2,"peso":11},{"id":123,"peso":5},{"id":144,"peso":18},{"id":10,"peso":6},{"id":177,"peso":17},{"id":103,"peso":19},{"id":9,"peso":0},{"id":152,"peso":13},{"id":78,"peso":2},{"id":33,"peso":2},{"id":165,"peso":5},{"id":197,"peso":20},{"id":126,"peso":16},{"id":141,"peso":5},{"id":185,"peso":20},{"id":40,"peso":13},{"id":97,"peso":7},{"id":95,"peso":16},{"id":65,"peso":18},{"id":138,"peso":2},{"id":85,"peso":10},{"id":174,"peso":12},{"id":113,"peso":3},{"id":102,"peso":0},{"id":28,"peso":19},{"id":91,"peso":20},{"id":129,"peso":18},{"id":25,"peso":10},{"id":75,"peso":5},{"id":155,"peso":11},{"id":24,"peso":17},{"id":66,"peso":2},{"id":101,"peso":2},{"id":31,"peso":12},{"id":162,"peso":9},{"id":116,"peso":15},{"id":39,"peso":9},{"id":119,"peso":19},{"id":163,"peso":10},{"id":191,"peso":6},{"id":7,"peso":4},{"id":104,"peso":7},{"id":86,"peso":10},{"id":50,"peso":7},{"id":84,"peso":13},{"id":154,"peso":9},{"id":38,"peso":15},{"id":189,"peso":15},{"id":83,"peso":16},{"id":1,"peso":11},{"id":133,"peso":14},{"id":44,"peso":3},{"id":167,"peso":11},{"id":56,"peso":6},{"id":187,"peso":15},{"id":136,"peso":12},{"id":23,"peso":3},{"id":15,"peso":6},{"id":21,"peso":11},{"id":70,"peso":10},{"id":5,"peso":6},{"id":164,"peso":10},{"id":41,"peso":15},{"id":178,"peso":3},{"id":12,"peso":20},{"id":194,"peso":16}]}