{"docente":{"nome":"Adriana","departamento":"INF","id":1408},"atividades":[{"id":71,"peso":16},{"id":75,"peso":8},{"id":28,"peso":6},{"id":108,"peso":19},{"id":50,"peso":14},{"id":57,"peso":13},{"id":45,"peso":20},{"id":91,"peso":3},{"id":73,"peso":6},{"id":80,"peso":8},{"id":65,"peso":19},{"id":82,"peso":4},{"id":48,"peso":20},{"id":129,"peso":3},{"id":77,"peso":7},{"id":146,"peso":13},{"id":49,"peso":16},{"id":18,"peso":7},{"id":182,"peso":13},{"id":193,"peso":14},{"id":163,"peso":10},{"id":102,"peso":12},{"id":185,"peso":12},{"id":148,"peso":17},{"id":34,"peso":11},{"id":135,"peso":20},{"id":59,"peso":10},{"id":25,"peso":6},{"id":9,"peso":10},{"id":134,"peso":6},{"id":64,"peso":15},{"id":103,"peso":11},{"id":41,"peso":2},{"id":140,"peso":5},{"id":153,"peso":0},{"id":189,"peso":20},{"id":83,"peso":12},{"id":161,"peso":2},{"id":36,"peso":0},{"id":87,"peso":7},{"id":94,"peso":0},{"id":188,"peso":3},{"id":142,"peso":8},{"id":56,"peso":15},{"id":118,"peso":1},{"id":99,"peso":17},{"id":147,"peso":12},{"id":133,"peso":8},{"id":167,"peso":15},{"id":29,"peso":2},{"id":35,"peso":19},{"id":5,"peso":0},{"id":74,"peso":14},{"id":127,"peso":18},{"id":130,"peso":9},{"id":101,"peso":0},{"id":97,"peso":2},{"id":184,"peso":14},{"id":7,"peso":12},{"id":100,"peso":8},{"id":156,"peso":18},{"id":96,"peso":15},{"id":31,"peso":20},{"id":131,"peso":17},{"id":93,"peso":3},{"id":126,"peso":9},{"id":51,"peso":15},{"id":158,"peso":12},{"id":4,"peso":8},{"id":149,"peso":0},{"id":196,"peso":12},{"id":181,"peso":12},{"id":151,"peso":15},{"id":79,"peso":11},{"id":172,"peso":2},{"id":145,"peso":0},{"id":54,"peso":3},{"id":157,"peso":2},{"id":138,"peso":20},{"id":21,"peso":18},{"id":178,"peso":12},{"id":106,"peso":6},{"id":160,"peso":4},{"id":136,"peso":2},{"id":179,"peso":3},{"id":17,"peso":10}]}