{"docente":{"nome":"Henrique","departamento":"ICB","id":133},"atividades":[{"id":34,"peso":16},{"id":85,"peso":19},{"id":54,"peso":19},{"id":134,"peso":4},{"id":135,"peso":12},{"id":100,"peso":7},{"id":171,"peso":17},{"id":67,"peso":0},{"id":73,"peso":16},{"id":183,"peso":7},{"id":133,"peso":0},{"id":7,"peso":12},{"id":44,"peso":0},{"id":177,"peso":20},{"id":39,"peso":11},{"id":13,"peso":0},{"id":127,"peso":17},{"id":21,"peso":11},{"id":195,"peso":6},{"id":3,"peso":8},{"id":71,"peso":17},{"id":196,"peso":4},{"id":191,"peso":10},{"id":42,"peso":4},{"id":15,"peso":12},{"id":69,"peso":12},{"id":92,"peso":13},{"id":146,"peso":16},{"id":78,"peso":11},{"id":150,"peso":2},{"id":157,"peso":2},{"id":29,"peso":7},{"id":5,"peso":14},{"id":32,"peso":18},{"id":178,"peso":9},{"id":129,"peso":13},{"id":187,"peso":14},{"id":148,"peso":5},{"id":81,"peso":2},{"id":109,"peso":17},{"id":111,"peso":18},{"id":189,"peso":3},{"id":53,"peso":13},{"id":151,"peso":7},{"id":22,"peso":17},{"id":87,"peso":15},{"id":119,"peso":10},{"id":167,"peso":2},{"id":104,"peso":7},{"id":165,"peso":13},{"id":118,"peso":17},{"id":144,"peso":3},{"id":50,"peso":2},{"id":88,"peso":15},{"id":172,"peso":0},{"id":149,"peso":0},{"id":112,"peso":14},{"id":188,"peso":14},{"id":152,"peso":10},{"id":89,"peso":14},{"id":158,"peso":16},{"id":12,"peso":6},{"id":4,"peso":12},{"id":84,"peso":19},{"id":115,"peso":9},{"id":98,"peso":3},{"id":137,"peso":5},{"id":176,"peso":12},{"id":180,"peso":17},{"id":86,"peso":18},{"id":117,"peso":2},{"id":186,"peso":15},{"id":55,"peso":12},{"id":141,"peso":17},{"id":47,"peso":18},{"id":194,"peso":2},{"id":41,"peso":3},{"id":51,"peso":20},{"id":102,"peso":9}]}