{"docente":{"nome":"Henrique","departamento":"FIC","id":1447},"atividades":[{"id":77,"peso":8},{"id":163,"peso":20},{"id":20,"peso":13},{"id":22,"peso":9},{"id":12,"peso":13},{"id":43,"peso":3},{"id":189,"peso":16},{"id":72,"peso":2},{"id":83,"peso":20},{"id":10,"peso":9},{"id":155,"peso":1},{"id":116,"peso":19},{"id":66,"peso":0},{"id":154,"peso":18},{"id":191,"peso":20},{"id":192,"peso":5},{"id":184,"peso":18},{"id":136,"peso":19},{"id":172,"peso":7},{"id":104,"peso":3},{"id":42,"peso":7},{"id":135,"peso":10},{"id":4,"peso":4},{"id":84,"peso":8},{"id":96,"peso":3},{"id":107,"peso":10},{"id":140,"peso":9},{"id":181,"peso":16},{"id":111,"peso":4},{"id":174,"peso":14},{"id":114,"peso":13},{"id":8,"peso":18},{"id":9,"peso":11},{"id":168,"peso":13},{"id":2,"peso":10},{"id":16,"peso":12},{"id":198,"peso":5},{"id":88,"peso":19},{"id":37,"peso":3},{"id":126,"peso":9},{"id":92,"peso":16},{"id":158,"peso":19},{"id":170,"peso":4},{"id":132,"peso":0},{"id":1,"peso":19},{"id":75,"peso":5},{"id":6,"peso":4},{"id":98,"peso":17},{"id":33,"peso":14},{"id":24,"peso":18},{"id":165,"peso":15},{"id":152,"peso":3},{"id":13,"peso":11},{"id":146,"peso":9},{"id":36,"peso":0},{"id":58,"peso":9},{"id":21,"peso":6},{"id":53,"peso":19},{"id":105,"peso":15},{"id":178,"peso":17},{"id":48,"peso":17},{"id":179,"peso":3},{"id":15,"peso":7},{"id":100,"peso":5},{"id":173,"peso":2},{"id":153,"peso":9},{"id":64,"peso":3},{"id":145,"peso":12},{"id":182,"peso":7},{"id":93,"peso":6},{"id":80,"peso":14},{"id":194,"peso":6},{"id":40,"peso":10},{"id":131,"peso":18},{"id":180,"peso":10},{"id":101,"peso":10},{"id":144,"peso":5},{"id":134,"peso":18}]}