{"docente":{"nome":"Karla","departamento":"ICB","id":112},"atividades":[{"id":93,"peso":16},{"id":5,"peso":7},{"id":111,"peso":5},{"id":107,"peso":6},{"id":137,"peso":16},{"id":37,"peso":9},{"id":72,"peso":6},{"id":145,"peso":17},{"id":144,"peso":16},{"id":29,"peso":10},{"id":161,"peso":20},{"id":11,"peso":11},{"id":192,"peso":1},{"id":57,"peso":0},{"id":134,"peso":9},{"id":41,"peso":10},{"id":66,"peso":20},{"id":38,"peso":16},{"id":126,"peso":17},{"id":103,"peso":20},{"id":124,"peso":7},{"id":152,"peso":18},{"id":68,"peso":18},{"id":61,"peso":3},{"id":154,"peso":17},{"id":64,"peso":17},{"id":196,"peso":13},{"id":109,"peso":1},{"id":130,"peso":13},{"id":180,"peso":3},{"id":187,"peso":8},{"id":20,"peso":18},{"id":94,"peso":11},{"id":15,"peso":0},{"id":136,"peso":16},{"id":115,"peso":19},{"id":182,"peso":14},{"id":142,"peso":11},{"id":42,"peso":2},{"id":125,"peso":18},{"id":25,"peso":6},{"id":118,"peso":7},{"id":98,"peso":20},{"id":194,"peso":18},{"id":173,"peso":20},{"id":189,"peso":10},{"id":141,"peso":3},{"id":16,"peso":3},{"id":133,"peso":10},{"id":91,"peso":4},{"id":28,"peso":12},{"id":43,"peso":6},{"id":129,"peso":3},{"id":96,"peso":5},{"id":164,"peso":6},{"id":101,"peso":16},{"id":167,"peso":9},{"id":169,"peso":15},{"id":21,"peso":20},{"id":14,"peso":5},{"id":179,"peso":14},{"id":53,"peso":4},{"id":7,"peso":12},{"id":183,"peso":20},{"id":156,"peso":19},{"id":184,"peso":5},{"id":177,"peso":2},{"id":92,"peso":4},{"id":176,"peso":1},{"id":143,"peso":13},{"id":40,"peso":16},{"id":62,"peso":5},{"id":76,"peso":15},{"id":87,"peso":4},{"id":90,"peso":19},{"id":12,"peso":9},{"id":24,"peso":10},{"id":170,"peso":9},{"id":186,"peso":8},{"id":3,"peso":3},{"id":22,"peso":0},{"id":110,"peso":15},{"id":181,"peso":14},{"id":17,"peso":16}]}