{"docente":{"nome":"Guilherme","departamento":"ICB","id":1187},"atividades":[{"id":48,"peso":3},{"id":111,"peso":13},{"id":51,"peso":20},{"id":177,"peso":10},{"id":171,"peso":7},{"id":52,"peso":19},{"id":141,"peso":5},{"id":192,"peso":7},{"id":119,"peso":2},{"id":29,"peso":18},{"id":176,"peso":19},{"id":60,"peso":9},{"id":182,"peso":13},{"id":91,"peso":15},{"id":124,"peso":12},{"id":49,"peso":9},{"id":155,"peso":14},{"id":81,"peso":8},{"id":181,"peso":1},{"id":189,"peso":15},{"id":180,"peso":11},{"id":118,"peso":9},{"id":194,"peso":5},{"id":92,"peso":20},{"id":27,"peso":3},{"id":33,"peso":6},{"id":74,"peso":20},{"id":83,"peso":5},{"id":137,"peso":15},{"id":56,"peso":11},{"id":101,"peso":10},{"id":87,"peso":10},{"id":86,"peso":5},{"id":36,"peso":15},{"id":14,"peso":8},{"id":135,"peso":12},{"id":115,"peso":6},{"id":37,"peso":7},{"id":108,"peso":3},{"id":18,"peso":6},{"id":79,"peso":13},{"id":126,"peso":7},{"id":54,"peso":17},{"id":159,"peso":20},{"id":117,"peso":17},{"id":61,"peso":9},{"id":7,"peso":9},{"id":134,"peso":8},{"id":145,"peso":11},{"id":113,"peso":0},{"id":35,"peso":6},{"id":85,"peso":3},{"id":168,"peso":20},{"id":183,"peso":10},{"id":70,"peso":9},{"id":185,"peso":18},{"id":68,"peso":11},{"id":93,"peso":6},{"id":161,"peso":17},{"id":96,"peso":4},{"id":162,"peso":9},{"id":198,"peso":1},{"id":109,"peso":1},{"id":95,"peso":18},{"id":173,"peso":11},{"id":107,"peso":12},{"id":138,"peso":17},{"id":191,"peso":8},{"id":12,"peso":12},{"id":175,"peso":17},{"id":47,"peso":10},{"id":77,"peso":1},{"id":80,"peso":5},{"id":13,"peso":20},{"id":43,"peso":8},{"id":17,"peso":14},{"id":120,"peso":0},{"id":139,"peso":1}]}