{"docente":{"nome":"Pedro","departamento":"FIC","id":1281},"atividades":[{"id":104,"peso":15},{"id":47,"peso":13},{"id":75,"peso":18},{"id":143,"peso":19},{"id":117,"peso":9},{"id":161,"peso":13},{"id":71,"peso":2},{"id":110,"peso":7},{"id":191,"peso":11},{"id":91,"peso":4},{"id":169,"peso":0},{"id":26,"peso":7},{"id":54,"peso":9},{"id":128,"peso":8},{"id":112,"peso":11},{"id":39,"peso":6},{"id":118,"peso":9},{"id":121,"peso":4},{"id":15,"peso":0},{"id":22,"peso":14},{"id":178,"peso":18},{"id":17,"peso":13},{"id":25,"peso":8},{"id":198,"peso":14},{"id":92,"peso":9},{"id":156,"peso":17},{"id":72,"peso":11},{"id":99,"peso":16},{"id":186,"peso":13},{"id":93,"peso":7},{"id":193,"peso":17},{"id":86,"peso":12},{"id":180,"peso":6},{"id":144,"peso":16},{"id":148,"peso":15},{"id":172,"peso":0},{"id":183,"peso":7},{"id":154,"peso":17},{"id":13,"peso":20},{"id":166,"peso":18},{"id":66,"peso":9},{"id":58,"peso":8},{"id":135,"peso":13},{"id":79,"peso":5},{"id":73,"peso":19},{"id":137,"peso":2},{"id":85,"peso":19},{"id":9,"peso":2},{"id":32,"peso":5},{"id":20,"peso":6},{"id":149,"peso":9},{"id":141,"peso":0},{"id":31,"peso":13},{"id":136,"peso":7},{"id":45,"peso":6},{"id":182,"peso":18},{"id":108,"peso":20},{"id":5,"peso":18},{"id":62,"peso":13},{"id":2,"peso":10},{"id":184,"peso":4},{"id":84,"peso":15},{"id":1,"peso":5},{"id":57,"peso":12},{"id":90,"peso":7},{"id":124,"peso":0},{"id":74,"peso":17},{"id":115,"peso":0},{"id":64,"peso":17},{"id":134,"peso":12},{"id":37,"peso":8},{"id":101,"peso":13},{"id":119,"peso":0},{"id":48,"peso":19},{"id":19,"peso":11},{"id":109,"peso":4},{"id":157,"peso":19},{"id":103,"peso":3}]}