{"docente":{"nome":"Fabio","departamento":"ICB","id":1320},"atividades":[{"id":142,"peso":13},{"id":152,"peso":6},{"id":39,"peso":3},{"id":77,"peso":4},{"id":180,"peso":15},{"id":55,"peso":1},{"id":189,"peso":10},{"id":9,"peso":6},{"id":173,"peso":14},{"id":61,"peso":18},{"id":18,"peso":16},{"id":41,"peso":11},{"id":175,"peso":8},{"id":20,"peso":14},{"id":43,"peso":14},{"id":59,"peso":6},{"id":21,"peso":0},{"id":145,"peso":3},{"id":121,"peso":6},{"id":122,"peso":2},{"id":174,"peso":19},{"id":17,"peso":0},{"id":161,"peso":14},{"id":44,"peso":20},{"id":183,"peso":6},{"id":5,"peso":8},{"id":157,"peso":2},{"id":190,"peso":3},{"id":123,"peso":11},{"id":101,"peso":18},{"id":146,"peso":16},{"id":65,"peso":13},{"id":114,"peso":2},{"id":132,"peso":14},{"id":92,"peso":17},{"id":198,"peso":0},{"id":36,"peso":12},{"id":129,"peso":12},{"id":31,"peso":8},{"id":53,"peso":10},{"id":136,"peso":15},{"id":194,"peso":19},{"id":58,"peso":10},{"id":192,"peso":0},{"id":165,"peso":11},{"id":95,"peso":7},{"id":66,"peso":9},{"id":182,"peso":1},{"id":151,"peso":19},{"id":104,"peso":8},{"id":37,"peso":9},{"id":112,"peso":17},{"id":12,"peso":19},{"id":71,"peso":12},{"id":181,"peso":2},{"id":75,"peso":4},{"id":51,"peso":4},{"id":98,"peso":5},{"id":10,"peso":15},{"id":168,"peso":10},{"id":86,"peso":6},{"id":60,"peso":17},{"id":135,"peso":9},{"id":74,"peso":6},{"id":160,"peso":19},{"id":128,"peso":12},{"id":107,"peso":20},{"id":138,"peso":13},{"id":49,"peso":8},{"id":26,"peso":7},{"id":120,"peso":4},{"id":13,"peso":0},{"id":131,"peso":10},{"id":116,"peso":12}]}