{"docente":{"nome":"Adriana","departamento":"FIC","id":1090},"atividades":[{"id":132,"peso":1},{"id":60,"peso":10},{"id":144,"peso":18},{"id":150,"peso":9},{"id":170,"peso":12},{"id":8,"peso":16},{"id":74,"peso":17},{"id":53,"peso":17},{"id":141,"peso":12},{"id":95,"peso":17},{"id":161,"peso":9},{"id":169,"peso":18},{"id":179,"peso":3},{"id":166,"peso":1},{"id":11,"peso":11},{"id":90,"peso":5},{"id":130,"peso":15},{"id":129,"peso":5},{"id":192,"peso":13},{"id":30,"peso":9},{"id":63,"peso":14},{"id":62,"peso":5},{"id":86,"peso":18},{"id":33,"peso":0},{"id":193,"peso":8},{"id":21,"peso":7},{"id":188,"peso":1},{"id":67,"peso":15},{"id":167,"peso":2},{"id":140,"peso":7},{"id":20,"peso":19},{"id":64,"peso":7},{"id":45,"peso":3},{"id":115,"peso":6},{"id":105,"peso":6},{"id":102,"peso":18},{"id":184,"peso":17},{"id":41,"peso":18},{"id":142,"peso":13},{"id":61,"peso":1},{"id":196,"peso":18},{"id":70,"peso":18},{"id":175,"peso":18},{"id":191,"peso":15},{"id":164,"peso":15},{"id":37,"peso":20},{"id":157,"peso":13},{"id":124,"peso":0},{"id":39,"peso":20},{"id":28,"peso":11},{"id":87,"peso":18},{"id":52,"peso":1},{"id":32,"peso":19},{"id":97,"peso":16},{"id":133,"peso":15},{"id":66,"peso":19},{"id":107,"peso":9},{"id":69,"peso":17},{"id":181,"peso":18},{"id":113,"peso":1},{"id":10,"peso":5},{"id":80,"peso":17},{"id":4,"peso":17},{"id":186,"peso":11},{"id":103,"peso":6},{"id":120,"peso":6},{"id":24,"peso":9},{"id":59,"peso":18},{"id":117,"peso":11},{"id":122,"peso":11},{"id":1,"peso":13},{"id":85,"peso":2},{"id":185,"peso":13},{"id":114,"peso":17},{"id":79,"peso":15},{"id":168,"peso":13},{"id":51,"peso":11},{"id":126,"peso":1}]}