{"docente":{"nome":"Henrique","departamento":"FIC","id":1361},"atividades":[{"id":137,"peso":15},{"id":109,"peso":3},{"id":153,"peso":15},{"id":73,"peso":14},{"id":38,"peso":0},{"id":128,"peso":10},{"id":94,"peso":11},{"id":67,"peso":19},{"id":54,"peso":17},{"id":198,"peso":18},{"id":152,"peso":19},{"id":127,"peso":3},{"id":171,"peso":9},{"id":180,"peso":16},{"id":24,"peso":19},{"id":140,"peso":20},{"id":151,"peso":10},{"id":102,"peso":12},{"id":64,"peso":2},{"id":155,"peso":15},{"id":104,"peso":19},{"id":5,"peso":0},{"id":33,"peso":2},{"id":10,"peso":9},{"id":129,"peso":15},{"id":48,"peso":11},{"id":139,"peso":7},{"id":131,"peso":2},{"id":29,"peso":14},{"id":41,"peso":8},{"id":61,"peso":16},{"id":39,"peso":1},{"id":108,"peso":5},{"id":57,"peso":20},{"id":70,"peso":11},{"id":168,"peso":1},{"id":176,"peso":16},{"id":120,"peso":12},{"id":156,"peso":17},{"id":167,"peso":1},{"id":182,"peso":12},{"id":161,"peso":18},{"id":146,"peso":2},{"id":98,"peso":19},{"id":143,"peso":13},{"id":13,"peso":18},{"id":125,"peso":3},{"id":87,"peso":0},{"id":197,"peso":10},{"id":136,"peso":0},{"id":84,"peso":19},{"id":37,"peso":2},{"id":86,"peso":16},{"id":9,"peso":1},{"id":107,"peso":0},{"id":181,"peso":20},{"id":194,"peso":7},{"id":11,"peso":3},{"id":4,"peso":8},{"id":88,"peso":15},{"id":147,"peso":17},{"id":117,"peso":7},{"id":190,"peso":14},{"id":6,"peso":16},{"id":23,"peso":4},{"id":69,"peso":5},{"id":110,"peso":3},{"id":74,"peso":19},{"id":112,"peso":17},{"id":124,"peso":10},{"id":178,"peso":19},{"id":93,"peso":13},{"id":51,"peso":10},{"id":196,"peso":20},{"id":47,"peso":18}]}