{"docente":{"nome":"Luiz","departamento":"ICB","id":137},"atividades":[{"id":134,"peso":19},{"id":110,"peso":5},{"id":196,"peso":19},{"id":35,"peso":1},{"id":56,"peso":13},{"id":97,"peso":11},{"id":70,"peso":10},{"id":98,"peso":17},{"id":121,"peso":1},{"id":44,"peso":8},{"id":189,"peso":4},{"id":145,"peso":11},{"id":5,"peso":17},{"id":3,"peso":11},{"id":38,"peso":16},{"id":127,"peso":4},{"id":34,"peso":12},{"id":8,"peso":3},{"id":6,"peso":11},{"id":198,"peso":14},{"id":125,"peso":5},{"id":75,"peso":3},{"id":58,"peso":10},{"id":176,"peso":15},{"id":55,"peso":5},{"id":136,"peso":7},{"id":51,"peso":18},{"id":40,"peso":4},{"id":13,"peso":5},{"id":94,"peso":3},{"id":138,"peso":5},{"id":180,"peso":8},{"id":76,"peso":4},{"id":154,"peso":1},{"id":102,"peso":2},{"id":78,"peso":4},{"id":69,"peso":19},{"id":29,"peso":5},{"id":49,"peso":10},{"id":141,"peso":16},{"id":123,"peso":9},{"id":1,"peso":12},{"id":113,"peso":20},{"id":83,"peso":4},{"id":48,"peso":10},{"id":195,"peso":19},{"id":122,"peso":17},{"id":160,"peso":12},{"id":166,"peso":3},{"id":191,"peso":14},{"id":91,"peso":19},{"id":87,"peso":13},{"id":109,"peso":1},{"id":170,"peso":5},{"id":61,"peso":17},{"id":68,"peso":14},{"id":64,"peso":7},{"id":85,"peso":13},{"id":151,"peso":11},{"id":194,"peso":0},{"id":142,"peso":7},{"id":77,"peso":19},{"id":173,"peso":4},{"id":93,"peso":10},{"id":26,"peso":7},{"id":137,"peso":10},{"id":157,"peso":16},{"id":184,"peso":7},{"id":149,"peso":15},{"id":46,"peso":3},{"id":183,"peso":0},{"id":89,"peso":20},{"id":186,"peso":15},{"id":54,"peso":6},{"id":82,"peso":13},{"id":131,"peso":10},{"id":31,"peso":0},{"id":107,"peso":2}]}