{"docente":{"nome":"Ingrid","departamento":"FIC","id":1250},"atividades":[{"id":76,"peso":18},{"id":143,"peso":9},{"id":177,"peso":11},{"id":166,"peso":13},{"id":116,"peso":13},{"id":42,"peso":14},{"id":18,"peso":8},{"id":179,"peso":11},{"id":135,"peso":18},{"id":83,"peso":18},{"id":28,"peso":0},{"id":183,"peso":0},{"id":158,"peso":0},{"id":91,"peso":9},{"id":6,"peso":0},{"id":44,"peso":9},{"id":61,"peso":1},{"id":141,"peso":4},{"id":93,"peso":15},{"id":59,"peso":9},{"id":53,"peso":16},{"id":63,"peso":3},{"id":132,"peso":0},{"id":12,"peso":0},{"id":154,"peso":4},{"id":156,"peso":11},{"id":133,"peso":3},{"id":191,"peso":10},{"id":146,"peso":3},{"id":109,"peso":16},{"id":170,"peso":14},{"id":49,"peso":15},{"id":111,"peso":17},{"id":70,"peso":3},{"id":22,"peso":10},{"id":51,"peso":10},{"id":194,"peso":3},{"id":73,"peso":2},{"id":95,"peso":1},{"id":171,"peso":8},{"id":19,"peso":16},{"id":97,"peso":2},{"id":102,"peso":1},{"id":123,"peso":13},{"id":89,"peso":10},{"id":11,"peso":20},{"id":80,"peso":6},{"id":77,"peso":14},{"id":174,"peso":3},{"id":126,"peso":9},{"id":165,"peso":10},{"id":182,"peso":12},{"id":72,"peso":2},{"id":55,"peso":14},{"id":43,"peso":20},{"id":108,"peso":1},{"id":186,"peso":8},{"id":82,"peso":0},{"id":62,"peso":18},{"id":88,"peso":14},{"id":148,"peso":7},{"id":24,"peso":7},{"id":23,"peso":9},{"id":2,"peso":6},{"id":134,"peso":10},{"id":110,"peso":16},{"id":48,"peso":8},{"id":167,"peso":8},{"id":124,"peso":0},{"id":152,"peso":11},{"id":64,"peso":7},{"id":149,"peso":15},{"id":187,"peso":7},{"id":67,"peso":13},{"id":1,"peso":5},{"id":185,"peso":18},{"id":181,"peso":7},{"id":180,"peso":19},{"id":92,"peso":10},{"id":162,"peso":18},{"id":46,"peso":14}]}