{"docente":{"nome":"Laerte","departamento":"INF","id":1235},"atividades":[{"id":6,"peso":16},{"id":93,"peso":19},{"id":118,"peso":14},{"id":133,"peso":20},{"id":188,"peso":8},{"id":158,"peso":13},{"id":37,"peso":15},{"id":140,"peso":17},{"id":98,"peso":13},{"id":110,"peso":16},{"id":150,"peso":16},{"id":108,"peso":12},{"id":198,"peso":9},{"id":50,"peso":8},{"id":170,"peso":13},{"id":174,"peso":10},{"id":101,"peso":19},{"id":194,"peso":15},{"id":103,"peso":7},{"id":124,"peso":15},{"id":113,"peso":3},{"id":89,"peso":20},{"id":135,"peso":16},{"id":106,"peso":3},{"id":21,"peso":19},{"id":152,"peso":13},{"id":51,"peso":8},{"id":112,"peso":18},{"id":17,"peso":7},{"id":76,"peso":0},{"id":31,"peso":9},{"id":197,"peso":11},{"id":23,"peso":6},{"id":162,"peso":12},{"id":80,"peso":18},{"id":160,"peso":12},{"id":167,"peso":11},{"id":159,"peso":13},{"id":116,"peso":20},{"id":154,"peso":15},{"id":2,"peso":13},{"id":63,"peso":16},{"id":183,"peso":20},{"id":11,"peso":1},{"id":13,"peso":9},{"id":16,"peso":1},{"id":192,"peso":1},{"id":184,"peso":19},{"id":10,"peso":18},{"id":8,"peso":8},{"id":148,"peso":9},{"id":155,"peso":16},{"id":179,"peso":0},{"id":157,"peso":15},{"id":7,"peso":11},{"id":127,"peso":1},{"id":71,"peso":19},{"id":104,"peso":19},{"id":74,"peso":16},{"id":163,"peso":8},{"id":1,"peso":17},{"id":28,"peso":20},{"id":15,"peso":16},{"id":73,"peso":20},{"id":30,"peso":7},{"id":70,"peso":6},{"id":78,"peso":7},{"id":191,"peso":1},{"id":66,"peso":11},{"id":43,"peso":20},{"id":168,"peso":7},{"id":64,"peso":0},{"id":129,"peso":7},{"id":181,"peso":14},{"id":55,"peso":0},{"id":34,"peso":2},{"id":189,"peso":0},{"id":96,"peso":5},{"id":186,"peso":20},{"id":75,"peso":14}]}