{"docente":{"nome":"Paulo","departamento":"FEF","id":1329},"atividades":[{"id":84,"peso":2},{"id":47,"peso":2},{"id":139,"peso":8},{"id":195,"peso":12},{"id":190,"peso":15},{"id":13,"peso":16},{"id":97,"peso":9},{"id":17,"peso":19},{"id":19,"peso":9},{"id":179,"peso":1},{"id":40,"peso":11},{"id":108,"peso":8},{"id":137,"peso":15},{"id":8,"peso":17},{"id":180,"peso":17},{"id":134,"peso":20},{"id":135,"peso":4},{"id":34,"peso":1},{"id":186,"peso":10},{"id":6,"peso":0},{"id":160,"peso":6},{"id":107,"peso":11},{"id":57,"peso":12},{"id":159,"peso":4},{"id":122,"peso":6},{"id":44,"peso":20},{"id":165,"peso":2},{"id":106,"peso":15},{"id":61,"peso":13},{"id":5,"peso":18},{"id":15,"peso":8},{"id":111,"peso":19},{"id":184,"peso":4},{"id":177,"peso":19},{"id":150,"peso":13},{"id":168,"peso":11},{"id":109,"peso":0},{"id":72,"peso":8},{"id":129,"peso":12},{"id":146,"peso":1},{"id":66,"peso":18},{"id":102,"peso":10},{"id":163,"peso":10},{"id":27,"peso":0},{"id":175,"peso":15},{"id":155,"peso":14},{"id":68,"peso":18},{"id":26,"peso":6},{"id":75,"peso":19},{"id":112,"peso":9},{"id":138,"peso":17},{"id":182,"peso":0},{"id":25,"peso":4},{"id":132,"peso":0},{"id":181,"peso":2},{"id":121,"peso":15},{"id":65,"peso":1},{"id":178,"peso":18},{"id":67,"peso":3},{"id":41,"peso":1},{"id":95,"peso":11},{"id":54,"peso":10},{"id":133,"peso":1},{"id":191,"peso":12},{"id":170,"peso":13},{"id":154,"peso":15},{"id":117,"peso":8},{"id":142,"peso":12},{"id":45,"peso":7},{"id":43,"peso":10},{"id":11,"peso":4},{"id":118,"peso":3},{"id":140,"peso":1},{"id":71,"peso":19},{"id":59,"peso":12},{"id":100,"peso":11}]}