{"docente":{"nome":"Laerte","departamento":"FIC","id":1385},"atividades":[{"id":122,"peso":13},{"id":10,"peso":10},{"id":58,"peso":12},{"id":195,"peso":3},{"id":112,"peso":11},{"id":152,"peso":2},{"id":173,"peso":11},{"id":116,"peso":10},{"id":134,"peso":5},{"id":187,"peso":19},{"id":57,"peso":11},{"id":34,"peso":12},{"id":131,"peso":12},{"id":79,"peso":0},{"id":28,"peso":16},{"id":194,"peso":16},{"id":159,"peso":11},{"id":56,"peso":0},{"id":151,"peso":7},{"id":5,"peso":10},{"id":72,"peso":19},{"id":49,"peso":3},{"id":167,"peso":1},{"id":139,"peso":5},{"id":99,"peso":16},{"id":40,"peso":5},{"id":63,"peso":5},{"id":73,"peso":20},{"id":38,"peso":5},{"id":83,"peso":9},{"id":61,"peso":19},{"id":108,"peso":15},{"id":164,"peso":4},{"id":53,"peso":9},{"id":80,"peso":20},{"id":30,"peso":0},{"id":119,"peso":6},{"id":71,"peso":5},{"id":93,"peso":1},{"id":48,"peso":19},{"id":23,"peso":13},{"id":182,"peso":3},{"id":50,"peso":15},{"id":55,"peso":19},{"id":21,"peso":0},{"id":181,"peso":5},{"id":64,"peso":7},{"id":8,"peso":7},{"id":82,"peso":14},{"id":172,"peso":5},{"id":29,"peso":8},{"id":9,"peso":5},{"id":84,"peso":9},{"id":150,"peso":17},{"id":96,"peso":16},{"id":42,"peso":18},{"id":178,"peso":12},{"id":138,"peso":2},{"id":12,"peso":8},{"id":14,"peso":7},{"id":51,"peso":9},{"id":157,"peso":3},{"id":162,"peso":10},{"id":91,"peso":2},{"id":32,"peso":9},{"id":75,"peso":9},{"id":77,"peso":14},{"id":2,"peso":2},{"id":52,"peso":17},{"id":189,"peso":13},{"id":65,"peso":9},{"id":90,"peso":9},{"id":101,"peso":1},{"id":62,"peso":18},{"id":33,"peso":11},{"id":174,"peso":10},{"id":188,"peso":18},{"id":155,"peso":3},{"id":19,"peso":15},{"id":115,"peso":18},{"id":191,"peso":6},{"id":100,"peso":11},{"id":17,"peso":9},{"id":137,"peso":9},{"id":180,"peso":17},{"id":20,"peso":20}]}