{"docente":{"nome":"Iasmin","departamento":"IQ","id":1300},"atividades":[{"id":82,"peso":6},{"id":180,"peso":19},{"id":65,"peso":6},{"id":179,"peso":3},{"id":150,"peso":3},{"id":71,"peso":15},{"id":139,"peso":14},{"id":77,"peso":3},{"id":99,"peso":7},{"id":51,"peso":9},{"id":156,"peso":12},{"id":185,"peso":18},{"id":197,"peso":9},{"id":44,"peso":19},{"id":155,"peso":0},{"id":152,"peso":12},{"id":131,"peso":13},{"id":166,"peso":19},{"id":76,"peso":9},{"id":147,"peso":15},{"id":101,"peso":7},{"id":128,"peso":17},{"id":57,"peso":2},{"id":64,"peso":16},{"id":75,"peso":13},{"id":12,"peso":13},{"id":153,"peso":15},{"id":19,"peso":5},{"id":41,"peso":8},{"id":94,"peso":14},{"id":13,"peso":19},{"id":72,"peso":15},{"id":49,"peso":0},{"id":92,"peso":15},{"id":129,"peso":13},{"id":193,"peso":5},{"id":182,"peso":14},{"id":90,"peso":17},{"id":39,"peso":14},{"id":134,"peso":9},{"id":60,"peso":1},{"id":113,"peso":5},{"id":119,"peso":6},{"id":24,"peso":2},{"id":34,"peso":10},{"id":145,"peso":0},{"id":26,"peso":2},{"id":21,"peso":14},{"id":163,"peso":7},{"id":174,"peso":9},{"id":85,"peso":19},{"id":63,"peso":11},{"id":181,"peso":9},{"id":84,"peso":7},{"id":1,"peso":12},{"id":93,"peso":16},{"id":14,"peso":4},{"id":175,"peso":20},{"id":43,"peso":0},{"id":38,"peso":11},{"id":125,"peso":5},{"id":120,"peso":12},{"id":2,"peso":0},{"id":59,"peso":6},{"id":33,"peso":11},{"id":110,"peso":18},{"id":42,"peso":9},{"id":15,"peso":11},{"id":40,"peso":14},{"id":183,"peso":4},{"id":154,"peso":16},{"id":102,"peso":20},{"id":195,"peso":16},{"id":48,"peso":17},{"id":105,"peso":15},{"id":171,"peso":9},{"id":106,"peso":11},{"id":23,"peso":10},{"id":186,"peso":7},{"id":25,"peso":8},{"id":184,"peso":1},{"id":30,"peso":13},{"id":130,"peso":15},{"id":169,"peso":8},{"id":187,"peso":2},{"id":36,"peso":9},{"id":74,"peso":17}]}