{"docente":{"nome":"Murilo","departamento":"IF","id":1175},"atividades":[{"id":191,"peso":5},{"id":159,"peso":20},{"id":20,"peso":16},{"id":125,"peso":9},{"id":187,"peso":13},{"id":67,"peso":13},{"id":51,"peso":20},{"id":120,"peso":4},{"id":13,"peso":20},{"id":31,"peso":0},{"id":169,"peso":14},{"id":15,"peso":13},{"id":69,"peso":14},{"id":80,"peso":20},{"id":182,"peso":1},{"id":145,"peso":11},{"id":7,"peso":6},{"id":22,"peso":0},{"id":178,"peso":18},{"id":176,"peso":16},{"id":147,"peso":4},{"id":44,"peso":3},{"id":174,"peso":4},{"id":85,"peso":19},{"id":108,"peso":19},{"id":136,"peso":9},{"id":149,"peso":2},{"id":2,"peso":17},{"id":27,"peso":0},{"id":140,"peso":12},{"id":121,"peso":17},{"id":119,"peso":2},{"id":126,"peso":4},{"id":164,"peso":1},{"id":139,"peso":4},{"id":19,"peso":6},{"id":177,"peso":17},{"id":198,"peso":16},{"id":21,"peso":7},{"id":148,"peso":19},{"id":33,"peso":10},{"id":95,"peso":15},{"id":107,"peso":8},{"id":56,"peso":3},{"id":100,"peso":10},{"id":47,"peso":2},{"id":155,"peso":4},{"id":55,"peso":11},{"id":68,"peso":6},{"id":52,"peso":10},{"id":41,"peso":4},{"id":73,"peso":19},{"id":156,"peso":15},{"id":135,"peso":0},{"id":137,"peso":15},{"id":129,"peso":20},{"id":143,"peso":12},{"id":86,"peso":14},{"id":26,"peso":19},{"id":138,"peso":11},{"id":81,"peso":9},{"id":158,"peso":14},{"id":110,"peso":1},{"id":170,"peso":9},{"id":24,"peso":19},{"id":160,"peso":9},{"id":49,"peso":11},{"id":3,"peso":13},{"id":192,"peso":3},{"id":102,"peso":20},{"id":161,"peso":11},{"id":40,"peso":11},{"id":123,"peso":18},{"id":76,"peso":7},{"id":63,"peso":15}]}