{"docente":{"nome":"Luiz","departamento":"FEF","id":1056},"atividades":[{"id":25,"peso":7},{"id":154,"peso":1},{"id":55,"peso":7},{"id":185,"peso":13},{"id":135,"peso":7},{"id":20,"peso":5},{"id":132,"peso":0},{"id":13,"peso":14},{"id":24,"peso":15},{"id":138,"peso":9},{"id":171,"peso":6},{"id":50,"peso":9},{"id":86,"peso":6},{"id":108,"peso":11},{"id":133,"peso":2},{"id":129,"peso":6},{"id":106,"peso":2},{"id":100,"peso":20},{"id":60,"peso":4},{"id":98,"peso":2},{"id":58,"peso":1},{"id":6,"peso":19},{"id":66,"peso":9},{"id":99,"peso":8},{"id":79,"peso":17},{"id":131,"peso":15},{"id":125,"peso":4},{"id":90,"peso":12},{"id":189,"peso":14},{"id":147,"peso":1},{"id":119,"peso":12},{"id":49,"peso":16},{"id":4,"peso":20},{"id":166,"peso":14},{"id":31,"peso":7},{"id":168,"peso":11},{"id":169,"peso":8},{"id":56,"peso":0},{"id":91,"peso":13},{"id":140,"peso":20},{"id":155,"peso":9},{"id":70,"peso":6},{"id":3,"peso":0},{"id":80,"peso":19},{"id":8,"peso":3},{"id":83,"peso":10},{"id":137,"peso":18},{"id":53,"peso":18},{"id":141,"peso":10},{"id":32,"peso":16},{"id":48,"peso":16},{"id":111,"peso":2},{"id":198,"peso":15},{"id":188,"peso":16},{"id":107,"peso":0},{"id":122,"peso":20},{"id":76,"peso":10},{"id":28,"peso":5},{"id":183,"peso":18},{"id":139,"peso":3},{"id":150,"peso":12},{"id":121,"peso":9},{"id":190,"peso":3},{"id":179,"peso":16},{"id":123,"peso":18},{"id":113,"peso":7},{"id":149,"peso":8},{"id":61,"peso":17},{"id":136,"peso":3},{"id":197,"peso":9},{"id":93,"peso":6},{"id":10,"peso":17},{"id":38,"peso":7},{"id":165,"peso":8},{"id":72,"peso":19},{"id":102,"peso":12},{"id":37,"peso":13},{"id":126,"peso":11},{"id":12,"peso":1}]}