{"docente":{"nome":"Henrique","departamento":"ICB","id":10000},"atividades":[{"id":108,"peso":5},{"id":190,"peso":4},{"id":69,"peso":9},{"id":166,"peso":15},{"id":160,"peso":4},{"id":101,"peso":16},{"id":93,"peso":2},{"id":65,"peso":9},{"id":76,"peso":15},{"id":49,"peso":8},{"id":178,"peso":15},{"id":117,"peso":5},{"id":195,"peso":7},{"id":8,"peso":17},{"id":66,"peso":19},{"id":45,"peso":19},{"id":88,"peso":11},{"id":182,"peso":5},{"id":9,"peso":5},{"id":78,"peso":2},{"id":187,"peso":15},{"id":51,"peso":12},{"id":44,"peso":13},{"id":120,"peso":0},{"id":137,"peso":13},{"id":13,"peso":19},{"id":131,"peso":20},{"id":171,"peso":9},{"id":189,"peso":3},{"id":95,"peso":2},{"id":100,"peso":14},{"id":136,"peso":17},{"id":63,"peso":14},{"id":72,"peso":14},{"id":18,"peso":17},{"id":192,"peso":11},{"id":37,"peso":0},{"id":55,"peso":14},{"id":145,"peso":6},{"id":146,"peso":4},{"id":27,"peso":1},{"id":156,"peso":16},{"id":94,"peso":15},{"id":57,"peso":8},{"id":25,"peso":17},{"id":39,"peso":20},{"id":125,"peso":7},{"id":149,"peso":1},{"id":74,"peso":3},{"id":40,"peso":7},{"id":53,"peso":6},{"id":155,"peso":12},{"id":161,"peso":6},{"id":90,"peso":5},{"id":97,"peso":3},{"id":99,"peso":14},{"id":3,"peso":12},{"id":26,"peso":7},{"id":148,"peso":5},{"id":82,"peso":18},{"id":42,"peso":4},{"id":163,"peso":2},{"id":151,"peso":6},{"id":102,"peso":0},{"id":56,"peso":0},{"id":162,"peso":11},{"id":184,"peso":19},{"id":172,"peso":18},{"id":58,"peso":3},{"id":64,"peso":14},{"id":75,"peso":14},{"id":138,"peso":1}]}