{"docente":{"nome":"Iasmin","departamento":"ICB","id":1009},"atividades":[{"id":44,"peso":12},{"id":127,"peso":11},{"id":38,"peso":2},{"id":10,"peso":3},{"id":121,"peso":7},{"id":132,"peso":19},{"id":54,"peso":15},{"id":156,"peso":2},{"id":172,"peso":13},{"id":96,"peso":4},{"id":153,"peso":9},{"id":74,"peso":1},{"id":46,"peso":4},{"id":129,"peso":1},{"id":166,"peso":0},{"id":85,"peso":18},{"id":68,"peso":0},{"id":133,"peso":16},{"id":103,"peso":20},{"id":154,"peso":9},{"id":168,"peso":14},{"id":77,"peso":13},{"id":162,"peso":18},{"id":69,"peso":20},{"id":108,"peso":0},{"id":47,"peso":9},{"id":179,"peso":4},{"id":75,"peso":2},{"id":79,"peso":16},{"id":198,"peso":4},{"id":32,"peso":13},{"id":42,"peso":18},{"id":90,"peso":6},{"id":7,"peso":18},{"id":95,"peso":16},{"id":89,"peso":7},{"id":34,"peso":20},{"id":197,"peso":4},{"id":43,"peso":3},{"id":171,"peso":11},{"id":174,"peso":0},{"id":148,"peso":3},{"id":22,"peso":9},{"id":73,"peso":3},{"id":192,"peso":16},{"id":28,"peso":16},{"id":2,"peso":7},{"id":122,"peso":12},{"id":167,"peso":17},{"id":58,"peso":16},{"id":143,"peso":12},{"id":12,"peso":11},{"id":31,"peso":13},{"id":145,"peso":11},{"id":55,"peso":17},{"id":23,"peso":16},{"id":161,"peso":3},{"id":125,"peso":7},{"id":99,"peso":5},{"id":170,"peso":5},{"id":176,"peso":11},{"id":196,"peso":16},{"id":165,"peso":20},{"id":123,"peso":0},{"id":13,"peso":19},{"id":39,"peso":19},{"id":149,"peso":20},{"id":64,"peso":12},{"id":131,"peso":1},{"id":37,"peso":8},{"id":88,"peso":11},{"id":78,"peso":9},{"id":191,"peso":20},{"id":115,"peso":3},{"id":67,"peso":2},{"id":194,"peso":18},{"id":189,"peso":4},{"id":118,"peso":9},{"id":30,"peso":13}]}