{"docente":{"nome":"Laerte","departamento":"FIC","id":1116},"atividades":[{"id":12,"peso":9},{"id":40,"peso":15},{"id":189,"peso":1},{"id":135,"peso":8},{"id":166,"peso":7},{"id":39,"peso":2},{"id":29,"peso":15},{"id":100,"peso":2},{"id":6,"peso":8},{"id":36,"peso":2},{"id":57,"peso":12},{"id":3,"peso":19},{"id":11,"peso":4},{"id":155,"peso":11},{"id":173,"peso":18},{"id":112,"peso":0},{"id":13,"peso":0},{"id":59,"peso":8},{"id":194,"peso":16},{"id":140,"peso":0},{"id":24,"peso":8},{"id":78,"peso":15},{"id":44,"peso":8},{"id":119,"peso":16},{"id":150,"peso":0},{"id":152,"peso":12},{"id":168,"peso":3},{"id":143,"peso":6},{"id":161,"peso":8},{"id":144,"peso":19},{"id":89,"peso":3},{"id":87,"peso":18},{"id":127,"peso":16},{"id":68,"peso":5},{"id":2,"peso":5},{"id":22,"peso":15},{"id":73,"peso":12},{"id":147,"peso":1},{"id":23,"peso":6},{"id":116,"peso":16},{"id":99,"peso":19},{"id":95,"peso":20},{"id":115,"peso":16},{"id":104,"peso":13},{"id":27,"peso":3},{"id":85,"peso":6},{"id":41,"peso":11},{"id":19,"peso":9},{"id":106,"peso":16},{"id":15,"peso":11},{"id":80,"peso":10},{"id":162,"peso":19},{"id":26,"peso":18},{"id":163,"peso":15},{"id":55,"peso":6},{"id":137,"peso":5},{"id":171,"peso":6},{"id":153,"peso":13},{"id":48,"peso":0},{"id":77,"peso":16},{"id":142,"peso":10},{"id":182,"peso":14},{"id":148,"peso":16},{"id":165,"peso":18},{"id":34,"peso":15},{"id":9,"peso":20},{"id":188,"peso":0},{"id":180,"peso":8},{"id":193,"peso":15},{"id":67,"peso":5},{"id":158,"peso":7},{"id":91,"peso":1},{"id":107,"peso":9},{"id":70,"peso":4},{"id":10,"peso":11}]}