{"docente":{"nome":"Maria","departamento":"ICB","id":1007},"atividades":[{"id":101,"peso":18},{"id":4,"peso":11},{"id":17,"peso":18},{"id":98,"peso":6},{"id":181,"peso":8},{"id":155,"peso":3},{"id":124,"peso":6},{"id":106,"peso":20},{"id":194,"peso":10},{"id":121,"peso":0},{"id":159,"peso":12},{"id":168,"peso":15},{"id":64,"peso":11},{"id":169,"peso":20},{"id":81,"peso":5},{"id":8,"peso":2},{"id":91,"peso":14},{"id":96,"peso":6},{"id":85,"peso":10},{"id":135,"peso":11},{"id":21,"peso":4},{"id":184,"peso":16},{"id":132,"peso":5},{"id":189,"peso":6},{"id":157,"peso":17},{"id":171,"peso":17},{"id":76,"peso":18},{"id":63,"peso":19},{"id":160,"peso":12},{"id":79,"peso":19},{"id":136,"peso":15},{"id":82,"peso":15},{"id":37,"peso":7},{"id":191,"peso":18},{"id":33,"peso":14},{"id":161,"peso":2},{"id":70,"peso":2},{"id":54,"peso":9},{"id":182,"peso":20},{"id":11,"peso":20},{"id":50,"peso":2},{"id":69,"peso":11},{"id":185,"peso":9},{"id":158,"peso":1},{"id":190,"peso":4},{"id":179,"peso":8},{"id":109,"peso":10},{"id":38,"peso":2},{"id":39,"peso":3},{"id":87,"peso":8},{"id":80,"peso":6},{"id":58,"peso":17},{"id":40,"peso":2},{"id":105,"peso":10},{"id":45,"peso":9},{"id":30,"peso":10},{"id":177,"peso":11},{"id":115,"peso":19},{"id":170,"peso":12},{"id":138,"peso":4},{"id":128,"peso":13},{"id":29,"peso":17},{"id":52,"peso":10},{"id":152,"peso":20},{"id":31,"peso":7},{"id":122,"peso":20},{"id":75,"peso":3},{"id":149,"peso":20},{"id":175,"peso":12},{"id":176,"peso":9},{"id":24,"peso":9},{"id":83,"peso":5},{"id":71,"peso":20},{"id":110,"peso":8},{"id":36,"peso":2},{"id":148,"peso":1}]}