{"docente":{"nome":"Laerte","departamento":"IQ","id":1173},"atividades":[{"id":152,"peso":17},{"id":82,"peso":5},{"id":84,"peso":16},{"id":61,"peso":6},{"id":42,"peso":7},{"id":91,"peso":7},{"id":80,"peso":7},{"id":198,"peso":11},{"id":20,"peso":4},{"id":125,"peso":1},{"id":13,"peso":18},{"id":57,"peso":19},{"id":154,"peso":5},{"id":24,"peso":10},{"id":147,"peso":11},{"id":140,"peso":11},{"id":6,"peso":14},{"id":195,"peso":7},{"id":115,"peso":19},{"id":141,"peso":20},{"id":173,"peso":7},{"id":134,"peso":18},{"id":40,"peso":7},{"id":168,"peso":17},{"id":98,"peso":13},{"id":148,"peso":18},{"id":97,"peso":17},{"id":146,"peso":12},{"id":44,"peso":3},{"id":29,"peso":15},{"id":114,"peso":6},{"id":46,"peso":0},{"id":25,"peso":5},{"id":77,"peso":11},{"id":153,"peso":18},{"id":102,"peso":12},{"id":113,"peso":15},{"id":67,"peso":6},{"id":52,"peso":19},{"id":9,"peso":13},{"id":157,"peso":13},{"id":32,"peso":8},{"id":105,"peso":15},{"id":45,"peso":10},{"id":176,"peso":15},{"id":129,"peso":10},{"id":34,"peso":7},{"id":177,"peso":8},{"id":132,"peso":1},{"id":186,"peso":12},{"id":120,"peso":10},{"id":47,"peso":9},{"id":103,"peso":8},{"id":64,"peso":14},{"id":73,"peso":16},{"id":194,"peso":19},{"id":112,"peso":3},{"id":161,"peso":8},{"id":175,"peso":15},{"id":100,"peso":10},{"id":11,"peso":20},{"id":3,"peso":1},{"id":163,"peso":7},{"id":124,"peso":12},{"id":27,"peso":16},{"id":15,"peso":16},{"id":166,"peso":17},{"id":122,"peso":4},{"id":159,"peso":20},{"id":95,"peso":2},{"id":171,"peso":10},{"id":43,"peso":13},{"id":182,"peso":15}]}