{"docente":{"nome":"Luiz","departamento":"INF","id":1369},"atividades":[{"id":101,"peso":16},{"id":161,"peso":6},{"id":130,"peso":9},{"id":89,"peso":1},{"id":145,"peso":15},{"id":124,"peso":3},{"id":176,"peso":10},{"id":32,"peso":10},{"id":138,"peso":12},{"id":155,"peso":15},{"id":23,"peso":12},{"id":100,"peso":15},{"id":143,"peso":3},{"id":119,"peso":9},{"id":113,"peso":2},{"id":196,"peso":14},{"id":168,"peso":10},{"id":183,"peso":5},{"id":31,"peso":2},{"id":92,"peso":17},{"id":152,"peso":15},{"id":178,"peso":19},{"id":102,"peso":18},{"id":57,"peso":4},{"id":59,"peso":8},{"id":36,"peso":11},{"id":111,"peso":14},{"id":11,"peso":20},{"id":48,"peso":15},{"id":91,"peso":10},{"id":88,"peso":18},{"id":187,"peso":11},{"id":10,"peso":13},{"id":135,"peso":13},{"id":79,"peso":20},{"id":148,"peso":17},{"id":28,"peso":8},{"id":52,"peso":19},{"id":35,"peso":14},{"id":133,"peso":12},{"id":190,"peso":0},{"id":95,"peso":9},{"id":61,"peso":8},{"id":66,"peso":17},{"id":74,"peso":7},{"id":128,"peso":0},{"id":8,"peso":18},{"id":144,"peso":0},{"id":166,"peso":19},{"id":5,"peso":7},{"id":157,"peso":13},{"id":29,"peso":11},{"id":86,"peso":6},{"id":60,"peso":19},{"id":184,"peso":11},{"id":17,"peso":13},{"id":16,"peso":12},{"id":162,"peso":4},{"id":115,"peso":10},{"id":160,"peso":4},{"id":6,"peso":4},{"id":42,"peso":2},{"id":27,"peso":3},{"id":64,"peso":3},{"id":40,"peso":6},{"id":103,"peso":1},{"id":75,"peso":0},{"id":192,"peso":3},{"id":154,"peso":4},{"id":53,"peso":1},{"id":63,"peso":7},{"id":12,"peso":19}]}