{"docente":{"nome":"Iasmin","departamento":"IF","id":1044},"atividades":[{"id":46,"peso":11},{"id":11,"peso":11},{"id":158,"peso":7},{"id":100,"peso":20},{"id":26,"peso":3},{"id":64,"peso":0},{"id":169,"peso":18},{"id":29,"peso":7},{"id":65,"peso":0},{"id":60,"peso":19},{"id":95,"peso":12},{"id":193,"peso":8},{"id":132,"peso":3},{"id":90,"peso":0},{"id":187,"peso":8},{"id":48,"peso":3},{"id":141,"peso":1},{"id":22,"peso":0},{"id":17,"peso":13},{"id":54,"peso":6},{"id":137,"peso":14},{"id":85,"peso":4},{"id":92,"peso":4},{"id":142,"peso":8},{"id":159,"peso":18},{"id":58,"peso":10},{"id":52,"peso":14},{"id":119,"peso":7},{"id":50,"peso":18},{"id":102,"peso":12},{"id":118,"peso":17},{"id":168,"peso":8},{"id":154,"peso":1},{"id":4,"peso":4},{"id":192,"peso":6},{"id":161,"peso":7},{"id":86,"peso":12},{"id":180,"peso":3},{"id":152,"peso":19},{"id":177,"peso":18},{"id":61,"peso":6},{"id":195,"peso":10},{"id":146,"peso":4},{"id":96,"peso":6},{"id":74,"peso":20},{"id":15,"peso":7},{"id":185,"peso":3},{"id":98,"peso":9},{"id":121,"peso":6},{"id":33,"peso":1},{"id":42,"peso":10},{"id":107,"peso":11},{"id":133,"peso":17},{"id":77,"peso":11},{"id":57,"peso":20},{"id":37,"peso":10},{"id":68,"peso":5},{"id":76,"peso":19},{"id":176,"peso":20},{"id":5,"peso":10},{"id":123,"peso":15},{"id":81,"peso":16},{"id":120,"peso":13},{"id":93,"peso":19},{"id":104,"peso":16},{"id":3,"peso":19},{"id":175,"peso":5},{"id":183,"peso":7},{"id":138,"peso":12},{"id":36,"peso":18},{"id":25,"peso":17}]}