{"docente":{"nome":"Joao","departamento":"FEF","id":1189},"atividades":[{"id":129,"peso":9},{"id":24,"peso":20},{"id":60,"peso":1},{"id":143,"peso":4},{"id":116,"peso":6},{"id":152,"peso":11},{"id":128,"peso":2},{"id":140,"peso":17},{"id":100,"peso":19},{"id":170,"peso":7},{"id":59,"peso":8},{"id":176,"peso":20},{"id":90,"peso":8},{"id":53,"peso":1},{"id":188,"peso":17},{"id":35,"peso":13},{"id":125,"peso":13},{"id":146,"peso":16},{"id":64,"peso":8},{"id":33,"peso":4},{"id":157,"peso":2},{"id":149,"peso":20},{"id":62,"peso":4},{"id":18,"peso":12},{"id":14,"peso":11},{"id":187,"peso":16},{"id":55,"peso":7},{"id":164,"peso":3},{"id":114,"peso":4},{"id":5,"peso":8},{"id":94,"peso":18},{"id":6,"peso":11},{"id":154,"peso":17},{"id":171,"peso":3},{"id":198,"peso":16},{"id":120,"peso":17},{"id":1,"peso":8},{"id":193,"peso":20},{"id":77,"peso":13},{"id":82,"peso":16},{"id":47,"peso":19},{"id":181,"peso":1},{"id":160,"peso":16},{"id":36,"peso":14},{"id":168,"peso":2},{"id":104,"peso":7},{"id":166,"peso":1},{"id":19,"peso":3},{"id":108,"peso":17},{"id":81,"peso":10},{"id":52,"peso":5},{"id":75,"peso":16},{"id":86,"peso":10},{"id":61,"peso":2},{"id":174,"peso":16},{"id":180,"peso":11},{"id":48,"peso":7},{"id":63,"peso":5},{"id":54,"peso":15},{"id":9,"peso":2},{"id":45,"peso":19},{"id":107,"peso":13},{"id":156,"peso":9},{"id":196,"peso":11},{"id":93,"peso":9},{"id":102,"peso":4},{"id":37,"peso":0},{"id":31,"peso":3},{"id":92,"peso":5},{"id":133,"peso":13},{"id":111,"peso":14},{"id":51,"peso":0},{"id":46,"peso":14},{"id":74,"peso":6},{"id":158,"peso":13},{"id":20,"peso":16},{"id":34,"peso":6},{"id":25,"peso":5},{"id":58,"peso":7},{"id":65,"peso":9}]}