{"docente":{"nome":"Ana","departamento":"INF","id":1019},"atividades":[{"id":113,"peso":0},{"id":66,"peso":14},{"id":185,"peso":1},{"id":149,"peso":17},{"id":10,"peso":5},{"id":126,"peso":11},{"id":159,"peso":11},{"id":141,"peso":13},{"id":102,"peso":12},{"id":111,"peso":10},{"id":17,"peso":8},{"id":78,"peso":12},{"id":127,"peso":8},{"id":19,"peso":3},{"id":68,"peso":10},{"id":158,"peso":3},{"id":115,"peso":5},{"id":198,"peso":3},{"id":1,"peso":10},{"id":180,"peso":14},{"id":144,"peso":10},{"id":38,"peso":18},{"id":166,"peso":16},{"id":15,"peso":5},{"id":48,"peso":19},{"id":20,"peso":10},{"id":194,"peso":14},{"id":106,"peso":16},{"id":21,"peso":11},{"id":5,"peso":9},{"id":187,"peso":12},{"id":190,"peso":8},{"id":191,"peso":5},{"id":112,"peso":20},{"id":12,"peso":20},{"id":92,"peso":13},{"id":69,"peso":13},{"id":101,"peso":0},{"id":160,"peso":7},{"id":145,"peso":17},{"id":75,"peso":5},{"id":165,"peso":12},{"id":184,"peso":17},{"id":91,"peso":4},{"id":70,"peso":9},{"id":51,"peso":16},{"id":155,"peso":4},{"id":178,"peso":11},{"id":88,"peso":12},{"id":193,"peso":1},{"id":140,"peso":9},{"id":136,"peso":10},{"id":174,"peso":5},{"id":196,"peso":7},{"id":197,"peso":7},{"id":36,"peso":12},{"id":103,"peso":10},{"id":79,"peso":12},{"id":57,"peso":1},{"id":23,"peso":12},{"id":137,"peso":4},{"id":77,"peso":4},{"id":62,"peso":13},{"id":124,"peso":7},{"id":161,"peso":0},{"id":18,"peso":11},{"id":143,"peso":5},{"id":47,"peso":19},{"id":123,"peso":19},{"id":72,"peso":9},{"id":30,"peso":15},{"id":122,"peso":3},{"id":157,"peso":19},{"id":176,"peso":18},{"id":164,"peso":10},{"id":93,"peso":10},{"id":81,"peso":4},{"id":16,"peso":14},{"id":153,"peso":4},{"id":99,"peso":3},{"id":172,"peso":12}]}