{"docente":{"nome":"Auri","departamento":"FIC","id":1293},"atividades":[{"id":99,"peso":16},{"id":85,"peso":0},{"id":184,"peso":8},{"id":27,"peso":4},{"id":133,"peso":10},{"id":80,"peso":16},{"id":110,"peso":7},{"id":121,"peso":8},{"id":193,"peso":10},{"id":153,"peso":0},{"id":151,"peso":4},{"id":167,"peso":10},{"id":26,"peso":14},{"id":1,"peso":1},{"id":11,"peso":18},{"id":84,"peso":16},{"id":118,"peso":12},{"id":188,"peso":20},{"id":81,"peso":12},{"id":131,"peso":9},{"id":87,"peso":8},{"id":176,"peso":4},{"id":61,"peso":3},{"id":178,"peso":17},{"id":152,"peso":3},{"id":9,"peso":10},{"id":58,"peso":1},{"id":69,"peso":10},{"id":106,"peso":12},{"id":30,"peso":8},{"id":62,"peso":6},{"id":113,"peso":19},{"id":5,"peso":17},{"id":163,"peso":20},{"id":185,"peso":20},{"id":35,"peso":6},{"id":74,"peso":6},{"id":137,"peso":2},{"id":128,"peso":9},{"id":70,"peso":1},{"id":14,"peso":3},{"id":158,"peso":1},{"id":77,"peso":1},{"id":71,"peso":3},{"id":103,"peso":0},{"id":124,"peso":12},{"id":172,"peso":3},{"id":82,"peso":9},{"id":155,"peso":14},{"id":180,"peso":11},{"id":189,"peso":14},{"id":25,"peso":16},{"id":138,"peso":4},{"id":109,"peso":9},{"id":47,"peso":3},{"id":139,"peso":15},{"id":45,"peso":5},{"id":168,"peso":19},{"id":194,"peso":18},{"id":41,"peso":13},{"id":130,"peso":8},{"id":51,"peso":13},{"id":173,"peso":14},{"id":59,"peso":14},{"id":96,"peso":18},{"id":2,"peso":5},{"id":169,"peso":0},{"id":86,"peso":18},{"id":154,"peso":19},{"id":23,"peso":1},{"id":127,"peso":16},{"id":22,"peso":15},{"id":89,"peso":14},{"id":17,"peso":20},{"id":162,"peso":11},{"id":34,"peso":20},{"id":120,"peso":4},{"id":63,"peso":9},{"id":33,"peso":18}]}