{"docente":{"nome":"Adriana","departamento":"ICB","id":1221},"atividades":[{"id":120,"peso":19},{"id":145,"peso":15},{"id":168,"peso":19},{"id":84,"peso":20},{"id":118,"peso":8},{"id":76,"peso":6},{"id":186,"peso":13},{"id":21,"peso":3},{"id":153,"peso":15},{"id":115,"peso":14},{"id":147,"peso":18},{"id":96,"peso":7},{"id":109,"peso":17},{"id":37,"peso":10},{"id":36,"peso":10},{"id":57,"peso":10},{"id":54,"peso":13},{"id":95,"peso":20},{"id":195,"peso":8},{"id":74,"peso":11},{"id":5,"peso":19},{"id":47,"peso":19},{"id":111,"peso":7},{"id":130,"peso":17},{"id":48,"peso":2},{"id":146,"peso":18},{"id":102,"peso":18},{"id":70,"peso":18},{"id":68,"peso":20},{"id":138,"peso":12},{"id":27,"peso":6},{"id":157,"peso":17},{"id":91,"peso":3},{"id":196,"peso":9},{"id":77,"peso":16},{"id":25,"peso":17},{"id":187,"peso":15},{"id":122,"peso":0},{"id":137,"peso":12},{"id":194,"peso":5},{"id":88,"peso":8},{"id":171,"peso":19},{"id":114,"peso":20},{"id":79,"peso":11},{"id":197,"peso":8},{"id":180,"peso":0},{"id":42,"peso":18},{"id":39,"peso":11},{"id":132,"peso":13},{"id":193,"peso":18},{"id":165,"peso":9},{"id":30,"peso":18},{"id":188,"peso":5},{"id":49,"peso":19},{"id":164,"peso":14},{"id":82,"peso":0},{"id":3,"peso":19},{"id":19,"peso":13},{"id":162,"peso":5},{"id":44,"peso":11},{"id":23,"peso":6},{"id":143,"peso":14},{"id":105,"peso":2},{"id":198,"peso":5},{"id":45,"peso":9},{"id":58,"peso":11},{"id":139,"peso":8},{"id":127,"peso":11},{"id":24,"peso":4},{"id":177,"peso":19},{"id":60,"peso":20},{"id":22,"peso":12},{"id":31,"peso":5},{"id":14,"peso":11},{"id":149,"peso":0},{"id":8,"peso":8},{"id":72,"peso":17},{"id":17,"peso":4}]}