{"docente":{"nome":"Paulo","departamento":"IQ","id":1041},"atividades":[{"id":15,"peso":19},{"id":54,"peso":16},{"id":68,"peso":2},{"id":63,"peso":15},{"id":39,"peso":14},{"id":52,"peso":13},{"id":100,"peso":0},{"id":155,"peso":5},{"id":127,"peso":19},{"id":49,"peso":14},{"id":13,"peso":2},{"id":29,"peso":5},{"id":28,"peso":10},{"id":35,"peso":0},{"id":196,"peso":15},{"id":61,"peso":5},{"id":50,"peso":8},{"id":20,"peso":0},{"id":72,"peso":19},{"id":43,"peso":8},{"id":101,"peso":13},{"id":79,"peso":15},{"id":177,"peso":13},{"id":157,"peso":13},{"id":122,"peso":0},{"id":41,"peso":10},{"id":87,"peso":9},{"id":31,"peso":11},{"id":93,"peso":12},{"id":184,"peso":20},{"id":193,"peso":3},{"id":90,"peso":12},{"id":33,"peso":9},{"id":11,"peso":5},{"id":45,"peso":9},{"id":25,"peso":17},{"id":126,"peso":20},{"id":134,"peso":12},{"id":102,"peso":4},{"id":116,"peso":9},{"id":182,"peso":8},{"id":16,"peso":18},{"id":103,"peso":18},{"id":85,"peso":5},{"id":27,"peso":6},{"id":3,"peso":3},{"id":51,"peso":1},{"id":119,"peso":12},{"id":171,"peso":16},{"id":8,"peso":9},{"id":124,"peso":1},{"id":84,"peso":9},{"id":105,"peso":5},{"id":14,"peso":7},{"id":95,"peso":15},{"id":44,"peso":17},{"id":66,"peso":0},{"id":38,"peso":2},{"id":81,"peso":19},{"id":67,"peso":4},{"id":128,"peso":11},{"id":176,"peso":18},{"id":121,"peso":12},{"id":26,"peso":16},{"id":163,"peso":2},{"id":192,"peso":9},{"id":57,"peso":9},{"id":117,"peso":10},{"id":58,"peso":9},{"id":21,"peso":10},{"id":195,"peso":14},{"id":47,"peso":0},{"id":185,"peso":3},{"id":23,"peso":10},{"id":166,"peso":1},{"id":183,"peso":5},{"id":75,"peso":9},{"id":5,"peso":14}]}