{"docente":{"nome":"Ana","departamento":"INF","id":1283},"atividades":[{"id":81,"peso":1},{"id":35,"peso":6},{"id":188,"peso":2},{"id":102,"peso":0},{"id":128,"peso":8},{"id":182,"peso":12},{"id":93,"peso":2},{"id":193,"peso":11},{"id":42,"peso":15},{"id":132,"peso":7},{"id":98,"peso":20},{"id":80,"peso":20},{"id":101,"peso":20},{"id":57,"peso":10},{"id":109,"peso":9},{"id":106,"peso":10},{"id":127,"peso":13},{"id":2,"peso":18},{"id":19,"peso":11},{"id":119,"peso":18},{"id":163,"peso":11},{"id":21,"peso":7},{"id":85,"peso":1},{"id":139,"peso":11},{"id":16,"peso":10},{"id":89,"peso":18},{"id":153,"peso":16},{"id":164,"peso":3},{"id":76,"peso":10},{"id":23,"peso":3},{"id":159,"peso":10},{"id":47,"peso":0},{"id":33,"peso":2},{"id":134,"peso":20},{"id":100,"peso":1},{"id":34,"peso":9},{"id":176,"peso":9},{"id":62,"peso":17},{"id":196,"peso":4},{"id":61,"peso":0},{"id":64,"peso":3},{"id":115,"peso":12},{"id":48,"peso":16},{"id":7,"peso":9},{"id":31,"peso":7},{"id":10,"peso":17},{"id":152,"peso":0},{"id":180,"peso":9},{"id":179,"peso":20},{"id":144,"peso":10},{"id":96,"peso":9},{"id":187,"peso":12},{"id":154,"peso":15},{"id":183,"peso":4},{"id":84,"peso":19},{"id":190,"peso":4},{"id":66,"peso":20},{"id":6,"peso":3},{"id":41,"peso":2},{"id":46,"peso":14},{"id":140,"peso":17},{"id":143,"peso":17},{"id":129,"peso":0},{"id":90,"peso":1},{"id":88,"peso":12},{"id":60,"peso":4},{"id":32,"peso":4},{"id":12,"peso":14},{"id":40,"peso":11},{"id":191,"peso":5},{"id":168,"peso":14},{"id":79,"peso":1},{"id":97,"peso":6},{"id":91,"peso":11},{"id":86,"peso":6},{"id":157,"peso":16},{"id":73,"peso":5},{"id":94,"peso":10},{"id":99,"peso":10},{"id":198,"peso":14},{"id":67,"peso":6},{"id":156,"peso":7},{"id":173,"peso":20},{"id":53,"peso":8},{"id":162,"peso":4}]}