{"docente":{"nome":"Ana","departamento":"INF","id":1142},"atividades":[{"id":143,"peso":0},{"id":85,"peso":16},{"id":178,"peso":10},{"id":15,"peso":3},{"id":18,"peso":9},{"id":126,"peso":1},{"id":41,"peso":10},{"id":157,"peso":17},{"id":133,"peso":4},{"id":177,"peso":4},{"id":63,"peso":1},{"id":187,"peso":20},{"id":198,"peso":8},{"id":75,"peso":13},{"id":40,"peso":9},{"id":86,"peso":5},{"id":140,"peso":10},{"id":121,"peso":3},{"id":155,"peso":6},{"id":23,"peso":5},{"id":68,"peso":11},{"id":154,"peso":11},{"id":195,"peso":0},{"id":148,"peso":5},{"id":111,"peso":20},{"id":119,"peso":1},{"id":70,"peso":17},{"id":132,"peso":15},{"id":89,"peso":0},{"id":84,"peso":14},{"id":17,"peso":13},{"id":98,"peso":20},{"id":138,"peso":8},{"id":167,"peso":10},{"id":46,"peso":3},{"id":14,"peso":1},{"id":139,"peso":10},{"id":191,"peso":6},{"id":192,"peso":9},{"id":94,"peso":0},{"id":6,"peso":20},{"id":93,"peso":1},{"id":83,"peso":12},{"id":13,"peso":17},{"id":99,"peso":8},{"id":24,"peso":20},{"id":76,"peso":1},{"id":173,"peso":1},{"id":96,"peso":5},{"id":188,"peso":16},{"id":116,"peso":19},{"id":8,"peso":19},{"id":25,"peso":17},{"id":146,"peso":16},{"id":120,"peso":7},{"id":31,"peso":2},{"id":197,"peso":12},{"id":19,"peso":14},{"id":171,"peso":10},{"id":20,"peso":18},{"id":180,"peso":0},{"id":175,"peso":5},{"id":135,"peso":1},{"id":51,"peso":19},{"id":112,"peso":13},{"id":80,"peso":17},{"id":172,"peso":2},{"id":33,"peso":11},{"id":101,"peso":0},{"id":64,"peso":11},{"id":81,"peso":3},{"id":42,"peso":19},{"id":16,"peso":6},{"id":22,"peso":12},{"id":128,"peso":1},{"id":168,"peso":18},{"id":62,"peso":2},{"id":153,"peso":5}]}