{"docente":{"nome":"Berenice","departamento":"FIC","id":1306},"atividades":[{"id":159,"peso":2},{"id":78,"peso":20},{"id":99,"peso":5},{"id":69,"peso":5},{"id":157,"peso":15},{"id":13,"peso":14},{"id":84,"peso":13},{"id":51,"peso":1},{"id":62,"peso":10},{"id":2,"peso":5},{"id":23,"peso":12},{"id":189,"peso":0},{"id":89,"peso":8},{"id":192,"peso":15},{"id":96,"peso":2},{"id":25,"peso":2},{"id":144,"peso":2},{"id":88,"peso":11},{"id":72,"peso":17},{"id":176,"peso":10},{"id":124,"peso":5},{"id":17,"peso":18},{"id":190,"peso":11},{"id":90,"peso":0},{"id":75,"peso":1},{"id":71,"peso":5},{"id":27,"peso":12},{"id":33,"peso":16},{"id":49,"peso":16},{"id":32,"peso":12},{"id":136,"peso":5},{"id":125,"peso":3},{"id":74,"peso":18},{"id":92,"peso":3},{"id":9,"peso":6},{"id":129,"peso":13},{"id":35,"peso":6},{"id":66,"peso":11},{"id":86,"peso":12},{"id":68,"peso":13},{"id":12,"peso":18},{"id":11,"peso":12},{"id":5,"peso":5},{"id":64,"peso":0},{"id":195,"peso":7},{"id":131,"peso":4},{"id":128,"peso":2},{"id":127,"peso":7},{"id":149,"peso":13},{"id":115,"peso":14},{"id":108,"peso":19},{"id":4,"peso":9},{"id":148,"peso":17},{"id":168,"peso":7},{"id":45,"peso":20},{"id":119,"peso":11},{"id":14,"peso":18},{"id":191,"peso":18},{"id":117,"peso":7},{"id":130,"peso":7},{"id":91,"peso":15},{"id":164,"peso":15},{"id":53,"peso":14},{"id":100,"peso":17},{"id":193,"peso":3},{"id":76,"peso":2},{"id":182,"peso":11},{"id":177,"peso":12},{"id":82,"peso":4},{"id":7,"peso":0},{"id":146,"peso":12},{"id":179,"peso":18},{"id":137,"peso":10},{"id":167,"peso":20},{"id":158,"peso":10},{"id":107,"peso":14},{"id":113,"peso":14},{"id":153,"peso":16},{"id":22,"peso":11},{"id":29,"peso":3},{"id":61,"peso":6}]}