{"docente":{"nome":"Ana","departamento":"FEF","id":1061},"atividades":[{"id":10,"peso":9},{"id":54,"peso":7},{"id":138,"peso":5},{"id":123,"peso":19},{"id":76,"peso":15},{"id":159,"peso":17},{"id":135,"peso":16},{"id":11,"peso":13},{"id":140,"peso":15},{"id":46,"peso":19},{"id":48,"peso":6},{"id":177,"peso":12},{"id":69,"peso":7},{"id":38,"peso":20},{"id":116,"peso":6},{"id":165,"peso":2},{"id":149,"peso":5},{"id":161,"peso":13},{"id":187,"peso":20},{"id":127,"peso":20},{"id":70,"peso":12},{"id":49,"peso":17},{"id":146,"peso":6},{"id":137,"peso":10},{"id":6,"peso":19},{"id":169,"peso":9},{"id":58,"peso":2},{"id":162,"peso":2},{"id":174,"peso":19},{"id":50,"peso":18},{"id":41,"peso":19},{"id":68,"peso":3},{"id":17,"peso":8},{"id":175,"peso":10},{"id":90,"peso":4},{"id":106,"peso":3},{"id":39,"peso":7},{"id":143,"peso":11},{"id":42,"peso":19},{"id":19,"peso":3},{"id":179,"peso":10},{"id":118,"peso":0},{"id":157,"peso":2},{"id":32,"peso":17},{"id":3,"peso":15},{"id":57,"peso":7},{"id":95,"peso":4},{"id":133,"peso":20},{"id":43,"peso":18},{"id":158,"peso":12},{"id":147,"peso":19},{"id":152,"peso":12},{"id":77,"peso":7},{"id":59,"peso":12},{"id":119,"peso":5},{"id":136,"peso":16},{"id":40,"peso":17},{"id":4,"peso":12},{"id":168,"peso":1},{"id":160,"peso":18},{"id":88,"peso":5},{"id":107,"peso":16},{"id":121,"peso":0},{"id":100,"peso":4},{"id":142,"peso":5},{"id":148,"peso":12},{"id":111,"peso":6},{"id":96,"peso":8},{"id":25,"peso":7},{"id":188,"peso":10},{"id":23,"peso":17},{"id":167,"peso":13},{"id":16,"peso":17},{"id":150,"peso":19},{"id":60,"peso":13},{"id":198,"peso":13},{"id":15,"peso":2}]}