{"docente":{"nome":"Guilherme","departamento":"IF","id":1435},"atividades":[{"id":191,"peso":4},{"id":159,"peso":17},{"id":152,"peso":19},{"id":67,"peso":18},{"id":143,"peso":16},{"id":87,"peso":19},{"id":12,"peso":12},{"id":150,"peso":9},{"id":105,"peso":13},{"id":51,"peso":3},{"id":135,"peso":4},{"id":189,"peso":1},{"id":187,"peso":18},{"id":24,"peso":0},{"id":7,"peso":9},{"id":121,"peso":6},{"id":41,"peso":13},{"id":82,"peso":15},{"id":11,"peso":7},{"id":46,"peso":13},{"id":102,"peso":8},{"id":27,"peso":1},{"id":163,"peso":13},{"id":160,"peso":19},{"id":57,"peso":2},{"id":30,"peso":18},{"id":10,"peso":9},{"id":48,"peso":20},{"id":165,"peso":17},{"id":17,"peso":14},{"id":118,"peso":15},{"id":98,"peso":6},{"id":155,"peso":1},{"id":103,"peso":5},{"id":146,"peso":20},{"id":32,"peso":13},{"id":89,"peso":9},{"id":63,"peso":1},{"id":198,"peso":4},{"id":111,"peso":8},{"id":42,"peso":10},{"id":1,"peso":15},{"id":197,"peso":15},{"id":137,"peso":1},{"id":4,"peso":14},{"id":124,"peso":7},{"id":2,"peso":8},{"id":180,"peso":7},{"id":176,"peso":9},{"id":175,"peso":3},{"id":169,"peso":12},{"id":49,"peso":10},{"id":9,"peso":7},{"id":53,"peso":19},{"id":107,"peso":16},{"id":151,"peso":16},{"id":164,"peso":16},{"id":72,"peso":16},{"id":66,"peso":5},{"id":110,"peso":20},{"id":148,"peso":16},{"id":142,"peso":10},{"id":129,"peso":18},{"id":79,"peso":4},{"id":65,"peso":4},{"id":99,"peso":3},{"id":125,"peso":13},{"id":161,"peso":15},{"id":18,"peso":6},{"id":115,"peso":13},{"id":149,"peso":7},{"id":117,"peso":18},{"id":134,"peso":10},{"id":75,"peso":15},{"id":147,"peso":0},{"id":29,"peso":10},{"id":140,"peso":14},{"id":122,"peso":4}]}