{"docente":{"nome":"Paulo","departamento":"FEF","id":1282},"atividades":[{"id":90,"peso":13},{"id":158,"peso":2},{"id":69,"peso":6},{"id":72,"peso":16},{"id":155,"peso":7},{"id":189,"peso":3},{"id":172,"peso":13},{"id":79,"peso":19},{"id":64,"peso":6},{"id":63,"peso":6},{"id":164,"peso":14},{"id":47,"peso":9},{"id":21,"peso":15},{"id":27,"peso":1},{"id":147,"peso":3},{"id":138,"peso":5},{"id":139,"peso":18},{"id":109,"peso":6},{"id":36,"peso":19},{"id":182,"peso":12},{"id":87,"peso":4},{"id":135,"peso":12},{"id":144,"peso":14},{"id":168,"peso":8},{"id":190,"peso":17},{"id":132,"peso":20},{"id":100,"peso":0},{"id":7,"peso":19},{"id":67,"peso":3},{"id":55,"peso":18},{"id":59,"peso":16},{"id":66,"peso":0},{"id":121,"peso":9},{"id":103,"peso":6},{"id":61,"peso":16},{"id":108,"peso":3},{"id":85,"peso":12},{"id":196,"peso":15},{"id":122,"peso":4},{"id":1,"peso":0},{"id":148,"peso":16},{"id":54,"peso":6},{"id":156,"peso":12},{"id":195,"peso":6},{"id":92,"peso":14},{"id":58,"peso":5},{"id":94,"peso":1},{"id":163,"peso":4},{"id":29,"peso":9},{"id":179,"peso":10},{"id":77,"peso":17},{"id":181,"peso":5},{"id":183,"peso":8},{"id":44,"peso":17},{"id":106,"peso":16},{"id":40,"peso":3},{"id":131,"peso":9},{"id":126,"peso":5},{"id":120,"peso":18},{"id":96,"peso":15},{"id":150,"peso":11},{"id":136,"peso":19},{"id":127,"peso":15},{"id":70,"peso":20},{"id":128,"peso":3},{"id":33,"peso":1},{"id":48,"peso":11},{"id":167,"peso":17},{"id":187,"peso":0},{"id":153,"peso":14},{"id":101,"peso":8},{"id":14,"peso":20},{"id":124,"peso":8},{"id":197,"peso":15},{"id":82,"peso":2},{"id":184,"peso":18},{"id":78,"peso":17},{"id":84,"peso":2},{"id":37,"peso":9},{"id":39,"peso":19}]}