{"docente":{"nome":"Paulo","departamento":"FIC","id":1012},"atividades":[{"id":81,"peso":16},{"id":75,"peso":20},{"id":117,"peso":15},{"id":43,"peso":10},{"id":119,"peso":19},{"id":77,"peso":15},{"id":141,"peso":11},{"id":28,"peso":0},{"id":23,"peso":15},{"id":13,"peso":13},{"id":121,"peso":13},{"id":176,"peso":8},{"id":62,"peso":14},{"id":171,"peso":6},{"id":52,"peso":10},{"id":2,"peso":11},{"id":93,"peso":16},{"id":24,"peso":17},{"id":11,"peso":16},{"id":49,"peso":11},{"id":19,"peso":1},{"id":9,"peso":13},{"id":184,"peso":19},{"id":154,"peso":2},{"id":15,"peso":20},{"id":156,"peso":0},{"id":4,"peso":9},{"id":172,"peso":20},{"id":10,"peso":18},{"id":178,"peso":6},{"id":140,"peso":3},{"id":71,"peso":4},{"id":107,"peso":16},{"id":109,"peso":15},{"id":153,"peso":11},{"id":60,"peso":16},{"id":185,"peso":16},{"id":41,"peso":12},{"id":46,"peso":7},{"id":85,"peso":8},{"id":84,"peso":7},{"id":57,"peso":13},{"id":169,"peso":6},{"id":157,"peso":19},{"id":191,"peso":16},{"id":103,"peso":19},{"id":80,"peso":11},{"id":152,"peso":11},{"id":96,"peso":18},{"id":92,"peso":2},{"id":95,"peso":17},{"id":120,"peso":11},{"id":130,"peso":19},{"id":65,"peso":8},{"id":7,"peso":14},{"id":180,"peso":3},{"id":67,"peso":12},{"id":55,"peso":3},{"id":70,"peso":16},{"id":173,"peso":20},{"id":20,"peso":6},{"id":5,"peso":19},{"id":129,"peso":10},{"id":146,"peso":18},{"id":161,"peso":17},{"id":110,"peso":6},{"id":126,"peso":5},{"id":149,"peso":16},{"id":134,"peso":20},{"id":142,"peso":5},{"id":44,"peso":9},{"id":136,"peso":2},{"id":16,"peso":9},{"id":30,"peso":7},{"id":193,"peso":19}]}