{"docente":{"nome":"Fernanda","departamento":"INF","id":1205},"atividades":[{"id":159,"peso":8},{"id":129,"peso":19},{"id":162,"peso":0},{"id":31,"peso":8},{"id":103,"peso":13},{"id":94,"peso":14},{"id":51,"peso":4},{"id":54,"peso":5},{"id":185,"peso":4},{"id":130,"peso":16},{"id":36,"peso":5},{"id":148,"peso":20},{"id":116,"peso":19},{"id":77,"peso":12},{"id":33,"peso":20},{"id":2,"peso":9},{"id":190,"peso":17},{"id":195,"peso":6},{"id":122,"peso":17},{"id":78,"peso":16},{"id":57,"peso":10},{"id":137,"peso":10},{"id":110,"peso":6},{"id":50,"peso":13},{"id":88,"peso":0},{"id":16,"peso":8},{"id":75,"peso":10},{"id":63,"peso":16},{"id":143,"peso":2},{"id":43,"peso":16},{"id":49,"peso":6},{"id":90,"peso":18},{"id":146,"peso":7},{"id":186,"peso":12},{"id":41,"peso":15},{"id":168,"peso":7},{"id":101,"peso":16},{"id":189,"peso":11},{"id":18,"peso":10},{"id":184,"peso":9},{"id":64,"peso":2},{"id":70,"peso":14},{"id":5,"peso":5},{"id":182,"peso":12},{"id":166,"peso":4},{"id":4,"peso":12},{"id":17,"peso":16},{"id":20,"peso":4},{"id":28,"peso":10},{"id":172,"peso":7},{"id":170,"peso":20},{"id":35,"peso":10},{"id":131,"peso":19},{"id":104,"peso":14},{"id":191,"peso":1},{"id":135,"peso":4},{"id":38,"peso":0},{"id":32,"peso":12},{"id":91,"peso":14},{"id":22,"peso":4},{"id":175,"peso":20},{"id":105,"peso":5},{"id":147,"peso":4},{"id":53,"peso":4},{"id":114,"peso":15},{"id":21,"peso":10},{"id":169,"peso":6},{"id":132,"peso":18},{"id":121,"peso":2},{"id":34,"peso":0},{"id":60,"peso":3},{"id":124,"peso":0},{"id":95,"peso":17},{"id":198,"peso":11},{"id":47,"peso":15}]}