{"docente":{"nome":"Karla","departamento":"ICB","id":117},"atividades":[{"id":133,"peso":4},{"id":159,"peso":9},{"id":62,"peso":3},{"id":13,"peso":10},{"id":49,"peso":9},{"id":141,"peso":13},{"id":89,"peso":14},{"id":172,"peso":4},{"id":179,"peso":5},{"id":59,"peso":1},{"id":2,"peso":20},{"id":93,"peso":14},{"id":97,"peso":3},{"id":86,"peso":5},{"id":108,"peso":10},{"id":9,"peso":13},{"id":65,"peso":7},{"id":142,"peso":0},{"id":194,"peso":6},{"id":17,"peso":3},{"id":31,"peso":5},{"id":33,"peso":8},{"id":136,"peso":2},{"id":113,"peso":0},{"id":197,"peso":9},{"id":117,"peso":0},{"id":25,"peso":19},{"id":74,"peso":17},{"id":111,"peso":20},{"id":192,"peso":9},{"id":119,"peso":6},{"id":19,"peso":6},{"id":177,"peso":17},{"id":47,"peso":5},{"id":35,"peso":10},{"id":176,"peso":9},{"id":39,"peso":11},{"id":41,"peso":3},{"id":165,"peso":16},{"id":85,"peso":11},{"id":175,"peso":16},{"id":153,"peso":14},{"id":98,"peso":20},{"id":27,"peso":16},{"id":11,"peso":6},{"id":96,"peso":12},{"id":169,"peso":4},{"id":4,"peso":11},{"id":45,"peso":2},{"id":22,"peso":3},{"id":125,"peso":15},{"id":188,"peso":2},{"id":83,"peso":20},{"id":163,"peso":1},{"id":66,"peso":16},{"id":26,"peso":6},{"id":40,"peso":20},{"id":64,"peso":5},{"id":112,"peso":15},{"id":78,"peso":19},{"id":196,"peso":4},{"id":162,"peso":4},{"id":126,"peso":11},{"id":77,"peso":20},{"id":120,"peso":16},{"id":68,"peso":8},{"id":34,"peso":19},{"id":157,"peso":20},{"id":57,"peso":17},{"id":91,"peso":16},{"id":87,"peso":13},{"id":105,"peso":4},{"id":76,"peso":19}]}