{"docente":{"nome":"Henrique","departamento":"ICB","id":1105},"atividades":[{"id":7,"peso":4},{"id":139,"peso":13},{"id":168,"peso":0},{"id":93,"peso":18},{"id":10,"peso":18},{"id":166,"peso":3},{"id":89,"peso":14},{"id":8,"peso":7},{"id":72,"peso":19},{"id":164,"peso":7},{"id":30,"peso":1},{"id":159,"peso":5},{"id":145,"peso":11},{"id":45,"peso":10},{"id":119,"peso":12},{"id":25,"peso":4},{"id":117,"peso":1},{"id":111,"peso":12},{"id":53,"peso":6},{"id":191,"peso":4},{"id":147,"peso":6},{"id":71,"peso":7},{"id":15,"peso":12},{"id":98,"peso":11},{"id":12,"peso":1},{"id":167,"peso":19},{"id":198,"peso":9},{"id":88,"peso":16},{"id":183,"peso":13},{"id":3,"peso":20},{"id":102,"peso":11},{"id":154,"peso":8},{"id":115,"peso":0},{"id":149,"peso":12},{"id":63,"peso":17},{"id":24,"peso":19},{"id":137,"peso":16},{"id":134,"peso":20},{"id":169,"peso":6},{"id":47,"peso":9},{"id":194,"peso":9},{"id":57,"peso":0},{"id":73,"peso":15},{"id":84,"peso":1},{"id":156,"peso":5},{"id":157,"peso":2},{"id":170,"peso":12},{"id":29,"peso":19},{"id":38,"peso":18},{"id":49,"peso":0},{"id":152,"peso":13},{"id":74,"peso":5},{"id":188,"peso":19},{"id":54,"peso":13},{"id":155,"peso":13},{"id":120,"peso":3},{"id":20,"peso":17},{"id":35,"peso":4},{"id":76,"peso":6},{"id":118,"peso":6},{"id":160,"peso":19},{"id":113,"peso":8},{"id":153,"peso":11},{"id":41,"peso":3},{"id":196,"peso":11},{"id":178,"peso":12},{"id":108,"peso":11},{"id":51,"peso":1},{"id":105,"peso":15},{"id":184,"peso":0},{"id":100,"peso":11},{"id":83,"peso":19},{"id":175,"peso":1},{"id":190,"peso":4},{"id":165,"peso":15},{"id":42,"peso":19},{"id":133,"peso":17},{"id":31,"peso":10},{"id":125,"peso":15},{"id":138,"peso":6},{"id":123,"peso":13},{"id":9,"peso":0}]}