{"docente":{"nome":"Adriana","departamento":"FIC","id":1133},"atividades":[{"id":69,"peso":8},{"id":160,"peso":19},{"id":189,"peso":2},{"id":192,"peso":18},{"id":185,"peso":16},{"id":42,"peso":18},{"id":32,"peso":5},{"id":153,"peso":16},{"id":8,"peso":5},{"id":169,"peso":8},{"id":142,"peso":16},{"id":124,"peso":10},{"id":9,"peso":17},{"id":51,"peso":0},{"id":145,"peso":10},{"id":156,"peso":0},{"id":148,"peso":6},{"id":196,"peso":5},{"id":119,"peso":19},{"id":135,"peso":3},{"id":100,"peso":16},{"id":147,"peso":11},{"id":63,"peso":1},{"id":168,"peso":17},{"id":99,"peso":7},{"id":194,"peso":6},{"id":31,"peso":7},{"id":50,"peso":10},{"id":166,"peso":11},{"id":144,"peso":4},{"id":70,"peso":14},{"id":4,"peso":2},{"id":173,"peso":0},{"id":84,"peso":2},{"id":86,"peso":7},{"id":130,"peso":18},{"id":82,"peso":17},{"id":28,"peso":14},{"id":195,"peso":3},{"id":157,"peso":18},{"id":92,"peso":0},{"id":103,"peso":16},{"id":154,"peso":19},{"id":164,"peso":13},{"id":67,"peso":18},{"id":40,"peso":7},{"id":182,"peso":2},{"id":11,"peso":12},{"id":108,"peso":8},{"id":176,"peso":3},{"id":95,"peso":6},{"id":132,"peso":6},{"id":43,"peso":18},{"id":68,"peso":16},{"id":118,"peso":2},{"id":141,"peso":18},{"id":158,"peso":5},{"id":127,"peso":10},{"id":170,"peso":19},{"id":186,"peso":13},{"id":113,"peso":4},{"id":74,"peso":12},{"id":174,"peso":0},{"id":41,"peso":3},{"id":102,"peso":5},{"id":177,"peso":15},{"id":47,"peso":14},{"id":151,"peso":19},{"id":162,"peso":11},{"id":139,"peso":16},{"id":83,"peso":1},{"id":71,"peso":8},{"id":54,"peso":8},{"id":72,"peso":16},{"id":10,"peso":16},{"id":23,"peso":9},{"id":107,"peso":10},{"id":21,"peso":8},{"id":79,"peso":15},{"id":180,"peso":18},{"id":49,"peso":6},{"id":3,"peso":20}]}