{"docente":{"nome":"Karla","departamento":"IF","id":1002},"atividades":[{"id":140,"peso":15},{"id":79,"peso":10},{"id":116,"peso":20},{"id":42,"peso":3},{"id":170,"peso":18},{"id":18,"peso":2},{"id":13,"peso":19},{"id":121,"peso":12},{"id":153,"peso":19},{"id":151,"peso":10},{"id":148,"peso":1},{"id":113,"peso":6},{"id":136,"peso":0},{"id":54,"peso":2},{"id":102,"peso":9},{"id":5,"peso":4},{"id":130,"peso":18},{"id":49,"peso":6},{"id":157,"peso":18},{"id":197,"peso":6},{"id":110,"peso":6},{"id":143,"peso":12},{"id":172,"peso":17},{"id":119,"peso":10},{"id":126,"peso":8},{"id":122,"peso":2},{"id":80,"peso":16},{"id":109,"peso":5},{"id":118,"peso":15},{"id":28,"peso":6},{"id":39,"peso":1},{"id":48,"peso":20},{"id":36,"peso":19},{"id":111,"peso":8},{"id":167,"peso":8},{"id":131,"peso":20},{"id":103,"peso":18},{"id":168,"peso":17},{"id":32,"peso":12},{"id":14,"peso":10},{"id":43,"peso":19},{"id":98,"peso":8},{"id":198,"peso":13},{"id":56,"peso":3},{"id":155,"peso":15},{"id":174,"peso":9},{"id":60,"peso":4},{"id":46,"peso":1},{"id":40,"peso":20},{"id":193,"peso":15},{"id":178,"peso":16},{"id":115,"peso":10},{"id":97,"peso":6},{"id":141,"peso":3},{"id":93,"peso":14},{"id":107,"peso":5},{"id":129,"peso":11},{"id":146,"peso":11},{"id":173,"peso":4},{"id":78,"peso":16},{"id":61,"peso":20},{"id":147,"peso":20},{"id":70,"peso":3},{"id":134,"peso":2},{"id":91,"peso":3},{"id":66,"peso":13},{"id":106,"peso":19},{"id":38,"peso":11},{"id":149,"peso":9},{"id":182,"peso":20},{"id":52,"peso":0},{"id":9,"peso":16},{"id":127,"peso":0},{"id":37,"peso":2},{"id":179,"peso":18}]}