{"docente":{"nome":"Paulo","departamento":"INF","id":1324},"atividades":[{"id":171,"peso":12},{"id":12,"peso":10},{"id":147,"peso":8},{"id":27,"peso":3},{"id":188,"peso":16},{"id":29,"peso":19},{"id":53,"peso":9},{"id":93,"peso":20},{"id":49,"peso":2},{"id":124,"peso":2},{"id":157,"peso":4},{"id":11,"peso":11},{"id":84,"peso":18},{"id":97,"peso":10},{"id":54,"peso":17},{"id":33,"peso":1},{"id":34,"peso":12},{"id":165,"peso":18},{"id":2,"peso":11},{"id":6,"peso":12},{"id":28,"peso":20},{"id":83,"peso":0},{"id":125,"peso":15},{"id":47,"peso":14},{"id":143,"peso":6},{"id":95,"peso":16},{"id":130,"peso":2},{"id":64,"peso":6},{"id":180,"peso":1},{"id":79,"peso":8},{"id":58,"peso":16},{"id":70,"peso":1},{"id":148,"peso":20},{"id":71,"peso":14},{"id":26,"peso":8},{"id":103,"peso":3},{"id":78,"peso":16},{"id":187,"peso":5},{"id":126,"peso":20},{"id":18,"peso":6},{"id":41,"peso":19},{"id":173,"peso":7},{"id":14,"peso":20},{"id":162,"peso":17},{"id":21,"peso":7},{"id":99,"peso":2},{"id":61,"peso":11},{"id":45,"peso":18},{"id":176,"peso":8},{"id":72,"peso":11},{"id":66,"peso":7},{"id":80,"peso":6},{"id":35,"peso":8},{"id":111,"peso":16},{"id":105,"peso":9},{"id":107,"peso":4},{"id":4,"peso":11},{"id":132,"peso":1},{"id":24,"peso":6},{"id":198,"peso":10},{"id":134,"peso":11},{"id":196,"peso":20},{"id":51,"peso":9},{"id":194,"peso":7},{"id":7,"peso":7},{"id":44,"peso":19},{"id":156,"peso":9},{"id":178,"peso":17},{"id":144,"peso":2},{"id":137,"peso":20},{"id":1,"peso":4},{"id":74,"peso":6},{"id":136,"peso":9},{"id":87,"peso":18},{"id":133,"peso":2},{"id":32,"peso":5},{"id":39,"peso":18},{"id":102,"peso":7},{"id":129,"peso":2},{"id":145,"peso":20},{"id":117,"peso":3},{"id":118,"peso":13},{"id":38,"peso":12}]}