{"docente":{"nome":"Maria","departamento":"FIC","id":114},"atividades":[{"id":165,"peso":8},{"id":178,"peso":12},{"id":26,"peso":9},{"id":96,"peso":0},{"id":103,"peso":16},{"id":91,"peso":1},{"id":44,"peso":14},{"id":34,"peso":7},{"id":160,"peso":5},{"id":175,"peso":8},{"id":33,"peso":17},{"id":121,"peso":4},{"id":107,"peso":6},{"id":29,"peso":2},{"id":89,"peso":17},{"id":122,"peso":12},{"id":130,"peso":18},{"id":169,"peso":14},{"id":164,"peso":17},{"id":85,"peso":11},{"id":172,"peso":5},{"id":81,"peso":1},{"id":90,"peso":18},{"id":194,"peso":16},{"id":171,"peso":13},{"id":132,"peso":16},{"id":161,"peso":11},{"id":142,"peso":2},{"id":8,"peso":14},{"id":125,"peso":9},{"id":195,"peso":2},{"id":52,"peso":12},{"id":98,"peso":9},{"id":45,"peso":8},{"id":117,"peso":20},{"id":51,"peso":19},{"id":73,"peso":0},{"id":83,"peso":2},{"id":62,"peso":6},{"id":55,"peso":12},{"id":115,"peso":15},{"id":141,"peso":18},{"id":79,"peso":2},{"id":1,"peso":20},{"id":93,"peso":11},{"id":67,"peso":10},{"id":11,"peso":1},{"id":94,"peso":13},{"id":108,"peso":4},{"id":137,"peso":6},{"id":135,"peso":1},{"id":27,"peso":10},{"id":48,"peso":18},{"id":36,"peso":4},{"id":35,"peso":20},{"id":25,"peso":8},{"id":131,"peso":6},{"id":111,"peso":18},{"id":57,"peso":2},{"id":127,"peso":12},{"id":64,"peso":1},{"id":14,"peso":15},{"id":106,"peso":19},{"id":129,"peso":4},{"id":126,"peso":1},{"id":92,"peso":2},{"id":190,"peso":7},{"id":68,"peso":10},{"id":155,"peso":0},{"id":72,"peso":20},{"id":147,"peso":13},{"id":50,"peso":3},{"id":75,"peso":14},{"id":31,"peso":5},{"id":7,"peso":11},{"id":133,"peso":0},{"id":152,"peso":12}]}