{"docente":{"nome":"Berenice","departamento":"FEF","id":1286},"atividades":[{"id":6,"peso":10},{"id":55,"peso":10},{"id":60,"peso":9},{"id":119,"peso":6},{"id":183,"peso":9},{"id":25,"peso":10},{"id":120,"peso":1},{"id":181,"peso":9},{"id":28,"peso":5},{"id":177,"peso":16},{"id":107,"peso":8},{"id":143,"peso":4},{"id":21,"peso":0},{"id":61,"peso":5},{"id":159,"peso":9},{"id":78,"peso":16},{"id":141,"peso":13},{"id":140,"peso":4},{"id":193,"peso":19},{"id":8,"peso":4},{"id":180,"peso":4},{"id":17,"peso":15},{"id":79,"peso":2},{"id":101,"peso":8},{"id":14,"peso":1},{"id":10,"peso":8},{"id":196,"peso":8},{"id":188,"peso":19},{"id":184,"peso":2},{"id":174,"peso":18},{"id":36,"peso":13},{"id":29,"peso":1},{"id":82,"peso":12},{"id":161,"peso":14},{"id":62,"peso":0},{"id":44,"peso":2},{"id":65,"peso":16},{"id":152,"peso":14},{"id":94,"peso":2},{"id":39,"peso":20},{"id":178,"peso":5},{"id":169,"peso":14},{"id":146,"peso":19},{"id":114,"peso":13},{"id":179,"peso":16},{"id":43,"peso":3},{"id":133,"peso":20},{"id":173,"peso":15},{"id":89,"peso":4},{"id":30,"peso":11},{"id":111,"peso":11},{"id":49,"peso":3},{"id":165,"peso":4},{"id":149,"peso":9},{"id":81,"peso":13},{"id":72,"peso":0},{"id":117,"peso":10},{"id":3,"peso":9},{"id":113,"peso":14},{"id":75,"peso":14},{"id":34,"peso":9},{"id":153,"peso":10},{"id":99,"peso":15},{"id":85,"peso":3},{"id":52,"peso":10},{"id":48,"peso":3},{"id":92,"peso":14},{"id":103,"peso":16},{"id":110,"peso":1},{"id":105,"peso":16},{"id":58,"peso":17},{"id":104,"peso":19},{"id":170,"peso":16},{"id":5,"peso":19},{"id":138,"peso":14},{"id":64,"peso":9},{"id":139,"peso":10},{"id":102,"peso":16},{"id":45,"peso":6}]}