{"docente":{"nome":"Adriana","departamento":"INF","id":1015},"atividades":[{"id":43,"peso":17},{"id":39,"peso":2},{"id":15,"peso":5},{"id":80,"peso":19},{"id":84,"peso":20},{"id":194,"peso":14},{"id":19,"peso":15},{"id":45,"peso":15},{"id":162,"peso":2},{"id":117,"peso":9},{"id":13,"peso":16},{"id":58,"peso":18},{"id":12,"peso":10},{"id":83,"peso":17},{"id":11,"peso":14},{"id":17,"peso":13},{"id":2,"peso":19},{"id":166,"peso":11},{"id":64,"peso":10},{"id":169,"peso":10},{"id":121,"peso":9},{"id":29,"peso":9},{"id":141,"peso":14},{"id":46,"peso":18},{"id":99,"peso":5},{"id":98,"peso":7},{"id":140,"peso":10},{"id":106,"peso":8},{"id":157,"peso":7},{"id":51,"peso":15},{"id":3,"peso":17},{"id":1,"peso":7},{"id":96,"peso":9},{"id":177,"peso":4},{"id":100,"peso":18},{"id":47,"peso":16},{"id":70,"peso":20},{"id":190,"peso":18},{"id":81,"peso":19},{"id":135,"peso":8},{"id":4,"peso":10},{"id":120,"peso":4},{"id":22,"peso":7},{"id":191,"peso":6},{"id":186,"peso":1},{"id":175,"peso":5},{"id":82,"peso":14},{"id":154,"peso":15},{"id":67,"peso":12},{"id":127,"peso":7},{"id":40,"peso":10},{"id":18,"peso":1},{"id":95,"peso":13},{"id":125,"peso":13},{"id":56,"peso":0},{"id":129,"peso":8},{"id":33,"peso":20},{"id":131,"peso":11},{"id":6,"peso":11},{"id":189,"peso":5},{"id":195,"peso":6},{"id":87,"peso":15},{"id":149,"peso":1},{"id":196,"peso":0},{"id":150,"peso":10},{"id":139,"peso":8},{"id":27,"peso":15},{"id":160,"peso":6},{"id":5,"peso":11},{"id":167,"peso":2},{"id":178,"peso":5},{"id":93,"peso":16},{"id":21,"peso":5},{"id":151,"peso":18},{"id":107,"peso":13},{"id":66,"peso":12},{"id":54,"peso":6},{"id":116,"peso":6},{"id":77,"peso":16},{"id":55,"peso":18}]}