{"docente":{"nome":"Paulo","departamento":"INF","id":1253},"atividades":[{"id":149,"peso":19},{"id":109,"peso":7},{"id":166,"peso":2},{"id":182,"peso":5},{"id":120,"peso":15},{"id":2,"peso":6},{"id":52,"peso":13},{"id":135,"peso":2},{"id":107,"peso":6},{"id":144,"peso":1},{"id":178,"peso":10},{"id":119,"peso":9},{"id":186,"peso":14},{"id":151,"peso":6},{"id":148,"peso":12},{"id":49,"peso":8},{"id":3,"peso":17},{"id":71,"peso":2},{"id":168,"peso":3},{"id":32,"peso":20},{"id":99,"peso":4},{"id":73,"peso":3},{"id":145,"peso":16},{"id":77,"peso":16},{"id":58,"peso":9},{"id":165,"peso":18},{"id":88,"peso":12},{"id":28,"peso":5},{"id":42,"peso":15},{"id":185,"peso":17},{"id":162,"peso":1},{"id":91,"peso":20},{"id":157,"peso":10},{"id":125,"peso":9},{"id":112,"peso":10},{"id":37,"peso":13},{"id":160,"peso":4},{"id":116,"peso":5},{"id":74,"peso":0},{"id":128,"peso":11},{"id":153,"peso":0},{"id":80,"peso":14},{"id":81,"peso":15},{"id":98,"peso":20},{"id":137,"peso":20},{"id":22,"peso":0},{"id":147,"peso":16},{"id":140,"peso":17},{"id":180,"peso":14},{"id":195,"peso":17},{"id":34,"peso":14},{"id":121,"peso":4},{"id":79,"peso":7},{"id":97,"peso":6},{"id":159,"peso":15},{"id":164,"peso":17},{"id":142,"peso":5},{"id":188,"peso":8},{"id":132,"peso":14},{"id":5,"peso":17},{"id":114,"peso":0},{"id":139,"peso":8},{"id":108,"peso":17},{"id":69,"peso":12},{"id":63,"peso":9},{"id":9,"peso":14},{"id":196,"peso":16},{"id":126,"peso":13},{"id":172,"peso":6},{"id":47,"peso":5},{"id":67,"peso":0},{"id":50,"peso":4},{"id":176,"peso":5},{"id":141,"peso":14}]}