{"docente":{"nome":"Renato","departamento":"IQ","id":1367},"atividades":[{"id":117,"peso":9},{"id":136,"peso":18},{"id":143,"peso":20},{"id":153,"peso":14},{"id":100,"peso":9},{"id":195,"peso":3},{"id":55,"peso":19},{"id":99,"peso":11},{"id":85,"peso":16},{"id":2,"peso":12},{"id":51,"peso":9},{"id":109,"peso":14},{"id":192,"peso":11},{"id":17,"peso":4},{"id":91,"peso":9},{"id":178,"peso":7},{"id":77,"peso":19},{"id":145,"peso":12},{"id":35,"peso":12},{"id":16,"peso":14},{"id":93,"peso":16},{"id":168,"peso":20},{"id":188,"peso":9},{"id":165,"peso":4},{"id":1,"peso":16},{"id":79,"peso":15},{"id":20,"peso":12},{"id":179,"peso":13},{"id":23,"peso":8},{"id":108,"peso":5},{"id":125,"peso":1},{"id":47,"peso":11},{"id":185,"peso":14},{"id":39,"peso":2},{"id":156,"peso":11},{"id":194,"peso":5},{"id":10,"peso":18},{"id":128,"peso":1},{"id":33,"peso":16},{"id":198,"peso":6},{"id":133,"peso":13},{"id":163,"peso":5},{"id":120,"peso":4},{"id":92,"peso":7},{"id":189,"peso":12},{"id":64,"peso":16},{"id":132,"peso":16},{"id":101,"peso":10},{"id":34,"peso":15},{"id":18,"peso":11},{"id":157,"peso":18},{"id":60,"peso":20},{"id":36,"peso":9},{"id":116,"peso":14},{"id":78,"peso":13},{"id":84,"peso":17},{"id":21,"peso":16},{"id":3,"peso":13},{"id":12,"peso":11},{"id":61,"peso":5},{"id":46,"peso":4},{"id":105,"peso":2},{"id":119,"peso":12},{"id":169,"peso":12},{"id":171,"peso":3},{"id":97,"peso":11},{"id":57,"peso":13},{"id":68,"peso":2},{"id":62,"peso":4},{"id":196,"peso":19},{"id":30,"peso":11},{"id":177,"peso":6},{"id":151,"peso":12},{"id":50,"peso":15},{"id":126,"peso":6}]}