{"docente":{"nome":"Maria","departamento":"IQ","id":1231},"atividades":[{"id":32,"peso":16},{"id":161,"peso":11},{"id":15,"peso":9},{"id":54,"peso":1},{"id":146,"peso":9},{"id":131,"peso":7},{"id":182,"peso":18},{"id":64,"peso":16},{"id":191,"peso":8},{"id":61,"peso":16},{"id":139,"peso":4},{"id":75,"peso":19},{"id":171,"peso":12},{"id":183,"peso":11},{"id":103,"peso":0},{"id":86,"peso":10},{"id":1,"peso":0},{"id":35,"peso":14},{"id":141,"peso":16},{"id":92,"peso":0},{"id":44,"peso":15},{"id":130,"peso":20},{"id":96,"peso":10},{"id":65,"peso":1},{"id":67,"peso":14},{"id":7,"peso":9},{"id":150,"peso":1},{"id":155,"peso":18},{"id":91,"peso":6},{"id":166,"peso":10},{"id":148,"peso":7},{"id":106,"peso":0},{"id":194,"peso":15},{"id":164,"peso":0},{"id":167,"peso":14},{"id":142,"peso":15},{"id":59,"peso":18},{"id":101,"peso":0},{"id":163,"peso":10},{"id":25,"peso":3},{"id":53,"peso":17},{"id":117,"peso":4},{"id":76,"peso":19},{"id":170,"peso":17},{"id":84,"peso":2},{"id":193,"peso":14},{"id":177,"peso":5},{"id":98,"peso":13},{"id":129,"peso":17},{"id":137,"peso":7},{"id":120,"peso":14},{"id":2,"peso":5},{"id":184,"peso":17},{"id":190,"peso":18},{"id":50,"peso":18},{"id":156,"peso":13},{"id":46,"peso":20},{"id":127,"peso":18},{"id":58,"peso":6},{"id":134,"peso":16},{"id":165,"peso":17},{"id":33,"peso":0},{"id":187,"peso":13},{"id":104,"peso":8},{"id":172,"peso":9},{"id":173,"peso":0},{"id":10,"peso":20},{"id":181,"peso":1},{"id":26,"peso":8},{"id":72,"peso":2},{"id":124,"peso":6},{"id":79,"peso":5},{"id":126,"peso":14},{"id":9,"peso":9},{"id":99,"peso":0},{"id":189,"peso":12},{"id":90,"peso":14},{"id":42,"peso":18},{"id":113,"peso":5},{"id":37,"peso":15},{"id":16,"peso":5},{"id":162,"peso":10}]}