{"docente":{"nome":"Fernanda","departamento":"INF","id":1037},"atividades":[{"id":30,"peso":5},{"id":44,"peso":1},{"id":124,"peso":16},{"id":198,"peso":17},{"id":42,"peso":9},{"id":88,"peso":5},{"id":80,"peso":7},{"id":37,"peso":12},{"id":39,"peso":20},{"id":92,"peso":9},{"id":93,"peso":20},{"id":196,"peso":3},{"id":50,"peso":5},{"id":157,"peso":20},{"id":89,"peso":9},{"id":29,"peso":6},{"id":186,"peso":14},{"id":123,"peso":6},{"id":106,"peso":7},{"id":6,"peso":16},{"id":113,"peso":1},{"id":74,"peso":3},{"id":180,"peso":11},{"id":142,"peso":2},{"id":90,"peso":17},{"id":183,"peso":4},{"id":158,"peso":7},{"id":76,"peso":17},{"id":118,"peso":6},{"id":38,"peso":17},{"id":171,"peso":18},{"id":77,"peso":9},{"id":138,"peso":1},{"id":150,"peso":16},{"id":12,"peso":19},{"id":148,"peso":1},{"id":173,"peso":0},{"id":136,"peso":17},{"id":156,"peso":11},{"id":65,"peso":11},{"id":24,"peso":19},{"id":49,"peso":5},{"id":174,"peso":9},{"id":8,"peso":3},{"id":172,"peso":12},{"id":152,"peso":1},{"id":11,"peso":7},{"id":1,"peso":14},{"id":130,"peso":11},{"id":40,"peso":9},{"id":59,"peso":15},{"id":107,"peso":4},{"id":121,"peso":5},{"id":62,"peso":0},{"id":109,"peso":11},{"id":97,"peso":9},{"id":101,"peso":13},{"id":45,"peso":20},{"id":185,"peso":7},{"id":131,"peso":9},{"id":181,"peso":18},{"id":2,"peso":5},{"id":193,"peso":1},{"id":36,"peso":5},{"id":139,"peso":0},{"id":85,"peso":14},{"id":46,"peso":17},{"id":15,"peso":9},{"id":33,"peso":5},{"id":69,"peso":16},{"id":4,"peso":9},{"id":70,"peso":8},{"id":96,"peso":11},{"id":176,"peso":15},{"id":129,"peso":6},{"id":19,"peso":4},{"id":162,"peso":10},{"id":187,"peso":10}]}