{"docente":{"nome":"Auri","departamento":"FIC","id":1059},"atividades":[{"id":147,"peso":20},{"id":155,"peso":16},{"id":109,"peso":3},{"id":15,"peso":19},{"id":47,"peso":8},{"id":66,"peso":14},{"id":146,"peso":12},{"id":121,"peso":2},{"id":19,"peso":18},{"id":6,"peso":9},{"id":22,"peso":16},{"id":160,"peso":8},{"id":144,"peso":6},{"id":166,"peso":9},{"id":86,"peso":20},{"id":21,"peso":3},{"id":150,"peso":13},{"id":99,"peso":12},{"id":94,"peso":7},{"id":38,"peso":7},{"id":105,"peso":12},{"id":191,"peso":20},{"id":159,"peso":3},{"id":4,"peso":19},{"id":189,"peso":16},{"id":138,"peso":12},{"id":118,"peso":19},{"id":186,"peso":18},{"id":181,"peso":2},{"id":60,"peso":8},{"id":17,"peso":14},{"id":23,"peso":11},{"id":37,"peso":1},{"id":197,"peso":3},{"id":69,"peso":11},{"id":101,"peso":5},{"id":107,"peso":0},{"id":156,"peso":17},{"id":79,"peso":8},{"id":8,"peso":12},{"id":176,"peso":16},{"id":42,"peso":5},{"id":148,"peso":13},{"id":115,"peso":5},{"id":106,"peso":10},{"id":85,"peso":0},{"id":180,"peso":4},{"id":126,"peso":20},{"id":174,"peso":11},{"id":16,"peso":13},{"id":154,"peso":15},{"id":173,"peso":3},{"id":172,"peso":8},{"id":152,"peso":9},{"id":34,"peso":15},{"id":84,"peso":14},{"id":124,"peso":20},{"id":11,"peso":9},{"id":59,"peso":6},{"id":10,"peso":15},{"id":12,"peso":13},{"id":57,"peso":19},{"id":56,"peso":13},{"id":80,"peso":19},{"id":193,"peso":5},{"id":123,"peso":8},{"id":52,"peso":6},{"id":40,"peso":15},{"id":39,"peso":13},{"id":179,"peso":2},{"id":65,"peso":12},{"id":111,"peso":16},{"id":24,"peso":13},{"id":137,"peso":13},{"id":71,"peso":18},{"id":133,"peso":5},{"id":14,"peso":9},{"id":117,"peso":4}]}