{"docente":{"nome":"Ana","departamento":"FIC","id":1209},"atividades":[{"id":25,"peso":9},{"id":91,"peso":5},{"id":16,"peso":13},{"id":192,"peso":11},{"id":9,"peso":17},{"id":190,"peso":16},{"id":174,"peso":2},{"id":108,"peso":11},{"id":186,"peso":2},{"id":57,"peso":9},{"id":10,"peso":9},{"id":5,"peso":4},{"id":88,"peso":19},{"id":35,"peso":8},{"id":13,"peso":12},{"id":195,"peso":4},{"id":142,"peso":12},{"id":188,"peso":0},{"id":167,"peso":12},{"id":3,"peso":2},{"id":106,"peso":5},{"id":130,"peso":4},{"id":176,"peso":12},{"id":42,"peso":2},{"id":149,"peso":13},{"id":119,"peso":12},{"id":94,"peso":12},{"id":87,"peso":8},{"id":182,"peso":3},{"id":152,"peso":10},{"id":90,"peso":14},{"id":59,"peso":14},{"id":172,"peso":8},{"id":127,"peso":18},{"id":26,"peso":8},{"id":136,"peso":12},{"id":55,"peso":8},{"id":161,"peso":20},{"id":66,"peso":3},{"id":15,"peso":6},{"id":110,"peso":11},{"id":117,"peso":13},{"id":45,"peso":3},{"id":77,"peso":10},{"id":157,"peso":19},{"id":179,"peso":10},{"id":84,"peso":15},{"id":48,"peso":17},{"id":181,"peso":7},{"id":144,"peso":0},{"id":125,"peso":4},{"id":70,"peso":14},{"id":131,"peso":8},{"id":111,"peso":2},{"id":98,"peso":20},{"id":145,"peso":12},{"id":158,"peso":8},{"id":62,"peso":15},{"id":31,"peso":15},{"id":194,"peso":14},{"id":135,"peso":18},{"id":19,"peso":6},{"id":97,"peso":14},{"id":21,"peso":7},{"id":120,"peso":5},{"id":68,"peso":17},{"id":141,"peso":11},{"id":93,"peso":14},{"id":164,"peso":20},{"id":30,"peso":20},{"id":85,"peso":12},{"id":197,"peso":19},{"id":191,"peso":12},{"id":146,"peso":0},{"id":8,"peso":12},{"id":140,"peso":9},{"id":6,"peso":6},{"id":47,"peso":17},{"id":107,"peso":0}]}