{"docente":{"nome":"Guilherme","departamento":"FEF","id":1155},"atividades":[{"id":189,"peso":18},{"id":132,"peso":9},{"id":9,"peso":8},{"id":28,"peso":6},{"id":152,"peso":6},{"id":37,"peso":17},{"id":30,"peso":3},{"id":96,"peso":3},{"id":7,"peso":8},{"id":65,"peso":13},{"id":21,"peso":13},{"id":168,"peso":14},{"id":44,"peso":19},{"id":126,"peso":7},{"id":31,"peso":8},{"id":137,"peso":11},{"id":8,"peso":12},{"id":94,"peso":13},{"id":11,"peso":2},{"id":57,"peso":4},{"id":97,"peso":5},{"id":192,"peso":20},{"id":149,"peso":5},{"id":196,"peso":19},{"id":170,"peso":17},{"id":174,"peso":2},{"id":89,"peso":19},{"id":61,"peso":19},{"id":188,"peso":5},{"id":169,"peso":13},{"id":79,"peso":12},{"id":90,"peso":9},{"id":6,"peso":18},{"id":155,"peso":14},{"id":122,"peso":14},{"id":166,"peso":20},{"id":158,"peso":10},{"id":179,"peso":20},{"id":32,"peso":14},{"id":177,"peso":3},{"id":146,"peso":20},{"id":55,"peso":13},{"id":197,"peso":18},{"id":51,"peso":19},{"id":43,"peso":8},{"id":178,"peso":4},{"id":172,"peso":2},{"id":135,"peso":19},{"id":150,"peso":14},{"id":19,"peso":2},{"id":93,"peso":12},{"id":71,"peso":20},{"id":120,"peso":15},{"id":34,"peso":19},{"id":45,"peso":5},{"id":25,"peso":19},{"id":171,"peso":8},{"id":139,"peso":20},{"id":66,"peso":17},{"id":129,"peso":8},{"id":147,"peso":16},{"id":48,"peso":3},{"id":116,"peso":4},{"id":134,"peso":17},{"id":160,"peso":0},{"id":182,"peso":13},{"id":67,"peso":8},{"id":124,"peso":13},{"id":54,"peso":1},{"id":83,"peso":16},{"id":175,"peso":8},{"id":82,"peso":17},{"id":195,"peso":1},{"id":60,"peso":14},{"id":77,"peso":10},{"id":183,"peso":15},{"id":12,"peso":6},{"id":106,"peso":5},{"id":157,"peso":14},{"id":1,"peso":6}]}