{"docente":{"nome":"Maria","departamento":"FIC","id":1197},"atividades":[{"id":167,"peso":14},{"id":20,"peso":14},{"id":16,"peso":13},{"id":174,"peso":1},{"id":25,"peso":18},{"id":158,"peso":18},{"id":75,"peso":11},{"id":38,"peso":8},{"id":153,"peso":7},{"id":88,"peso":8},{"id":21,"peso":1},{"id":198,"peso":0},{"id":143,"peso":13},{"id":188,"peso":12},{"id":155,"peso":6},{"id":78,"peso":0},{"id":6,"peso":10},{"id":41,"peso":1},{"id":70,"peso":2},{"id":15,"peso":16},{"id":55,"peso":4},{"id":190,"peso":6},{"id":118,"peso":14},{"id":42,"peso":10},{"id":124,"peso":8},{"id":169,"peso":6},{"id":173,"peso":12},{"id":100,"peso":7},{"id":92,"peso":20},{"id":127,"peso":1},{"id":178,"peso":15},{"id":3,"peso":13},{"id":10,"peso":5},{"id":34,"peso":0},{"id":5,"peso":1},{"id":14,"peso":5},{"id":119,"peso":7},{"id":142,"peso":7},{"id":114,"peso":11},{"id":30,"peso":16},{"id":131,"peso":6},{"id":33,"peso":20},{"id":111,"peso":6},{"id":177,"peso":3},{"id":62,"peso":11},{"id":39,"peso":19},{"id":98,"peso":14},{"id":197,"peso":6},{"id":176,"peso":7},{"id":93,"peso":15},{"id":37,"peso":6},{"id":183,"peso":18},{"id":110,"peso":16},{"id":187,"peso":0},{"id":85,"peso":8},{"id":19,"peso":20},{"id":129,"peso":15},{"id":86,"peso":9},{"id":67,"peso":1},{"id":186,"peso":1},{"id":123,"peso":4},{"id":61,"peso":1},{"id":53,"peso":4},{"id":12,"peso":18},{"id":82,"peso":20},{"id":44,"peso":3},{"id":152,"peso":2},{"id":83,"peso":14},{"id":189,"peso":1},{"id":179,"peso":15},{"id":9,"peso":13},{"id":101,"peso":13},{"id":139,"peso":1},{"id":161,"peso":5},{"id":180,"peso":18},{"id":196,"peso":6},{"id":121,"peso":11},{"id":27,"peso":3}]}