{"docente":{"nome":"Guilherme","departamento":"IF","id":1279},"atividades":[{"id":134,"peso":14},{"id":40,"peso":11},{"id":87,"peso":9},{"id":185,"peso":10},{"id":159,"peso":1},{"id":136,"peso":0},{"id":94,"peso":18},{"id":155,"peso":17},{"id":131,"peso":13},{"id":57,"peso":19},{"id":11,"peso":13},{"id":144,"peso":18},{"id":7,"peso":13},{"id":181,"peso":13},{"id":172,"peso":12},{"id":42,"peso":9},{"id":1,"peso":17},{"id":4,"peso":8},{"id":178,"peso":5},{"id":114,"peso":8},{"id":147,"peso":16},{"id":151,"peso":0},{"id":195,"peso":14},{"id":145,"peso":17},{"id":182,"peso":18},{"id":27,"peso":2},{"id":118,"peso":10},{"id":15,"peso":4},{"id":28,"peso":15},{"id":80,"peso":18},{"id":149,"peso":20},{"id":128,"peso":4},{"id":142,"peso":2},{"id":130,"peso":2},{"id":49,"peso":13},{"id":51,"peso":20},{"id":97,"peso":20},{"id":179,"peso":20},{"id":60,"peso":6},{"id":19,"peso":16},{"id":86,"peso":7},{"id":152,"peso":1},{"id":16,"peso":10},{"id":121,"peso":1},{"id":166,"peso":7},{"id":10,"peso":3},{"id":194,"peso":0},{"id":99,"peso":4},{"id":93,"peso":15},{"id":169,"peso":2},{"id":112,"peso":13},{"id":150,"peso":13},{"id":170,"peso":20},{"id":47,"peso":14},{"id":143,"peso":9},{"id":117,"peso":11},{"id":72,"peso":2},{"id":123,"peso":17},{"id":30,"peso":2},{"id":137,"peso":16},{"id":23,"peso":2},{"id":161,"peso":9},{"id":25,"peso":17},{"id":58,"peso":3},{"id":184,"peso":14},{"id":146,"peso":16},{"id":91,"peso":11},{"id":192,"peso":9},{"id":43,"peso":2},{"id":12,"peso":5},{"id":70,"peso":1},{"id":116,"peso":0},{"id":13,"peso":2},{"id":164,"peso":3},{"id":32,"peso":20},{"id":54,"peso":11},{"id":138,"peso":1},{"id":24,"peso":13}]}