{"docente":{"nome":"Joao","departamento":"FEF","id":1275},"atividades":[{"id":128,"peso":1},{"id":32,"peso":2},{"id":1,"peso":8},{"id":42,"peso":10},{"id":57,"peso":8},{"id":157,"peso":4},{"id":171,"peso":14},{"id":134,"peso":4},{"id":47,"peso":14},{"id":91,"peso":19},{"id":4,"peso":18},{"id":159,"peso":10},{"id":112,"peso":13},{"id":186,"peso":10},{"id":37,"peso":0},{"id":195,"peso":12},{"id":135,"peso":0},{"id":169,"peso":5},{"id":176,"peso":18},{"id":67,"peso":16},{"id":9,"peso":2},{"id":27,"peso":17},{"id":110,"peso":10},{"id":150,"peso":19},{"id":75,"peso":15},{"id":35,"peso":19},{"id":175,"peso":4},{"id":23,"peso":17},{"id":50,"peso":3},{"id":5,"peso":7},{"id":68,"peso":19},{"id":25,"peso":6},{"id":12,"peso":14},{"id":145,"peso":0},{"id":184,"peso":0},{"id":34,"peso":15},{"id":99,"peso":8},{"id":177,"peso":9},{"id":90,"peso":15},{"id":151,"peso":13},{"id":158,"peso":19},{"id":189,"peso":9},{"id":93,"peso":19},{"id":170,"peso":0},{"id":197,"peso":16},{"id":147,"peso":0},{"id":52,"peso":20},{"id":61,"peso":14},{"id":179,"peso":17},{"id":198,"peso":19},{"id":142,"peso":8},{"id":43,"peso":11},{"id":38,"peso":15},{"id":20,"peso":6},{"id":96,"peso":9},{"id":63,"peso":9},{"id":44,"peso":4},{"id":118,"peso":0},{"id":3,"peso":17},{"id":149,"peso":14},{"id":132,"peso":4},{"id":81,"peso":1},{"id":133,"peso":2},{"id":88,"peso":7},{"id":19,"peso":20},{"id":127,"peso":7},{"id":117,"peso":20},{"id":130,"peso":15},{"id":78,"peso":14},{"id":137,"peso":17},{"id":79,"peso":9},{"id":152,"peso":16},{"id":161,"peso":16},{"id":100,"peso":0},{"id":129,"peso":14},{"id":188,"peso":14},{"id":193,"peso":20},{"id":140,"peso":10},{"id":82,"peso":10},{"id":72,"peso":5},{"id":122,"peso":18},{"id":76,"peso":4},{"id":136,"peso":17}]}