{"docente":{"nome":"Fabio","departamento":"ICB","id":1436},"atividades":[{"id":93,"peso":9},{"id":103,"peso":11},{"id":54,"peso":8},{"id":149,"peso":15},{"id":46,"peso":10},{"id":115,"peso":3},{"id":145,"peso":5},{"id":26,"peso":14},{"id":160,"peso":10},{"id":165,"peso":5},{"id":114,"peso":5},{"id":85,"peso":6},{"id":20,"peso":9},{"id":27,"peso":15},{"id":22,"peso":7},{"id":125,"peso":6},{"id":191,"peso":4},{"id":179,"peso":13},{"id":188,"peso":5},{"id":187,"peso":7},{"id":82,"peso":9},{"id":161,"peso":9},{"id":123,"peso":10},{"id":166,"peso":8},{"id":2,"peso":6},{"id":80,"peso":19},{"id":86,"peso":11},{"id":55,"peso":16},{"id":197,"peso":6},{"id":81,"peso":13},{"id":113,"peso":12},{"id":57,"peso":14},{"id":90,"peso":1},{"id":1,"peso":15},{"id":136,"peso":16},{"id":42,"peso":11},{"id":95,"peso":10},{"id":87,"peso":8},{"id":23,"peso":1},{"id":174,"peso":5},{"id":49,"peso":2},{"id":74,"peso":6},{"id":171,"peso":9},{"id":133,"peso":3},{"id":157,"peso":20},{"id":38,"peso":14},{"id":105,"peso":12},{"id":167,"peso":9},{"id":75,"peso":15},{"id":142,"peso":5},{"id":99,"peso":6},{"id":5,"peso":4},{"id":12,"peso":12},{"id":131,"peso":2},{"id":15,"peso":1},{"id":98,"peso":18},{"id":97,"peso":15},{"id":181,"peso":1},{"id":164,"peso":19},{"id":61,"peso":16},{"id":139,"peso":0},{"id":10,"peso":1},{"id":37,"peso":14},{"id":30,"peso":18},{"id":134,"peso":11},{"id":172,"peso":18},{"id":178,"peso":3},{"id":140,"peso":8},{"id":68,"peso":3},{"id":132,"peso":18},{"id":128,"peso":8},{"id":25,"peso":1},{"id":53,"peso":1},{"id":36,"peso":18},{"id":156,"peso":8},{"id":59,"peso":19},{"id":13,"peso":16},{"id":16,"peso":9},{"id":6,"peso":8}]}