{"docente":{"nome":"Renato","departamento":"INF","id":128},"atividades":[{"id":192,"peso":13},{"id":29,"peso":11},{"id":158,"peso":20},{"id":50,"peso":1},{"id":26,"peso":5},{"id":102,"peso":12},{"id":40,"peso":4},{"id":127,"peso":18},{"id":24,"peso":5},{"id":25,"peso":12},{"id":82,"peso":3},{"id":175,"peso":19},{"id":5,"peso":13},{"id":56,"peso":2},{"id":194,"peso":3},{"id":14,"peso":17},{"id":51,"peso":0},{"id":34,"peso":17},{"id":132,"peso":1},{"id":118,"peso":1},{"id":124,"peso":19},{"id":36,"peso":0},{"id":154,"peso":3},{"id":13,"peso":16},{"id":101,"peso":15},{"id":65,"peso":11},{"id":188,"peso":15},{"id":72,"peso":17},{"id":97,"peso":16},{"id":37,"peso":4},{"id":196,"peso":18},{"id":166,"peso":10},{"id":16,"peso":14},{"id":41,"peso":6},{"id":161,"peso":8},{"id":20,"peso":0},{"id":145,"peso":9},{"id":184,"peso":6},{"id":6,"peso":20},{"id":125,"peso":4},{"id":7,"peso":17},{"id":115,"peso":8},{"id":144,"peso":5},{"id":48,"peso":13},{"id":98,"peso":13},{"id":17,"peso":5},{"id":99,"peso":3},{"id":116,"peso":5},{"id":190,"peso":13},{"id":135,"peso":12},{"id":142,"peso":10},{"id":179,"peso":10},{"id":70,"peso":5},{"id":84,"peso":4},{"id":112,"peso":5},{"id":2,"peso":3},{"id":157,"peso":20},{"id":162,"peso":6},{"id":76,"peso":2},{"id":61,"peso":12},{"id":149,"peso":9},{"id":130,"peso":9},{"id":193,"peso":18},{"id":9,"peso":5},{"id":4,"peso":14},{"id":119,"peso":4},{"id":159,"peso":16},{"id":113,"peso":10},{"id":114,"peso":3},{"id":176,"peso":11},{"id":121,"peso":19},{"id":1,"peso":3},{"id":150,"peso":4},{"id":63,"peso":16},{"id":143,"peso":5},{"id":92,"peso":14},{"id":91,"peso":18},{"id":43,"peso":4},{"id":46,"peso":18}]}