{"docente":{"nome":"Iasmin","departamento":"IF","id":1242},"atividades":[{"id":35,"peso":4},{"id":146,"peso":7},{"id":92,"peso":10},{"id":164,"peso":10},{"id":38,"peso":16},{"id":48,"peso":4},{"id":83,"peso":7},{"id":114,"peso":4},{"id":149,"peso":5},{"id":50,"peso":5},{"id":138,"peso":19},{"id":84,"peso":14},{"id":112,"peso":13},{"id":132,"peso":6},{"id":179,"peso":17},{"id":31,"peso":15},{"id":175,"peso":3},{"id":69,"peso":18},{"id":195,"peso":6},{"id":116,"peso":7},{"id":10,"peso":13},{"id":19,"peso":4},{"id":4,"peso":8},{"id":168,"peso":14},{"id":129,"peso":10},{"id":151,"peso":10},{"id":3,"peso":13},{"id":133,"peso":0},{"id":140,"peso":16},{"id":90,"peso":18},{"id":111,"peso":19},{"id":192,"peso":2},{"id":126,"peso":2},{"id":24,"peso":18},{"id":99,"peso":9},{"id":54,"peso":15},{"id":124,"peso":8},{"id":148,"peso":17},{"id":184,"peso":11},{"id":173,"peso":20},{"id":167,"peso":9},{"id":174,"peso":5},{"id":102,"peso":12},{"id":6,"peso":15},{"id":21,"peso":15},{"id":194,"peso":4},{"id":41,"peso":14},{"id":128,"peso":9},{"id":60,"peso":1},{"id":51,"peso":15},{"id":2,"peso":10},{"id":166,"peso":10},{"id":159,"peso":11},{"id":78,"peso":1},{"id":161,"peso":3},{"id":141,"peso":17},{"id":82,"peso":5},{"id":182,"peso":15},{"id":42,"peso":12},{"id":136,"peso":8},{"id":154,"peso":16},{"id":76,"peso":0},{"id":30,"peso":19},{"id":72,"peso":10},{"id":183,"peso":17},{"id":96,"peso":14},{"id":100,"peso":20},{"id":58,"peso":19},{"id":68,"peso":20},{"id":77,"peso":0},{"id":137,"peso":13},{"id":7,"peso":0},{"id":104,"peso":14},{"id":79,"peso":6},{"id":33,"peso":1},{"id":145,"peso":14},{"id":71,"peso":17},{"id":40,"peso":10}]}