{"docente":{"nome":"Paulo","departamento":"FIC","id":1122},"atividades":[{"id":76,"peso":13},{"id":42,"peso":7},{"id":138,"peso":18},{"id":145,"peso":14},{"id":193,"peso":13},{"id":192,"peso":20},{"id":39,"peso":2},{"id":4,"peso":2},{"id":114,"peso":15},{"id":37,"peso":2},{"id":41,"peso":17},{"id":26,"peso":6},{"id":179,"peso":0},{"id":92,"peso":4},{"id":67,"peso":6},{"id":136,"peso":5},{"id":120,"peso":5},{"id":181,"peso":17},{"id":127,"peso":11},{"id":165,"peso":6},{"id":38,"peso":2},{"id":36,"peso":20},{"id":182,"peso":12},{"id":21,"peso":17},{"id":130,"peso":15},{"id":84,"peso":19},{"id":108,"peso":4},{"id":156,"peso":16},{"id":167,"peso":17},{"id":19,"peso":8},{"id":174,"peso":18},{"id":60,"peso":17},{"id":62,"peso":5},{"id":137,"peso":17},{"id":74,"peso":15},{"id":106,"peso":20},{"id":121,"peso":1},{"id":110,"peso":5},{"id":188,"peso":6},{"id":103,"peso":13},{"id":90,"peso":16},{"id":98,"peso":15},{"id":196,"peso":13},{"id":83,"peso":17},{"id":47,"peso":16},{"id":99,"peso":1},{"id":170,"peso":18},{"id":129,"peso":16},{"id":57,"peso":9},{"id":23,"peso":0},{"id":32,"peso":13},{"id":51,"peso":18},{"id":58,"peso":17},{"id":65,"peso":0},{"id":101,"peso":15},{"id":175,"peso":12},{"id":52,"peso":5},{"id":40,"peso":5},{"id":150,"peso":13},{"id":187,"peso":2},{"id":25,"peso":4},{"id":135,"peso":10},{"id":166,"peso":12},{"id":141,"peso":9},{"id":3,"peso":12},{"id":131,"peso":3},{"id":173,"peso":18},{"id":115,"peso":8},{"id":144,"peso":10},{"id":185,"peso":10},{"id":109,"peso":17},{"id":112,"peso":13},{"id":102,"peso":13},{"id":190,"peso":17},{"id":180,"peso":9},{"id":116,"peso":11}]}