{"docente":{"nome":"Ingrid","departamento":"ICB","id":1278},"atividades":[{"id":71,"peso":0},{"id":143,"peso":10},{"id":145,"peso":19},{"id":131,"peso":15},{"id":134,"peso":15},{"id":154,"peso":12},{"id":94,"peso":10},{"id":53,"peso":1},{"id":188,"peso":13},{"id":130,"peso":0},{"id":42,"peso":13},{"id":198,"peso":6},{"id":136,"peso":20},{"id":37,"peso":17},{"id":174,"peso":17},{"id":142,"peso":12},{"id":108,"peso":11},{"id":155,"peso":0},{"id":162,"peso":20},{"id":91,"peso":6},{"id":90,"peso":16},{"id":151,"peso":6},{"id":3,"peso":13},{"id":30,"peso":16},{"id":105,"peso":7},{"id":15,"peso":14},{"id":191,"peso":10},{"id":120,"peso":3},{"id":21,"peso":12},{"id":128,"peso":18},{"id":2,"peso":2},{"id":166,"peso":7},{"id":109,"peso":16},{"id":14,"peso":6},{"id":26,"peso":6},{"id":32,"peso":18},{"id":6,"peso":17},{"id":149,"peso":5},{"id":85,"peso":7},{"id":61,"peso":9},{"id":47,"peso":6},{"id":24,"peso":19},{"id":181,"peso":11},{"id":62,"peso":11},{"id":171,"peso":8},{"id":107,"peso":14},{"id":65,"peso":20},{"id":141,"peso":20},{"id":34,"peso":4},{"id":7,"peso":5},{"id":186,"peso":17},{"id":52,"peso":17},{"id":99,"peso":3},{"id":57,"peso":11},{"id":93,"peso":5},{"id":140,"peso":0},{"id":78,"peso":12},{"id":48,"peso":16},{"id":45,"peso":20},{"id":197,"peso":20},{"id":19,"peso":14},{"id":76,"peso":2},{"id":194,"peso":14},{"id":1,"peso":7},{"id":59,"peso":18},{"id":77,"peso":10},{"id":66,"peso":15},{"id":132,"peso":19},{"id":75,"peso":11},{"id":70,"peso":17},{"id":185,"peso":8},{"id":95,"peso":8},{"id":195,"peso":3},{"id":133,"peso":16},{"id":31,"peso":4},{"id":81,"peso":15},{"id":117,"peso":15},{"id":4,"peso":11},{"id":64,"peso":6},{"id":18,"peso":1},{"id":40,"peso":15},{"id":179,"peso":16}]}