{"docente":{"nome":"Guilherme","departamento":"IQ","id":1411},"atividades":[{"id":161,"peso":1},{"id":64,"peso":1},{"id":183,"peso":3},{"id":19,"peso":3},{"id":166,"peso":2},{"id":185,"peso":4},{"id":153,"peso":9},{"id":21,"peso":15},{"id":58,"peso":5},{"id":83,"peso":2},{"id":16,"peso":18},{"id":119,"peso":4},{"id":76,"peso":14},{"id":52,"peso":3},{"id":63,"peso":8},{"id":92,"peso":15},{"id":66,"peso":5},{"id":147,"peso":4},{"id":23,"peso":11},{"id":96,"peso":20},{"id":139,"peso":1},{"id":94,"peso":9},{"id":95,"peso":3},{"id":35,"peso":4},{"id":130,"peso":12},{"id":150,"peso":2},{"id":187,"peso":14},{"id":90,"peso":15},{"id":87,"peso":0},{"id":168,"peso":19},{"id":77,"peso":6},{"id":118,"peso":11},{"id":138,"peso":20},{"id":156,"peso":9},{"id":53,"peso":10},{"id":189,"peso":13},{"id":18,"peso":5},{"id":158,"peso":17},{"id":116,"peso":15},{"id":136,"peso":3},{"id":117,"peso":18},{"id":109,"peso":1},{"id":180,"peso":4},{"id":41,"peso":20},{"id":11,"peso":8},{"id":36,"peso":12},{"id":193,"peso":4},{"id":186,"peso":18},{"id":126,"peso":14},{"id":37,"peso":19},{"id":57,"peso":6},{"id":103,"peso":15},{"id":100,"peso":13},{"id":140,"peso":11},{"id":144,"peso":4},{"id":54,"peso":2},{"id":133,"peso":4},{"id":85,"peso":5},{"id":51,"peso":17},{"id":121,"peso":13},{"id":102,"peso":13},{"id":9,"peso":8},{"id":154,"peso":10},{"id":15,"peso":13},{"id":98,"peso":1},{"id":191,"peso":6},{"id":114,"peso":13},{"id":127,"peso":1},{"id":145,"peso":20},{"id":163,"peso":20},{"id":38,"peso":14},{"id":148,"peso":2},{"id":93,"peso":14},{"id":97,"peso":3},{"id":162,"peso":14},{"id":143,"peso":7},{"id":171,"peso":10},{"id":75,"peso":4},{"id":27,"peso":17},{"id":82,"peso":10},{"id":32,"peso":1},{"id":45,"peso":2},{"id":152,"peso":17}]}