{"docente":{"nome":"Fabio","departamento":"INF","id":1268},"atividades":[{"id":45,"peso":4},{"id":69,"peso":3},{"id":12,"peso":6},{"id":148,"peso":18},{"id":152,"peso":19},{"id":191,"peso":20},{"id":53,"peso":12},{"id":123,"peso":12},{"id":83,"peso":12},{"id":37,"peso":10},{"id":184,"peso":20},{"id":62,"peso":9},{"id":167,"peso":2},{"id":70,"peso":0},{"id":35,"peso":19},{"id":76,"peso":2},{"id":61,"peso":13},{"id":158,"peso":18},{"id":166,"peso":4},{"id":117,"peso":3},{"id":32,"peso":13},{"id":63,"peso":1},{"id":8,"peso":14},{"id":59,"peso":12},{"id":91,"peso":10},{"id":77,"peso":20},{"id":58,"peso":2},{"id":113,"peso":8},{"id":150,"peso":3},{"id":72,"peso":12},{"id":134,"peso":17},{"id":128,"peso":3},{"id":112,"peso":6},{"id":119,"peso":16},{"id":74,"peso":15},{"id":82,"peso":5},{"id":79,"peso":18},{"id":171,"peso":12},{"id":165,"peso":6},{"id":153,"peso":8},{"id":190,"peso":14},{"id":90,"peso":19},{"id":22,"peso":0},{"id":10,"peso":6},{"id":180,"peso":8},{"id":85,"peso":2},{"id":195,"peso":11},{"id":131,"peso":1},{"id":71,"peso":14},{"id":141,"peso":10},{"id":60,"peso":13},{"id":23,"peso":7},{"id":136,"peso":18},{"id":135,"peso":18},{"id":176,"peso":12},{"id":1,"peso":13},{"id":179,"peso":18},{"id":67,"peso":18},{"id":163,"peso":10},{"id":28,"peso":11},{"id":56,"peso":12},{"id":194,"peso":4},{"id":81,"peso":16},{"id":88,"peso":7},{"id":122,"peso":13},{"id":110,"peso":17},{"id":65,"peso":10},{"id":126,"peso":6},{"id":52,"peso":19},{"id":75,"peso":17},{"id":9,"peso":18},{"id":13,"peso":9},{"id":133,"peso":3},{"id":4,"peso":7},{"id":68,"peso":15},{"id":118,"peso":7},{"id":19,"peso":17},{"id":26,"peso":0},{"id":78,"peso":18},{"id":175,"peso":0},{"id":100,"peso":8},{"id":140,"peso":17},{"id":154,"peso":6}]}