{"docente":{"nome":"Ingrid","departamento":"FEF","id":1195},"atividades":[{"id":103,"peso":18},{"id":96,"peso":10},{"id":55,"peso":3},{"id":120,"peso":17},{"id":98,"peso":4},{"id":47,"peso":17},{"id":30,"peso":3},{"id":162,"peso":11},{"id":8,"peso":11},{"id":89,"peso":10},{"id":95,"peso":19},{"id":31,"peso":11},{"id":118,"peso":5},{"id":163,"peso":3},{"id":173,"peso":1},{"id":88,"peso":7},{"id":23,"peso":10},{"id":111,"peso":3},{"id":38,"peso":14},{"id":138,"peso":18},{"id":154,"peso":1},{"id":75,"peso":6},{"id":61,"peso":15},{"id":194,"peso":18},{"id":51,"peso":3},{"id":166,"peso":4},{"id":2,"peso":13},{"id":151,"peso":9},{"id":177,"peso":5},{"id":12,"peso":6},{"id":53,"peso":17},{"id":5,"peso":14},{"id":141,"peso":19},{"id":134,"peso":16},{"id":142,"peso":12},{"id":34,"peso":7},{"id":165,"peso":20},{"id":145,"peso":6},{"id":57,"peso":19},{"id":18,"peso":0},{"id":169,"peso":4},{"id":113,"peso":7},{"id":109,"peso":6},{"id":17,"peso":10},{"id":6,"peso":8},{"id":130,"peso":15},{"id":76,"peso":2},{"id":143,"peso":8},{"id":126,"peso":12},{"id":102,"peso":10},{"id":68,"peso":18},{"id":1,"peso":15},{"id":25,"peso":11},{"id":33,"peso":4},{"id":112,"peso":20},{"id":196,"peso":15},{"id":119,"peso":5},{"id":72,"peso":17},{"id":152,"peso":2},{"id":26,"peso":10},{"id":121,"peso":2},{"id":106,"peso":13},{"id":40,"peso":12},{"id":157,"peso":8},{"id":150,"peso":16},{"id":22,"peso":16},{"id":127,"peso":15},{"id":92,"peso":11},{"id":190,"peso":13},{"id":79,"peso":1},{"id":44,"peso":15},{"id":108,"peso":7},{"id":27,"peso":18},{"id":94,"peso":1},{"id":66,"peso":18},{"id":99,"peso":2},{"id":128,"peso":4},{"id":71,"peso":18}]}