{"docente":{"nome":"Fabio","departamento":"FIC","id":139},"atividades":[{"id":37,"peso":20},{"id":39,"peso":4},{"id":182,"peso":15},{"id":51,"peso":10},{"id":108,"peso":3},{"id":101,"peso":19},{"id":81,"peso":12},{"id":174,"peso":11},{"id":195,"peso":6},{"id":63,"peso":0},{"id":130,"peso":0},{"id":193,"peso":20},{"id":4,"peso":20},{"id":35,"peso":13},{"id":83,"peso":16},{"id":133,"peso":10},{"id":117,"peso":1},{"id":1,"peso":10},{"id":135,"peso":2},{"id":178,"peso":5},{"id":62,"peso":1},{"id":14,"peso":15},{"id":74,"peso":11},{"id":197,"peso":15},{"id":68,"peso":17},{"id":98,"peso":18},{"id":65,"peso":5},{"id":8,"peso":8},{"id":31,"peso":4},{"id":13,"peso":1},{"id":132,"peso":18},{"id":160,"peso":12},{"id":9,"peso":3},{"id":45,"peso":3},{"id":79,"peso":20},{"id":76,"peso":15},{"id":10,"peso":12},{"id":106,"peso":3},{"id":153,"peso":4},{"id":164,"peso":14},{"id":61,"peso":11},{"id":60,"peso":20},{"id":64,"peso":17},{"id":67,"peso":20},{"id":104,"peso":1},{"id":32,"peso":11},{"id":25,"peso":0},{"id":129,"peso":20},{"id":134,"peso":18},{"id":142,"peso":20},{"id":111,"peso":10},{"id":162,"peso":20},{"id":159,"peso":8},{"id":100,"peso":8},{"id":186,"peso":2},{"id":123,"peso":17},{"id":19,"peso":19},{"id":122,"peso":0},{"id":151,"peso":18},{"id":66,"peso":12},{"id":191,"peso":3},{"id":23,"peso":0},{"id":167,"peso":0},{"id":47,"peso":7},{"id":21,"peso":14},{"id":176,"peso":4},{"id":172,"peso":4},{"id":57,"peso":15},{"id":78,"peso":7},{"id":103,"peso":19},{"id":192,"peso":20},{"id":125,"peso":13},{"id":138,"peso":1},{"id":173,"peso":9},{"id":190,"peso":15},{"id":171,"peso":6},{"id":112,"peso":17},{"id":184,"peso":4},{"id":3,"peso":20}]}