{"docente":{"nome":"Paulo","departamento":"FIC","id":1214},"atividades":[{"id":13,"peso":14},{"id":53,"peso":6},{"id":198,"peso":16},{"id":159,"peso":17},{"id":121,"peso":2},{"id":16,"peso":5},{"id":165,"peso":16},{"id":27,"peso":0},{"id":71,"peso":16},{"id":88,"peso":19},{"id":84,"peso":14},{"id":179,"peso":1},{"id":162,"peso":20},{"id":150,"peso":9},{"id":186,"peso":16},{"id":12,"peso":4},{"id":103,"peso":8},{"id":113,"peso":16},{"id":178,"peso":5},{"id":190,"peso":18},{"id":114,"peso":19},{"id":144,"peso":18},{"id":62,"peso":1},{"id":158,"peso":19},{"id":46,"peso":9},{"id":78,"peso":0},{"id":31,"peso":5},{"id":155,"peso":7},{"id":126,"peso":3},{"id":193,"peso":14},{"id":19,"peso":1},{"id":90,"peso":15},{"id":15,"peso":10},{"id":94,"peso":15},{"id":142,"peso":2},{"id":39,"peso":2},{"id":100,"peso":14},{"id":89,"peso":12},{"id":122,"peso":3},{"id":1,"peso":7},{"id":74,"peso":0},{"id":81,"peso":7},{"id":69,"peso":2},{"id":60,"peso":10},{"id":154,"peso":20},{"id":22,"peso":4},{"id":87,"peso":3},{"id":123,"peso":18},{"id":107,"peso":3},{"id":5,"peso":4},{"id":18,"peso":2},{"id":45,"peso":3},{"id":117,"peso":6},{"id":197,"peso":17},{"id":30,"peso":6},{"id":37,"peso":11},{"id":139,"peso":18},{"id":36,"peso":3},{"id":38,"peso":19},{"id":152,"peso":2},{"id":40,"peso":11},{"id":180,"peso":20},{"id":145,"peso":13},{"id":110,"peso":2},{"id":129,"peso":19},{"id":153,"peso":2},{"id":58,"peso":9},{"id":7,"peso":7},{"id":156,"peso":5},{"id":184,"peso":16},{"id":191,"peso":18},{"id":141,"peso":15},{"id":72,"peso":1},{"id":177,"peso":7},{"id":189,"peso":7},{"id":160,"peso":7},{"id":99,"peso":2},{"id":10,"peso":0},{"id":77,"peso":12}]}