{"docente":{"nome":"Auri","departamento":"ICB","id":1218},"atividades":[{"id":156,"peso":2},{"id":112,"peso":1},{"id":83,"peso":9},{"id":139,"peso":17},{"id":63,"peso":14},{"id":97,"peso":14},{"id":31,"peso":4},{"id":119,"peso":5},{"id":51,"peso":17},{"id":102,"peso":0},{"id":121,"peso":20},{"id":94,"peso":20},{"id":49,"peso":6},{"id":61,"peso":11},{"id":181,"peso":8},{"id":33,"peso":6},{"id":137,"peso":9},{"id":91,"peso":10},{"id":92,"peso":4},{"id":56,"peso":7},{"id":152,"peso":6},{"id":39,"peso":20},{"id":89,"peso":11},{"id":54,"peso":16},{"id":182,"peso":20},{"id":165,"peso":14},{"id":158,"peso":4},{"id":133,"peso":1},{"id":62,"peso":5},{"id":145,"peso":2},{"id":155,"peso":0},{"id":34,"peso":15},{"id":170,"peso":12},{"id":4,"peso":13},{"id":78,"peso":13},{"id":162,"peso":8},{"id":53,"peso":5},{"id":58,"peso":1},{"id":172,"peso":9},{"id":85,"peso":9},{"id":35,"peso":17},{"id":198,"peso":15},{"id":117,"peso":1},{"id":6,"peso":18},{"id":45,"peso":20},{"id":167,"peso":9},{"id":32,"peso":18},{"id":124,"peso":20},{"id":185,"peso":4},{"id":73,"peso":12},{"id":28,"peso":6},{"id":15,"peso":4},{"id":149,"peso":13},{"id":65,"peso":18},{"id":66,"peso":1},{"id":113,"peso":16},{"id":18,"peso":1},{"id":178,"peso":18},{"id":183,"peso":20},{"id":186,"peso":18},{"id":100,"peso":16},{"id":81,"peso":9},{"id":109,"peso":3},{"id":76,"peso":15},{"id":79,"peso":17},{"id":146,"peso":15},{"id":10,"peso":15},{"id":108,"peso":13},{"id":159,"peso":13},{"id":125,"peso":4},{"id":7,"peso":0},{"id":24,"peso":1},{"id":75,"peso":7},{"id":160,"peso":5},{"id":41,"peso":4},{"id":27,"peso":3},{"id":57,"peso":12},{"id":47,"peso":1},{"id":179,"peso":16},{"id":143,"peso":2}]}