{"docente":{"nome":"Iasmin","departamento":"FIC","id":103},"atividades":[{"id":31,"peso":6},{"id":75,"peso":6},{"id":47,"peso":5},{"id":168,"peso":12},{"id":126,"peso":7},{"id":163,"peso":1},{"id":152,"peso":5},{"id":2,"peso":5},{"id":91,"peso":1},{"id":22,"peso":2},{"id":142,"peso":4},{"id":79,"peso":12},{"id":191,"peso":6},{"id":194,"peso":6},{"id":63,"peso":16},{"id":162,"peso":19},{"id":134,"peso":16},{"id":113,"peso":16},{"id":34,"peso":20},{"id":81,"peso":3},{"id":108,"peso":17},{"id":100,"peso":14},{"id":44,"peso":2},{"id":146,"peso":14},{"id":26,"peso":2},{"id":105,"peso":14},{"id":160,"peso":5},{"id":173,"peso":20},{"id":48,"peso":0},{"id":175,"peso":9},{"id":154,"peso":16},{"id":172,"peso":19},{"id":71,"peso":12},{"id":32,"peso":17},{"id":112,"peso":2},{"id":132,"peso":2},{"id":65,"peso":13},{"id":37,"peso":3},{"id":24,"peso":20},{"id":6,"peso":20},{"id":197,"peso":13},{"id":30,"peso":20},{"id":170,"peso":8},{"id":124,"peso":3},{"id":187,"peso":11},{"id":118,"peso":13},{"id":196,"peso":7},{"id":121,"peso":6},{"id":17,"peso":10},{"id":178,"peso":3},{"id":116,"peso":3},{"id":72,"peso":10},{"id":51,"peso":11},{"id":74,"peso":12},{"id":164,"peso":5},{"id":59,"peso":15},{"id":153,"peso":2},{"id":114,"peso":9},{"id":192,"peso":12},{"id":68,"peso":16},{"id":106,"peso":4},{"id":86,"peso":13},{"id":35,"peso":10},{"id":123,"peso":15},{"id":76,"peso":10},{"id":9,"peso":18},{"id":15,"peso":14},{"id":119,"peso":3},{"id":169,"peso":17},{"id":145,"peso":1},{"id":99,"peso":14},{"id":10,"peso":13},{"id":94,"peso":16},{"id":147,"peso":18},{"id":139,"peso":15},{"id":120,"peso":10},{"id":23,"peso":7},{"id":198,"peso":18},{"id":129,"peso":16},{"id":130,"peso":17}]}