{"docente":{"nome":"Fernanda","departamento":"FEF","id":1159},"atividades":[{"id":59,"peso":10},{"id":17,"peso":19},{"id":63,"peso":0},{"id":82,"peso":4},{"id":148,"peso":14},{"id":168,"peso":2},{"id":79,"peso":9},{"id":57,"peso":14},{"id":196,"peso":4},{"id":103,"peso":6},{"id":67,"peso":0},{"id":147,"peso":9},{"id":38,"peso":11},{"id":43,"peso":15},{"id":104,"peso":2},{"id":15,"peso":16},{"id":137,"peso":14},{"id":135,"peso":9},{"id":185,"peso":5},{"id":163,"peso":11},{"id":108,"peso":8},{"id":193,"peso":14},{"id":107,"peso":2},{"id":129,"peso":4},{"id":177,"peso":2},{"id":11,"peso":8},{"id":125,"peso":20},{"id":27,"peso":14},{"id":32,"peso":17},{"id":61,"peso":9},{"id":69,"peso":2},{"id":128,"peso":19},{"id":92,"peso":11},{"id":191,"peso":18},{"id":145,"peso":13},{"id":166,"peso":5},{"id":153,"peso":16},{"id":134,"peso":15},{"id":171,"peso":1},{"id":123,"peso":7},{"id":44,"peso":3},{"id":140,"peso":18},{"id":77,"peso":15},{"id":165,"peso":0},{"id":102,"peso":2},{"id":83,"peso":17},{"id":72,"peso":3},{"id":157,"peso":3},{"id":86,"peso":4},{"id":138,"peso":8},{"id":28,"peso":11},{"id":51,"peso":15},{"id":184,"peso":19},{"id":143,"peso":10},{"id":2,"peso":7},{"id":5,"peso":19},{"id":117,"peso":4},{"id":73,"peso":8},{"id":169,"peso":18},{"id":131,"peso":16},{"id":42,"peso":2},{"id":84,"peso":7},{"id":146,"peso":7},{"id":121,"peso":2},{"id":78,"peso":12},{"id":194,"peso":4},{"id":100,"peso":2},{"id":97,"peso":4},{"id":89,"peso":18},{"id":8,"peso":16},{"id":25,"peso":8},{"id":150,"peso":2},{"id":136,"peso":11},{"id":167,"peso":2},{"id":33,"peso":0},{"id":195,"peso":18},{"id":105,"peso":10},{"id":64,"peso":18},{"id":52,"peso":14},{"id":181,"peso":0}]}