{"docente":{"nome":"Maria","departamento":"IQ","id":1158},"atividades":[{"id":177,"peso":11},{"id":99,"peso":11},{"id":88,"peso":3},{"id":138,"peso":17},{"id":91,"peso":3},{"id":194,"peso":5},{"id":11,"peso":9},{"id":61,"peso":6},{"id":59,"peso":11},{"id":190,"peso":18},{"id":100,"peso":14},{"id":171,"peso":5},{"id":1,"peso":6},{"id":162,"peso":11},{"id":9,"peso":11},{"id":168,"peso":13},{"id":36,"peso":7},{"id":45,"peso":4},{"id":118,"peso":5},{"id":115,"peso":10},{"id":57,"peso":8},{"id":25,"peso":10},{"id":185,"peso":7},{"id":117,"peso":1},{"id":56,"peso":14},{"id":103,"peso":0},{"id":60,"peso":6},{"id":125,"peso":12},{"id":35,"peso":9},{"id":166,"peso":12},{"id":191,"peso":0},{"id":161,"peso":16},{"id":164,"peso":7},{"id":169,"peso":1},{"id":33,"peso":2},{"id":192,"peso":6},{"id":97,"peso":11},{"id":195,"peso":17},{"id":129,"peso":14},{"id":148,"peso":19},{"id":30,"peso":3},{"id":27,"peso":13},{"id":142,"peso":13},{"id":180,"peso":2},{"id":7,"peso":0},{"id":12,"peso":10},{"id":158,"peso":11},{"id":43,"peso":8},{"id":93,"peso":4},{"id":111,"peso":15},{"id":90,"peso":9},{"id":54,"peso":13},{"id":197,"peso":13},{"id":72,"peso":17},{"id":108,"peso":13},{"id":84,"peso":4},{"id":64,"peso":20},{"id":124,"peso":0},{"id":14,"peso":12},{"id":29,"peso":19},{"id":24,"peso":16},{"id":131,"peso":10},{"id":18,"peso":8},{"id":109,"peso":4},{"id":66,"peso":13},{"id":80,"peso":13},{"id":132,"peso":18},{"id":196,"peso":16},{"id":155,"peso":10},{"id":188,"peso":7},{"id":55,"peso":13},{"id":34,"peso":4},{"id":122,"peso":10},{"id":41,"peso":2},{"id":3,"peso":20},{"id":141,"peso":13},{"id":87,"peso":3},{"id":114,"peso":13}]}