{"docente":{"nome":"Ingrid","departamento":"IF","id":1057},"atividades":[{"id":115,"peso":10},{"id":60,"peso":12},{"id":30,"peso":20},{"id":184,"peso":17},{"id":22,"peso":19},{"id":88,"peso":2},{"id":152,"peso":16},{"id":58,"peso":13},{"id":147,"peso":3},{"id":63,"peso":7},{"id":135,"peso":6},{"id":166,"peso":4},{"id":139,"peso":12},{"id":82,"peso":11},{"id":188,"peso":9},{"id":19,"peso":16},{"id":65,"peso":0},{"id":176,"peso":9},{"id":149,"peso":4},{"id":46,"peso":12},{"id":5,"peso":16},{"id":26,"peso":0},{"id":111,"peso":16},{"id":54,"peso":12},{"id":191,"peso":4},{"id":38,"peso":13},{"id":177,"peso":0},{"id":91,"peso":18},{"id":112,"peso":0},{"id":71,"peso":5},{"id":138,"peso":18},{"id":49,"peso":14},{"id":45,"peso":18},{"id":7,"peso":9},{"id":51,"peso":18},{"id":157,"peso":16},{"id":106,"peso":18},{"id":133,"peso":7},{"id":134,"peso":18},{"id":20,"peso":12},{"id":70,"peso":16},{"id":59,"peso":0},{"id":83,"peso":19},{"id":196,"peso":1},{"id":126,"peso":6},{"id":192,"peso":7},{"id":168,"peso":6},{"id":169,"peso":3},{"id":73,"peso":4},{"id":56,"peso":11},{"id":145,"peso":15},{"id":89,"peso":7},{"id":87,"peso":7},{"id":92,"peso":6},{"id":53,"peso":20},{"id":94,"peso":11},{"id":150,"peso":17},{"id":18,"peso":2},{"id":93,"peso":20},{"id":39,"peso":5},{"id":99,"peso":1},{"id":109,"peso":9},{"id":41,"peso":18},{"id":48,"peso":20},{"id":36,"peso":15},{"id":165,"peso":11},{"id":34,"peso":11},{"id":182,"peso":7},{"id":179,"peso":7},{"id":80,"peso":3},{"id":90,"peso":18},{"id":31,"peso":7},{"id":44,"peso":11},{"id":185,"peso":12},{"id":107,"peso":12},{"id":118,"peso":9},{"id":35,"peso":16},{"id":13,"peso":20},{"id":23,"peso":20}]}