{"docente":{"nome":"Murilo","departamento":"ICB","id":1236},"atividades":[{"id":106,"peso":19},{"id":92,"peso":16},{"id":189,"peso":20},{"id":88,"peso":17},{"id":163,"peso":12},{"id":125,"peso":7},{"id":40,"peso":10},{"id":132,"peso":5},{"id":99,"peso":18},{"id":7,"peso":1},{"id":90,"peso":1},{"id":152,"peso":9},{"id":73,"peso":1},{"id":82,"peso":20},{"id":179,"peso":15},{"id":32,"peso":8},{"id":66,"peso":3},{"id":44,"peso":9},{"id":104,"peso":10},{"id":41,"peso":7},{"id":140,"peso":5},{"id":146,"peso":17},{"id":110,"peso":11},{"id":29,"peso":6},{"id":175,"peso":13},{"id":117,"peso":6},{"id":79,"peso":5},{"id":107,"peso":18},{"id":11,"peso":13},{"id":21,"peso":13},{"id":103,"peso":1},{"id":72,"peso":3},{"id":42,"peso":4},{"id":174,"peso":8},{"id":160,"peso":2},{"id":24,"peso":10},{"id":78,"peso":1},{"id":84,"peso":6},{"id":95,"peso":6},{"id":108,"peso":16},{"id":143,"peso":14},{"id":133,"peso":14},{"id":161,"peso":14},{"id":65,"peso":8},{"id":114,"peso":11},{"id":83,"peso":6},{"id":36,"peso":13},{"id":48,"peso":16},{"id":56,"peso":0},{"id":17,"peso":16},{"id":182,"peso":6},{"id":191,"peso":7},{"id":85,"peso":19},{"id":91,"peso":4},{"id":70,"peso":17},{"id":196,"peso":12},{"id":96,"peso":10},{"id":31,"peso":15},{"id":47,"peso":16},{"id":151,"peso":11},{"id":183,"peso":1},{"id":63,"peso":8},{"id":109,"peso":19},{"id":120,"peso":11},{"id":15,"peso":12},{"id":74,"peso":13},{"id":87,"peso":8},{"id":127,"peso":7},{"id":105,"peso":18},{"id":169,"peso":19},{"id":80,"peso":15},{"id":112,"peso":0},{"id":71,"peso":8},{"id":20,"peso":13},{"id":76,"peso":12},{"id":14,"peso":2},{"id":54,"peso":5},{"id":35,"peso":4},{"id":166,"peso":1},{"id":3,"peso":3},{"id":123,"peso":16}]}