{"docente":{"nome":"Renato","departamento":"FIC","id":106},"atividades":[{"id":151,"peso":16},{"id":194,"peso":1},{"id":149,"peso":5},{"id":43,"peso":20},{"id":188,"peso":12},{"id":28,"peso":2},{"id":91,"peso":3},{"id":119,"peso":3},{"id":116,"peso":7},{"id":53,"peso":14},{"id":125,"peso":11},{"id":97,"peso":15},{"id":49,"peso":13},{"id":68,"peso":6},{"id":95,"peso":15},{"id":124,"peso":4},{"id":117,"peso":3},{"id":164,"peso":15},{"id":56,"peso":9},{"id":110,"peso":8},{"id":45,"peso":11},{"id":98,"peso":20},{"id":197,"peso":20},{"id":171,"peso":8},{"id":178,"peso":14},{"id":19,"peso":3},{"id":128,"peso":16},{"id":101,"peso":6},{"id":12,"peso":7},{"id":96,"peso":7},{"id":132,"peso":15},{"id":156,"peso":16},{"id":27,"peso":10},{"id":35,"peso":12},{"id":172,"peso":20},{"id":83,"peso":7},{"id":7,"peso":14},{"id":106,"peso":5},{"id":169,"peso":1},{"id":170,"peso":11},{"id":196,"peso":18},{"id":193,"peso":12},{"id":122,"peso":3},{"id":26,"peso":2},{"id":79,"peso":7},{"id":138,"peso":4},{"id":48,"peso":14},{"id":36,"peso":10},{"id":176,"peso":12},{"id":129,"peso":9},{"id":15,"peso":16},{"id":181,"peso":6},{"id":100,"peso":8},{"id":161,"peso":0},{"id":74,"peso":11},{"id":143,"peso":20},{"id":90,"peso":15},{"id":55,"peso":4},{"id":131,"peso":1},{"id":112,"peso":6},{"id":173,"peso":17},{"id":23,"peso":16},{"id":52,"peso":8},{"id":133,"peso":15},{"id":162,"peso":1},{"id":67,"peso":9},{"id":140,"peso":9},{"id":185,"peso":4},{"id":183,"peso":6},{"id":88,"peso":13},{"id":166,"peso":19},{"id":58,"peso":4},{"id":57,"peso":10},{"id":165,"peso":2},{"id":73,"peso":12},{"id":59,"peso":11},{"id":152,"peso":19},{"id":153,"peso":9},{"id":118,"peso":7},{"id":39,"peso":3},{"id":150,"peso":5},{"id":72,"peso":4}]}