{"docente":{"nome":"Ana","departamento":"ICB","id":1229},"atividades":[{"id":99,"peso":18},{"id":8,"peso":11},{"id":108,"peso":16},{"id":113,"peso":16},{"id":11,"peso":14},{"id":187,"peso":6},{"id":151,"peso":16},{"id":176,"peso":6},{"id":136,"peso":17},{"id":94,"peso":10},{"id":18,"peso":13},{"id":83,"peso":20},{"id":100,"peso":4},{"id":71,"peso":12},{"id":65,"peso":15},{"id":175,"peso":19},{"id":185,"peso":3},{"id":157,"peso":1},{"id":77,"peso":7},{"id":79,"peso":6},{"id":89,"peso":15},{"id":164,"peso":10},{"id":172,"peso":12},{"id":154,"peso":9},{"id":169,"peso":6},{"id":168,"peso":4},{"id":167,"peso":13},{"id":120,"peso":13},{"id":171,"peso":18},{"id":36,"peso":18},{"id":17,"peso":3},{"id":111,"peso":17},{"id":10,"peso":9},{"id":4,"peso":19},{"id":88,"peso":10},{"id":7,"peso":11},{"id":189,"peso":18},{"id":114,"peso":15},{"id":173,"peso":12},{"id":132,"peso":20},{"id":158,"peso":19},{"id":183,"peso":12},{"id":22,"peso":2},{"id":86,"peso":20},{"id":184,"peso":6},{"id":142,"peso":17},{"id":165,"peso":9},{"id":13,"peso":9},{"id":3,"peso":0},{"id":70,"peso":11},{"id":104,"peso":11},{"id":124,"peso":19},{"id":62,"peso":18},{"id":146,"peso":15},{"id":39,"peso":10},{"id":32,"peso":11},{"id":57,"peso":2},{"id":28,"peso":18},{"id":178,"peso":20},{"id":115,"peso":1},{"id":130,"peso":3},{"id":102,"peso":12},{"id":29,"peso":0},{"id":193,"peso":3},{"id":48,"peso":12},{"id":181,"peso":9},{"id":50,"peso":9},{"id":27,"peso":6},{"id":60,"peso":18},{"id":9,"peso":20},{"id":69,"peso":17},{"id":33,"peso":16},{"id":197,"peso":0},{"id":129,"peso":0},{"id":16,"peso":19},{"id":186,"peso":6},{"id":43,"peso":19},{"id":160,"peso":4},{"id":92,"peso":16},{"id":21,"peso":2}]}