{"docente":{"nome":"Ingrid","departamento":"IF","id":1360},"atividades":[{"id":170,"peso":16},{"id":50,"peso":10},{"id":38,"peso":5},{"id":92,"peso":0},{"id":176,"peso":9},{"id":2,"peso":0},{"id":36,"peso":19},{"id":132,"peso":0},{"id":157,"peso":17},{"id":192,"peso":20},{"id":47,"peso":15},{"id":191,"peso":7},{"id":189,"peso":17},{"id":115,"peso":4},{"id":127,"peso":5},{"id":168,"peso":7},{"id":82,"peso":6},{"id":24,"peso":5},{"id":131,"peso":17},{"id":33,"peso":13},{"id":193,"peso":4},{"id":114,"peso":16},{"id":198,"peso":15},{"id":125,"peso":13},{"id":105,"peso":1},{"id":5,"peso":0},{"id":40,"peso":10},{"id":13,"peso":2},{"id":121,"peso":1},{"id":100,"peso":2},{"id":139,"peso":20},{"id":60,"peso":11},{"id":137,"peso":1},{"id":178,"peso":2},{"id":179,"peso":13},{"id":21,"peso":3},{"id":151,"peso":1},{"id":70,"peso":13},{"id":175,"peso":14},{"id":197,"peso":19},{"id":99,"peso":0},{"id":25,"peso":9},{"id":184,"peso":9},{"id":46,"peso":0},{"id":28,"peso":14},{"id":35,"peso":4},{"id":172,"peso":18},{"id":113,"peso":19},{"id":143,"peso":11},{"id":177,"peso":4},{"id":119,"peso":12},{"id":30,"peso":0},{"id":160,"peso":9},{"id":77,"peso":18},{"id":195,"peso":10},{"id":68,"peso":10},{"id":108,"peso":1},{"id":152,"peso":2},{"id":102,"peso":0},{"id":133,"peso":8},{"id":180,"peso":8},{"id":17,"peso":4},{"id":75,"peso":2},{"id":161,"peso":9},{"id":120,"peso":18},{"id":85,"peso":3},{"id":167,"peso":3},{"id":174,"peso":7},{"id":22,"peso":13},{"id":54,"peso":7},{"id":56,"peso":18},{"id":16,"peso":7},{"id":42,"peso":7},{"id":78,"peso":7},{"id":81,"peso":17},{"id":95,"peso":3},{"id":103,"peso":4},{"id":14,"peso":0},{"id":57,"peso":7},{"id":162,"peso":20},{"id":9,"peso":1}]}