{"docente":{"nome":"Ana","departamento":"FIC","id":1128},"atividades":[{"id":155,"peso":14},{"id":144,"peso":17},{"id":173,"peso":16},{"id":169,"peso":8},{"id":102,"peso":13},{"id":7,"peso":0},{"id":77,"peso":19},{"id":197,"peso":11},{"id":23,"peso":3},{"id":180,"peso":14},{"id":43,"peso":15},{"id":22,"peso":8},{"id":38,"peso":4},{"id":92,"peso":9},{"id":111,"peso":2},{"id":160,"peso":5},{"id":190,"peso":8},{"id":54,"peso":10},{"id":11,"peso":20},{"id":106,"peso":10},{"id":84,"peso":8},{"id":60,"peso":4},{"id":36,"peso":2},{"id":181,"peso":11},{"id":40,"peso":5},{"id":153,"peso":15},{"id":57,"peso":9},{"id":10,"peso":20},{"id":65,"peso":1},{"id":55,"peso":15},{"id":149,"peso":3},{"id":126,"peso":0},{"id":17,"peso":2},{"id":72,"peso":7},{"id":114,"peso":5},{"id":98,"peso":16},{"id":9,"peso":5},{"id":165,"peso":11},{"id":183,"peso":1},{"id":145,"peso":18},{"id":191,"peso":7},{"id":48,"peso":1},{"id":96,"peso":14},{"id":80,"peso":14},{"id":50,"peso":5},{"id":112,"peso":17},{"id":128,"peso":18},{"id":109,"peso":0},{"id":82,"peso":8},{"id":33,"peso":4},{"id":147,"peso":12},{"id":15,"peso":6},{"id":154,"peso":11},{"id":32,"peso":0},{"id":69,"peso":12},{"id":19,"peso":15},{"id":117,"peso":5},{"id":171,"peso":1},{"id":51,"peso":16},{"id":101,"peso":16},{"id":26,"peso":13},{"id":116,"peso":17},{"id":188,"peso":15},{"id":110,"peso":13},{"id":34,"peso":20},{"id":137,"peso":11},{"id":139,"peso":3},{"id":13,"peso":4},{"id":73,"peso":15},{"id":195,"peso":20},{"id":136,"peso":15},{"id":52,"peso":15},{"id":174,"peso":14},{"id":172,"peso":5},{"id":152,"peso":8},{"id":30,"peso":9},{"id":35,"peso":6},{"id":131,"peso":20},{"id":20,"peso":7},{"id":193,"peso":16},{"id":162,"peso":20},{"id":1,"peso":6},{"id":44,"peso":12}]}