{"docente":{"nome":"Fernanda","departamento":"IF","id":1445},"atividades":[{"id":162,"peso":17},{"id":190,"peso":9},{"id":39,"peso":2},{"id":147,"peso":9},{"id":121,"peso":6},{"id":125,"peso":16},{"id":148,"peso":13},{"id":170,"peso":13},{"id":40,"peso":13},{"id":145,"peso":11},{"id":13,"peso":17},{"id":10,"peso":9},{"id":34,"peso":20},{"id":149,"peso":8},{"id":183,"peso":14},{"id":164,"peso":2},{"id":23,"peso":14},{"id":176,"peso":11},{"id":129,"peso":18},{"id":28,"peso":2},{"id":44,"peso":8},{"id":85,"peso":4},{"id":112,"peso":7},{"id":127,"peso":14},{"id":180,"peso":19},{"id":120,"peso":12},{"id":114,"peso":15},{"id":143,"peso":13},{"id":194,"peso":10},{"id":110,"peso":16},{"id":27,"peso":5},{"id":140,"peso":0},{"id":193,"peso":13},{"id":154,"peso":6},{"id":87,"peso":15},{"id":15,"peso":18},{"id":197,"peso":19},{"id":111,"peso":18},{"id":161,"peso":13},{"id":191,"peso":10},{"id":108,"peso":10},{"id":131,"peso":6},{"id":141,"peso":5},{"id":33,"peso":2},{"id":35,"peso":15},{"id":136,"peso":18},{"id":95,"peso":3},{"id":185,"peso":17},{"id":80,"peso":9},{"id":75,"peso":4},{"id":76,"peso":1},{"id":32,"peso":17},{"id":63,"peso":16},{"id":124,"peso":19},{"id":56,"peso":20},{"id":52,"peso":13},{"id":49,"peso":17},{"id":16,"peso":0},{"id":171,"peso":15},{"id":138,"peso":14},{"id":48,"peso":8},{"id":53,"peso":11},{"id":122,"peso":19},{"id":62,"peso":19},{"id":165,"peso":1},{"id":74,"peso":6},{"id":7,"peso":11},{"id":38,"peso":12},{"id":142,"peso":14},{"id":99,"peso":4},{"id":83,"peso":1},{"id":12,"peso":8},{"id":123,"peso":0},{"id":1,"peso":2},{"id":30,"peso":5},{"id":181,"peso":11},{"id":68,"peso":16},{"id":42,"peso":19},{"id":117,"peso":18},{"id":94,"peso":7},{"id":20,"peso":16}]}