{"docente":{"nome":"Luiz","departamento":"INF","id":129},"atividades":[{"id":52,"peso":20},{"id":57,"peso":6},{"id":12,"peso":3},{"id":161,"peso":12},{"id":184,"peso":4},{"id":192,"peso":13},{"id":167,"peso":6},{"id":101,"peso":18},{"id":171,"peso":4},{"id":70,"peso":20},{"id":132,"peso":4},{"id":97,"peso":16},{"id":158,"peso":4},{"id":63,"peso":1},{"id":79,"peso":6},{"id":9,"peso":6},{"id":24,"peso":10},{"id":187,"peso":18},{"id":41,"peso":9},{"id":188,"peso":17},{"id":3,"peso":11},{"id":166,"peso":3},{"id":75,"peso":0},{"id":138,"peso":6},{"id":72,"peso":16},{"id":151,"peso":5},{"id":176,"peso":0},{"id":102,"peso":3},{"id":185,"peso":17},{"id":84,"peso":15},{"id":81,"peso":10},{"id":30,"peso":4},{"id":45,"peso":15},{"id":107,"peso":12},{"id":10,"peso":16},{"id":125,"peso":10},{"id":86,"peso":9},{"id":157,"peso":14},{"id":21,"peso":1},{"id":145,"peso":14},{"id":183,"peso":9},{"id":50,"peso":2},{"id":53,"peso":7},{"id":37,"peso":17},{"id":34,"peso":6},{"id":169,"peso":3},{"id":78,"peso":6},{"id":126,"peso":18},{"id":195,"peso":20},{"id":7,"peso":5},{"id":174,"peso":4},{"id":149,"peso":2},{"id":31,"peso":6},{"id":69,"peso":5},{"id":130,"peso":10},{"id":121,"peso":17},{"id":191,"peso":13},{"id":136,"peso":5},{"id":154,"peso":5},{"id":91,"peso":20},{"id":170,"peso":12},{"id":66,"peso":15},{"id":115,"peso":12},{"id":117,"peso":2},{"id":22,"peso":18},{"id":88,"peso":13},{"id":26,"peso":1},{"id":146,"peso":3},{"id":58,"peso":11},{"id":144,"peso":15},{"id":98,"peso":0},{"id":164,"peso":9},{"id":197,"peso":12},{"id":113,"peso":9},{"id":61,"peso":7},{"id":1,"peso":13},{"id":95,"peso":1},{"id":129,"peso":5},{"id":92,"peso":0},{"id":76,"peso":19},{"id":29,"peso":12},{"id":133,"peso":12}]}