{"docente":{"nome":"Henrique","departamento":"FIC","id":1075},"atividades":[{"id":78,"peso":7},{"id":46,"peso":12},{"id":93,"peso":18},{"id":76,"peso":16},{"id":150,"peso":9},{"id":16,"peso":6},{"id":112,"peso":0},{"id":62,"peso":18},{"id":105,"peso":17},{"id":28,"peso":17},{"id":141,"peso":13},{"id":49,"peso":17},{"id":47,"peso":12},{"id":156,"peso":8},{"id":80,"peso":5},{"id":34,"peso":11},{"id":173,"peso":9},{"id":37,"peso":16},{"id":29,"peso":0},{"id":190,"peso":19},{"id":110,"peso":5},{"id":85,"peso":20},{"id":159,"peso":3},{"id":194,"peso":2},{"id":163,"peso":8},{"id":66,"peso":14},{"id":140,"peso":4},{"id":41,"peso":10},{"id":51,"peso":11},{"id":95,"peso":7},{"id":121,"peso":20},{"id":48,"peso":11},{"id":24,"peso":19},{"id":175,"peso":7},{"id":174,"peso":14},{"id":139,"peso":5},{"id":143,"peso":0},{"id":70,"peso":4},{"id":63,"peso":0},{"id":164,"peso":19},{"id":135,"peso":14},{"id":82,"peso":3},{"id":124,"peso":2},{"id":10,"peso":10},{"id":8,"peso":9},{"id":56,"peso":3},{"id":182,"peso":19},{"id":88,"peso":16},{"id":189,"peso":9},{"id":133,"peso":10},{"id":111,"peso":16},{"id":1,"peso":11},{"id":151,"peso":20},{"id":38,"peso":20},{"id":103,"peso":14},{"id":22,"peso":7},{"id":167,"peso":17},{"id":32,"peso":3},{"id":100,"peso":16},{"id":179,"peso":13},{"id":147,"peso":13},{"id":158,"peso":18},{"id":118,"peso":11},{"id":87,"peso":14},{"id":130,"peso":5},{"id":83,"peso":20},{"id":132,"peso":11},{"id":120,"peso":13},{"id":75,"peso":11},{"id":54,"peso":10},{"id":170,"peso":3},{"id":14,"peso":6},{"id":146,"peso":15},{"id":97,"peso":4},{"id":77,"peso":18},{"id":27,"peso":8}]}