{"docente":{"nome":"Auri","departamento":"FIC","id":1326},"atividades":[{"id":22,"peso":14},{"id":141,"peso":15},{"id":37,"peso":4},{"id":107,"peso":12},{"id":164,"peso":8},{"id":139,"peso":0},{"id":120,"peso":18},{"id":5,"peso":17},{"id":93,"peso":0},{"id":143,"peso":12},{"id":189,"peso":1},{"id":78,"peso":12},{"id":29,"peso":11},{"id":53,"peso":4},{"id":68,"peso":17},{"id":136,"peso":20},{"id":64,"peso":16},{"id":135,"peso":7},{"id":30,"peso":5},{"id":52,"peso":15},{"id":97,"peso":17},{"id":140,"peso":11},{"id":20,"peso":6},{"id":148,"peso":20},{"id":169,"peso":4},{"id":70,"peso":3},{"id":186,"peso":16},{"id":159,"peso":7},{"id":110,"peso":19},{"id":38,"peso":0},{"id":177,"peso":15},{"id":58,"peso":8},{"id":128,"peso":18},{"id":65,"peso":8},{"id":28,"peso":0},{"id":19,"peso":1},{"id":74,"peso":10},{"id":124,"peso":15},{"id":50,"peso":0},{"id":90,"peso":5},{"id":86,"peso":3},{"id":33,"peso":8},{"id":66,"peso":10},{"id":14,"peso":11},{"id":153,"peso":6},{"id":191,"peso":0},{"id":184,"peso":4},{"id":163,"peso":13},{"id":183,"peso":14},{"id":40,"peso":13},{"id":25,"peso":16},{"id":61,"peso":4},{"id":174,"peso":16},{"id":7,"peso":15},{"id":100,"peso":6},{"id":106,"peso":9},{"id":147,"peso":1},{"id":59,"peso":19},{"id":57,"peso":0},{"id":41,"peso":11},{"id":198,"peso":11},{"id":89,"peso":18},{"id":95,"peso":19},{"id":123,"peso":19},{"id":113,"peso":14},{"id":145,"peso":3},{"id":82,"peso":9},{"id":108,"peso":11},{"id":13,"peso":3},{"id":94,"peso":3},{"id":44,"peso":19},{"id":10,"peso":19},{"id":109,"peso":9}]}