{"docente":{"nome":"Karla","departamento":"FIC","id":1107},"atividades":[{"id":107,"peso":2},{"id":126,"peso":8},{"id":2,"peso":13},{"id":58,"peso":11},{"id":162,"peso":3},{"id":82,"peso":17},{"id":190,"peso":14},{"id":180,"peso":16},{"id":130,"peso":17},{"id":35,"peso":15},{"id":134,"peso":8},{"id":48,"peso":18},{"id":83,"peso":8},{"id":61,"peso":9},{"id":179,"peso":11},{"id":67,"peso":8},{"id":196,"peso":13},{"id":27,"peso":12},{"id":137,"peso":14},{"id":140,"peso":15},{"id":171,"peso":3},{"id":50,"peso":11},{"id":98,"peso":7},{"id":56,"peso":19},{"id":120,"peso":14},{"id":154,"peso":4},{"id":181,"peso":15},{"id":108,"peso":3},{"id":100,"peso":12},{"id":106,"peso":2},{"id":157,"peso":18},{"id":127,"peso":12},{"id":148,"peso":5},{"id":151,"peso":6},{"id":6,"peso":9},{"id":123,"peso":12},{"id":78,"peso":4},{"id":73,"peso":17},{"id":110,"peso":18},{"id":121,"peso":16},{"id":183,"peso":1},{"id":104,"peso":2},{"id":191,"peso":1},{"id":143,"peso":9},{"id":66,"peso":4},{"id":21,"peso":3},{"id":37,"peso":6},{"id":170,"peso":14},{"id":129,"peso":17},{"id":102,"peso":3},{"id":10,"peso":6},{"id":155,"peso":16},{"id":153,"peso":14},{"id":195,"peso":5},{"id":3,"peso":16},{"id":99,"peso":2},{"id":80,"peso":6},{"id":91,"peso":8},{"id":75,"peso":11},{"id":30,"peso":19},{"id":81,"peso":3},{"id":74,"peso":3},{"id":9,"peso":11},{"id":26,"peso":9},{"id":42,"peso":0},{"id":84,"peso":10},{"id":197,"peso":18},{"id":160,"peso":20},{"id":152,"peso":18},{"id":19,"peso":6},{"id":62,"peso":1},{"id":182,"peso":16},{"id":95,"peso":4},{"id":198,"peso":12},{"id":132,"peso":7},{"id":22,"peso":5},{"id":109,"peso":16},{"id":90,"peso":12},{"id":55,"peso":10},{"id":174,"peso":12},{"id":144,"peso":3},{"id":94,"peso":1},{"id":17,"peso":0},{"id":45,"peso":19}]}