{"docente":{"nome":"Guilherme","departamento":"ICB","id":1149},"atividades":[{"id":4,"peso":0},{"id":6,"peso":11},{"id":185,"peso":1},{"id":2,"peso":7},{"id":21,"peso":4},{"id":17,"peso":15},{"id":14,"peso":0},{"id":176,"peso":1},{"id":121,"peso":16},{"id":110,"peso":18},{"id":131,"peso":10},{"id":9,"peso":13},{"id":40,"peso":6},{"id":25,"peso":9},{"id":158,"peso":8},{"id":152,"peso":1},{"id":88,"peso":12},{"id":19,"peso":15},{"id":27,"peso":4},{"id":102,"peso":12},{"id":146,"peso":18},{"id":82,"peso":19},{"id":168,"peso":8},{"id":36,"peso":3},{"id":49,"peso":6},{"id":138,"peso":13},{"id":32,"peso":10},{"id":116,"peso":0},{"id":79,"peso":5},{"id":129,"peso":20},{"id":193,"peso":14},{"id":182,"peso":12},{"id":166,"peso":0},{"id":151,"peso":11},{"id":107,"peso":3},{"id":118,"peso":15},{"id":75,"peso":4},{"id":125,"peso":6},{"id":51,"peso":14},{"id":148,"peso":17},{"id":163,"peso":11},{"id":174,"peso":8},{"id":100,"peso":15},{"id":123,"peso":8},{"id":97,"peso":19},{"id":167,"peso":7},{"id":99,"peso":10},{"id":8,"peso":15},{"id":196,"peso":6},{"id":91,"peso":5},{"id":184,"peso":8},{"id":78,"peso":18},{"id":104,"peso":18},{"id":133,"peso":0},{"id":159,"peso":4},{"id":149,"peso":5},{"id":103,"peso":1},{"id":73,"peso":16},{"id":139,"peso":16},{"id":145,"peso":2},{"id":135,"peso":14},{"id":68,"peso":0},{"id":60,"peso":11},{"id":105,"peso":2},{"id":87,"peso":5},{"id":10,"peso":4},{"id":181,"peso":1},{"id":132,"peso":11},{"id":83,"peso":10},{"id":12,"peso":11},{"id":98,"peso":7},{"id":173,"peso":16},{"id":142,"peso":5},{"id":66,"peso":9},{"id":52,"peso":12},{"id":94,"peso":17},{"id":54,"peso":13}]}