{"docente":{"nome":"Auri","departamento":"INF","id":1325},"atividades":[{"id":65,"peso":3},{"id":17,"peso":11},{"id":91,"peso":20},{"id":129,"peso":7},{"id":141,"peso":11},{"id":196,"peso":9},{"id":24,"peso":2},{"id":185,"peso":14},{"id":55,"peso":13},{"id":19,"peso":20},{"id":39,"peso":18},{"id":160,"peso":5},{"id":168,"peso":10},{"id":56,"peso":12},{"id":67,"peso":2},{"id":183,"peso":12},{"id":36,"peso":8},{"id":69,"peso":12},{"id":11,"peso":5},{"id":76,"peso":2},{"id":47,"peso":16},{"id":110,"peso":19},{"id":105,"peso":12},{"id":191,"peso":20},{"id":96,"peso":0},{"id":83,"peso":7},{"id":18,"peso":1},{"id":178,"peso":3},{"id":165,"peso":12},{"id":40,"peso":3},{"id":14,"peso":2},{"id":34,"peso":6},{"id":162,"peso":16},{"id":62,"peso":13},{"id":158,"peso":11},{"id":2,"peso":10},{"id":157,"peso":6},{"id":166,"peso":18},{"id":108,"peso":12},{"id":38,"peso":18},{"id":53,"peso":20},{"id":49,"peso":12},{"id":51,"peso":1},{"id":174,"peso":6},{"id":192,"peso":14},{"id":193,"peso":14},{"id":195,"peso":7},{"id":103,"peso":16},{"id":134,"peso":14},{"id":184,"peso":6},{"id":149,"peso":1},{"id":84,"peso":2},{"id":22,"peso":5},{"id":100,"peso":14},{"id":135,"peso":9},{"id":86,"peso":12},{"id":138,"peso":11},{"id":156,"peso":7},{"id":154,"peso":5},{"id":46,"peso":7},{"id":92,"peso":0},{"id":61,"peso":6},{"id":98,"peso":13},{"id":75,"peso":8},{"id":125,"peso":9},{"id":31,"peso":0},{"id":7,"peso":4},{"id":106,"peso":1},{"id":148,"peso":8},{"id":28,"peso":1},{"id":78,"peso":3},{"id":132,"peso":11},{"id":73,"peso":3},{"id":187,"peso":7},{"id":119,"peso":6},{"id":58,"peso":14},{"id":10,"peso":13},{"id":52,"peso":11}]}