{"docente":{"nome":"Berenice","departamento":"ICB","id":1422},"atividades":[{"id":32,"peso":14},{"id":147,"peso":3},{"id":152,"peso":7},{"id":187,"peso":1},{"id":168,"peso":11},{"id":81,"peso":5},{"id":7,"peso":17},{"id":120,"peso":5},{"id":50,"peso":16},{"id":67,"peso":1},{"id":89,"peso":20},{"id":95,"peso":4},{"id":114,"peso":4},{"id":22,"peso":13},{"id":47,"peso":0},{"id":180,"peso":9},{"id":98,"peso":3},{"id":166,"peso":11},{"id":151,"peso":15},{"id":19,"peso":14},{"id":41,"peso":8},{"id":17,"peso":18},{"id":73,"peso":20},{"id":171,"peso":6},{"id":93,"peso":15},{"id":142,"peso":2},{"id":15,"peso":0},{"id":172,"peso":1},{"id":182,"peso":13},{"id":116,"peso":15},{"id":49,"peso":3},{"id":84,"peso":13},{"id":123,"peso":1},{"id":30,"peso":9},{"id":176,"peso":16},{"id":101,"peso":16},{"id":155,"peso":8},{"id":185,"peso":10},{"id":149,"peso":7},{"id":126,"peso":17},{"id":69,"peso":18},{"id":66,"peso":1},{"id":113,"peso":15},{"id":128,"peso":16},{"id":52,"peso":8},{"id":9,"peso":4},{"id":97,"peso":19},{"id":31,"peso":16},{"id":55,"peso":1},{"id":154,"peso":8},{"id":189,"peso":2},{"id":37,"peso":2},{"id":59,"peso":8},{"id":68,"peso":8},{"id":111,"peso":12},{"id":21,"peso":1},{"id":11,"peso":13},{"id":193,"peso":11},{"id":40,"peso":8},{"id":150,"peso":5},{"id":177,"peso":6},{"id":195,"peso":8},{"id":46,"peso":17},{"id":118,"peso":7},{"id":125,"peso":7},{"id":108,"peso":0},{"id":129,"peso":20},{"id":70,"peso":2},{"id":157,"peso":3},{"id":127,"peso":3},{"id":132,"peso":13},{"id":3,"peso":10},{"id":174,"peso":16},{"id":85,"peso":3},{"id":124,"peso":7},{"id":192,"peso":17},{"id":196,"peso":8},{"id":16,"peso":0},{"id":10,"peso":3},{"id":107,"peso":6},{"id":2,"peso":15},{"id":72,"peso":18}]}