{"docente":{"nome":"Guilherme","departamento":"FIC","id":1348},"atividades":[{"id":183,"peso":3},{"id":197,"peso":3},{"id":93,"peso":19},{"id":101,"peso":17},{"id":88,"peso":8},{"id":141,"peso":17},{"id":58,"peso":0},{"id":4,"peso":8},{"id":175,"peso":17},{"id":97,"peso":20},{"id":34,"peso":14},{"id":143,"peso":5},{"id":106,"peso":7},{"id":86,"peso":8},{"id":166,"peso":5},{"id":63,"peso":14},{"id":189,"peso":10},{"id":178,"peso":16},{"id":142,"peso":14},{"id":81,"peso":8},{"id":148,"peso":15},{"id":55,"peso":7},{"id":77,"peso":15},{"id":12,"peso":6},{"id":180,"peso":15},{"id":15,"peso":9},{"id":146,"peso":12},{"id":13,"peso":16},{"id":96,"peso":10},{"id":137,"peso":0},{"id":113,"peso":9},{"id":33,"peso":6},{"id":185,"peso":15},{"id":61,"peso":0},{"id":108,"peso":15},{"id":18,"peso":5},{"id":64,"peso":20},{"id":164,"peso":5},{"id":125,"peso":13},{"id":16,"peso":16},{"id":151,"peso":13},{"id":123,"peso":2},{"id":130,"peso":17},{"id":133,"peso":6},{"id":95,"peso":15},{"id":196,"peso":17},{"id":85,"peso":6},{"id":179,"peso":10},{"id":168,"peso":19},{"id":83,"peso":5},{"id":119,"peso":1},{"id":120,"peso":1},{"id":71,"peso":18},{"id":145,"peso":7},{"id":172,"peso":13},{"id":90,"peso":9},{"id":112,"peso":1},{"id":53,"peso":18},{"id":56,"peso":0},{"id":82,"peso":11},{"id":131,"peso":10},{"id":52,"peso":18},{"id":72,"peso":1},{"id":160,"peso":3},{"id":159,"peso":7},{"id":177,"peso":10},{"id":173,"peso":9},{"id":171,"peso":5},{"id":50,"peso":19},{"id":135,"peso":19},{"id":122,"peso":19},{"id":40,"peso":12},{"id":43,"peso":14},{"id":91,"peso":6},{"id":181,"peso":7}]}