{"docente":{"nome":"Iasmin","departamento":"IQ","id":1135},"atividades":[{"id":154,"peso":10},{"id":80,"peso":6},{"id":174,"peso":10},{"id":144,"peso":9},{"id":41,"peso":8},{"id":57,"peso":20},{"id":73,"peso":15},{"id":153,"peso":20},{"id":175,"peso":19},{"id":183,"peso":9},{"id":104,"peso":7},{"id":77,"peso":19},{"id":149,"peso":18},{"id":179,"peso":15},{"id":45,"peso":2},{"id":105,"peso":13},{"id":36,"peso":20},{"id":87,"peso":6},{"id":158,"peso":6},{"id":140,"peso":8},{"id":165,"peso":11},{"id":42,"peso":1},{"id":79,"peso":20},{"id":61,"peso":13},{"id":125,"peso":11},{"id":181,"peso":17},{"id":120,"peso":19},{"id":32,"peso":18},{"id":58,"peso":7},{"id":21,"peso":6},{"id":150,"peso":5},{"id":167,"peso":14},{"id":74,"peso":3},{"id":44,"peso":6},{"id":23,"peso":12},{"id":176,"peso":15},{"id":22,"peso":17},{"id":38,"peso":17},{"id":106,"peso":15},{"id":96,"peso":16},{"id":35,"peso":15},{"id":155,"peso":3},{"id":191,"peso":1},{"id":19,"peso":14},{"id":182,"peso":19},{"id":190,"peso":17},{"id":92,"peso":8},{"id":193,"peso":15},{"id":156,"peso":5},{"id":26,"peso":20},{"id":13,"peso":13},{"id":86,"peso":15},{"id":99,"peso":20},{"id":31,"peso":6},{"id":6,"peso":12},{"id":116,"peso":12},{"id":34,"peso":11},{"id":53,"peso":14},{"id":109,"peso":6},{"id":55,"peso":0},{"id":131,"peso":15},{"id":198,"peso":1},{"id":84,"peso":12},{"id":194,"peso":13},{"id":85,"peso":1},{"id":142,"peso":20},{"id":137,"peso":6},{"id":118,"peso":12},{"id":16,"peso":18},{"id":110,"peso":17},{"id":75,"peso":6},{"id":94,"peso":0},{"id":8,"peso":11},{"id":90,"peso":2},{"id":7,"peso":10},{"id":141,"peso":14}]}