{"docente":{"nome":"Joao","departamento":"FIC","id":1021},"atividades":[{"id":154,"peso":8},{"id":13,"peso":14},{"id":47,"peso":9},{"id":78,"peso":17},{"id":36,"peso":2},{"id":188,"peso":1},{"id":42,"peso":7},{"id":55,"peso":10},{"id":117,"peso":15},{"id":166,"peso":16},{"id":100,"peso":6},{"id":107,"peso":7},{"id":191,"peso":11},{"id":73,"peso":6},{"id":85,"peso":6},{"id":52,"peso":18},{"id":153,"peso":1},{"id":72,"peso":0},{"id":124,"peso":7},{"id":38,"peso":17},{"id":83,"peso":4},{"id":68,"peso":9},{"id":120,"peso":4},{"id":112,"peso":17},{"id":67,"peso":2},{"id":53,"peso":1},{"id":146,"peso":15},{"id":137,"peso":16},{"id":151,"peso":6},{"id":128,"peso":4},{"id":160,"peso":20},{"id":134,"peso":8},{"id":2,"peso":13},{"id":172,"peso":10},{"id":94,"peso":14},{"id":9,"peso":7},{"id":75,"peso":6},{"id":147,"peso":6},{"id":30,"peso":17},{"id":70,"peso":2},{"id":196,"peso":9},{"id":90,"peso":1},{"id":60,"peso":8},{"id":129,"peso":14},{"id":195,"peso":8},{"id":18,"peso":20},{"id":138,"peso":14},{"id":91,"peso":2},{"id":6,"peso":19},{"id":187,"peso":1},{"id":31,"peso":4},{"id":87,"peso":4},{"id":149,"peso":8},{"id":114,"peso":17},{"id":126,"peso":11},{"id":155,"peso":8},{"id":24,"peso":11},{"id":71,"peso":17},{"id":193,"peso":6},{"id":97,"peso":9},{"id":7,"peso":18},{"id":142,"peso":15},{"id":57,"peso":19},{"id":62,"peso":3},{"id":20,"peso":17},{"id":116,"peso":4},{"id":77,"peso":5},{"id":44,"peso":15},{"id":11,"peso":5},{"id":190,"peso":14},{"id":104,"peso":11},{"id":88,"peso":20},{"id":34,"peso":9},{"id":111,"peso":1},{"id":21,"peso":17},{"id":171,"peso":9},{"id":84,"peso":2},{"id":148,"peso":14},{"id":144,"peso":2},{"id":156,"peso":19},{"id":43,"peso":5},{"id":4,"peso":4}]}