{"docente":{"nome":"Pedro","departamento":"INF","id":1351},"atividades":[{"id":2,"peso":12},{"id":6,"peso":1},{"id":146,"peso":14},{"id":148,"peso":12},{"id":186,"peso":3},{"id":173,"peso":17},{"id":171,"peso":2},{"id":165,"peso":16},{"id":43,"peso":11},{"id":144,"peso":1},{"id":196,"peso":17},{"id":96,"peso":19},{"id":175,"peso":7},{"id":57,"peso":0},{"id":172,"peso":18},{"id":79,"peso":12},{"id":94,"peso":19},{"id":63,"peso":19},{"id":145,"peso":8},{"id":48,"peso":5},{"id":149,"peso":11},{"id":65,"peso":16},{"id":124,"peso":4},{"id":97,"peso":3},{"id":50,"peso":1},{"id":152,"peso":9},{"id":9,"peso":3},{"id":80,"peso":10},{"id":131,"peso":15},{"id":42,"peso":9},{"id":84,"peso":1},{"id":16,"peso":12},{"id":78,"peso":15},{"id":139,"peso":11},{"id":118,"peso":17},{"id":177,"peso":19},{"id":23,"peso":15},{"id":68,"peso":14},{"id":20,"peso":15},{"id":163,"peso":15},{"id":133,"peso":11},{"id":116,"peso":6},{"id":188,"peso":17},{"id":60,"peso":10},{"id":67,"peso":15},{"id":109,"peso":19},{"id":11,"peso":2},{"id":92,"peso":1},{"id":141,"peso":17},{"id":187,"peso":1},{"id":107,"peso":2},{"id":38,"peso":16},{"id":54,"peso":18},{"id":33,"peso":8},{"id":179,"peso":14},{"id":158,"peso":18},{"id":103,"peso":8},{"id":1,"peso":12},{"id":154,"peso":15},{"id":77,"peso":19},{"id":140,"peso":9},{"id":136,"peso":9},{"id":180,"peso":4},{"id":35,"peso":1},{"id":8,"peso":3},{"id":61,"peso":16},{"id":5,"peso":16},{"id":19,"peso":20},{"id":86,"peso":18},{"id":162,"peso":13},{"id":108,"peso":5},{"id":32,"peso":14},{"id":100,"peso":16},{"id":31,"peso":2},{"id":82,"peso":18},{"id":111,"peso":13},{"id":126,"peso":10},{"id":76,"peso":13},{"id":40,"peso":4},{"id":176,"peso":18},{"id":15,"peso":20},{"id":155,"peso":3},{"id":167,"peso":0},{"id":47,"peso":11},{"id":120,"peso":3},{"id":121,"peso":3},{"id":14,"peso":14},{"id":192,"peso":11}]}