{"docente":{"nome":"Karla","departamento":"INF","id":1043},"atividades":[{"id":110,"peso":12},{"id":111,"peso":5},{"id":97,"peso":7},{"id":143,"peso":7},{"id":21,"peso":17},{"id":179,"peso":14},{"id":84,"peso":7},{"id":9,"peso":8},{"id":172,"peso":20},{"id":167,"peso":13},{"id":32,"peso":10},{"id":122,"peso":15},{"id":90,"peso":5},{"id":130,"peso":15},{"id":16,"peso":20},{"id":118,"peso":9},{"id":51,"peso":18},{"id":105,"peso":4},{"id":197,"peso":5},{"id":28,"peso":8},{"id":140,"peso":10},{"id":3,"peso":4},{"id":72,"peso":5},{"id":68,"peso":9},{"id":139,"peso":18},{"id":27,"peso":0},{"id":76,"peso":20},{"id":64,"peso":9},{"id":170,"peso":7},{"id":113,"peso":12},{"id":20,"peso":11},{"id":194,"peso":17},{"id":93,"peso":9},{"id":18,"peso":6},{"id":77,"peso":3},{"id":148,"peso":18},{"id":35,"peso":13},{"id":157,"peso":11},{"id":136,"peso":18},{"id":15,"peso":11},{"id":109,"peso":4},{"id":124,"peso":1},{"id":185,"peso":19},{"id":34,"peso":12},{"id":66,"peso":16},{"id":156,"peso":6},{"id":59,"peso":17},{"id":92,"peso":18},{"id":119,"peso":11},{"id":153,"peso":12},{"id":132,"peso":18},{"id":168,"peso":12},{"id":71,"peso":0},{"id":103,"peso":1},{"id":196,"peso":7},{"id":121,"peso":13},{"id":7,"peso":19},{"id":126,"peso":9},{"id":158,"peso":9},{"id":58,"peso":13},{"id":190,"peso":4},{"id":114,"peso":14},{"id":164,"peso":1},{"id":62,"peso":12},{"id":29,"peso":13},{"id":83,"peso":16},{"id":131,"peso":12},{"id":53,"peso":20},{"id":13,"peso":11},{"id":146,"peso":10},{"id":36,"peso":11},{"id":152,"peso":11},{"id":88,"peso":2},{"id":151,"peso":19},{"id":17,"peso":2},{"id":87,"peso":2},{"id":127,"peso":0}]}