{"docente":{"nome":"Laerte","departamento":"IQ","id":1137},"atividades":[{"id":101,"peso":16},{"id":46,"peso":10},{"id":73,"peso":7},{"id":88,"peso":3},{"id":169,"peso":7},{"id":80,"peso":8},{"id":56,"peso":8},{"id":45,"peso":15},{"id":31,"peso":19},{"id":62,"peso":7},{"id":78,"peso":15},{"id":28,"peso":13},{"id":4,"peso":5},{"id":76,"peso":9},{"id":27,"peso":15},{"id":22,"peso":18},{"id":173,"peso":4},{"id":163,"peso":4},{"id":136,"peso":7},{"id":89,"peso":16},{"id":134,"peso":8},{"id":117,"peso":0},{"id":65,"peso":18},{"id":144,"peso":20},{"id":13,"peso":19},{"id":29,"peso":13},{"id":95,"peso":9},{"id":131,"peso":12},{"id":7,"peso":10},{"id":123,"peso":5},{"id":53,"peso":17},{"id":10,"peso":3},{"id":97,"peso":13},{"id":41,"peso":4},{"id":18,"peso":1},{"id":192,"peso":14},{"id":142,"peso":13},{"id":121,"peso":4},{"id":86,"peso":6},{"id":182,"peso":4},{"id":94,"peso":3},{"id":189,"peso":13},{"id":33,"peso":11},{"id":23,"peso":16},{"id":184,"peso":17},{"id":36,"peso":0},{"id":30,"peso":14},{"id":178,"peso":0},{"id":1,"peso":16},{"id":49,"peso":2},{"id":120,"peso":8},{"id":100,"peso":4},{"id":175,"peso":16},{"id":170,"peso":19},{"id":181,"peso":17},{"id":132,"peso":20},{"id":180,"peso":19},{"id":114,"peso":0},{"id":32,"peso":5},{"id":198,"peso":19},{"id":8,"peso":0},{"id":165,"peso":2},{"id":91,"peso":2},{"id":183,"peso":1},{"id":125,"peso":4},{"id":58,"peso":16},{"id":146,"peso":8},{"id":55,"peso":8},{"id":98,"peso":16},{"id":140,"peso":11},{"id":112,"peso":18},{"id":24,"peso":11},{"id":145,"peso":16},{"id":153,"peso":20},{"id":83,"peso":14},{"id":102,"peso":12},{"id":105,"peso":16},{"id":129,"peso":0},{"id":154,"peso":17},{"id":72,"peso":18}]}