{"docente":{"nome":"Ana","departamento":"ICB","id":144},"atividades":[{"id":61,"peso":14},{"id":148,"peso":5},{"id":188,"peso":4},{"id":96,"peso":9},{"id":81,"peso":6},{"id":154,"peso":6},{"id":151,"peso":3},{"id":159,"peso":6},{"id":108,"peso":13},{"id":74,"peso":19},{"id":72,"peso":12},{"id":143,"peso":8},{"id":18,"peso":10},{"id":51,"peso":5},{"id":171,"peso":2},{"id":168,"peso":14},{"id":58,"peso":13},{"id":183,"peso":18},{"id":82,"peso":15},{"id":69,"peso":15},{"id":156,"peso":3},{"id":30,"peso":20},{"id":53,"peso":18},{"id":113,"peso":14},{"id":121,"peso":3},{"id":63,"peso":0},{"id":93,"peso":17},{"id":186,"peso":15},{"id":60,"peso":19},{"id":120,"peso":9},{"id":7,"peso":7},{"id":20,"peso":0},{"id":86,"peso":3},{"id":105,"peso":17},{"id":117,"peso":0},{"id":21,"peso":1},{"id":68,"peso":0},{"id":161,"peso":12},{"id":31,"peso":17},{"id":125,"peso":4},{"id":116,"peso":14},{"id":191,"peso":5},{"id":50,"peso":2},{"id":109,"peso":0},{"id":167,"peso":20},{"id":95,"peso":5},{"id":57,"peso":3},{"id":3,"peso":19},{"id":139,"peso":4},{"id":165,"peso":6},{"id":141,"peso":12},{"id":127,"peso":6},{"id":181,"peso":19},{"id":172,"peso":1},{"id":56,"peso":10},{"id":177,"peso":13},{"id":128,"peso":15},{"id":79,"peso":2},{"id":22,"peso":9},{"id":2,"peso":13},{"id":45,"peso":18},{"id":16,"peso":9},{"id":12,"peso":18},{"id":32,"peso":10},{"id":180,"peso":12},{"id":70,"peso":10},{"id":37,"peso":16},{"id":66,"peso":5},{"id":8,"peso":11},{"id":112,"peso":14},{"id":179,"peso":18},{"id":9,"peso":0},{"id":55,"peso":1},{"id":155,"peso":19},{"id":174,"peso":1},{"id":147,"peso":3},{"id":119,"peso":16},{"id":134,"peso":16}]}