{"docente":{"nome":"Auri","departamento":"FEF","id":1437},"atividades":[{"id":113,"peso":2},{"id":137,"peso":11},{"id":133,"peso":10},{"id":118,"peso":13},{"id":151,"peso":14},{"id":109,"peso":14},{"id":158,"peso":17},{"id":69,"peso":14},{"id":155,"peso":3},{"id":47,"peso":11},{"id":134,"peso":15},{"id":175,"peso":15},{"id":170,"peso":6},{"id":78,"peso":11},{"id":46,"peso":11},{"id":90,"peso":20},{"id":3,"peso":15},{"id":98,"peso":8},{"id":19,"peso":20},{"id":181,"peso":5},{"id":130,"peso":10},{"id":77,"peso":12},{"id":195,"peso":2},{"id":56,"peso":11},{"id":57,"peso":6},{"id":70,"peso":12},{"id":187,"peso":0},{"id":107,"peso":6},{"id":188,"peso":3},{"id":138,"peso":13},{"id":164,"peso":20},{"id":189,"peso":5},{"id":28,"peso":19},{"id":169,"peso":7},{"id":21,"peso":9},{"id":64,"peso":18},{"id":54,"peso":12},{"id":31,"peso":14},{"id":104,"peso":14},{"id":123,"peso":17},{"id":124,"peso":11},{"id":86,"peso":1},{"id":161,"peso":17},{"id":180,"peso":10},{"id":191,"peso":14},{"id":27,"peso":18},{"id":81,"peso":19},{"id":88,"peso":12},{"id":110,"peso":3},{"id":114,"peso":11},{"id":71,"peso":20},{"id":112,"peso":11},{"id":92,"peso":11},{"id":173,"peso":5},{"id":23,"peso":2},{"id":20,"peso":9},{"id":194,"peso":15},{"id":119,"peso":20},{"id":135,"peso":8},{"id":178,"peso":13},{"id":129,"peso":11},{"id":58,"peso":1},{"id":22,"peso":5},{"id":100,"peso":6},{"id":125,"peso":8},{"id":83,"peso":17},{"id":93,"peso":3},{"id":49,"peso":19},{"id":36,"peso":8},{"id":147,"peso":10},{"id":198,"peso":11},{"id":168,"peso":12},{"id":136,"peso":6},{"id":111,"peso":0},{"id":97,"peso":0},{"id":128,"peso":0},{"id":32,"peso":9},{"id":52,"peso":4},{"id":16,"peso":8},{"id":42,"peso":7},{"id":43,"peso":17},{"id":179,"peso":13}]}