{"docente":{"nome":"Marcelo","departamento":"ICB","id":1096},"atividades":[{"id":67,"peso":12},{"id":60,"peso":6},{"id":148,"peso":16},{"id":107,"peso":11},{"id":108,"peso":5},{"id":17,"peso":12},{"id":156,"peso":20},{"id":61,"peso":12},{"id":176,"peso":7},{"id":194,"peso":4},{"id":122,"peso":9},{"id":90,"peso":20},{"id":75,"peso":5},{"id":4,"peso":18},{"id":23,"peso":1},{"id":136,"peso":5},{"id":101,"peso":16},{"id":19,"peso":1},{"id":102,"peso":16},{"id":190,"peso":12},{"id":192,"peso":16},{"id":134,"peso":15},{"id":3,"peso":12},{"id":151,"peso":4},{"id":26,"peso":17},{"id":178,"peso":9},{"id":174,"peso":17},{"id":163,"peso":2},{"id":132,"peso":3},{"id":76,"peso":10},{"id":16,"peso":4},{"id":63,"peso":7},{"id":74,"peso":20},{"id":120,"peso":6},{"id":112,"peso":9},{"id":94,"peso":11},{"id":88,"peso":8},{"id":77,"peso":10},{"id":53,"peso":3},{"id":82,"peso":0},{"id":40,"peso":13},{"id":184,"peso":7},{"id":64,"peso":20},{"id":185,"peso":9},{"id":133,"peso":4},{"id":49,"peso":4},{"id":29,"peso":15},{"id":142,"peso":0},{"id":89,"peso":5},{"id":154,"peso":6},{"id":54,"peso":5},{"id":187,"peso":15},{"id":179,"peso":7},{"id":186,"peso":13},{"id":158,"peso":14},{"id":6,"peso":19},{"id":145,"peso":4},{"id":198,"peso":6},{"id":47,"peso":7},{"id":41,"peso":0},{"id":73,"peso":8},{"id":31,"peso":18},{"id":131,"peso":1},{"id":169,"peso":8},{"id":159,"peso":8},{"id":173,"peso":1},{"id":55,"peso":11},{"id":34,"peso":10},{"id":165,"peso":13},{"id":22,"peso":6},{"id":181,"peso":7},{"id":48,"peso":2},{"id":15,"peso":6},{"id":157,"peso":1},{"id":28,"peso":9},{"id":129,"peso":20},{"id":195,"peso":16},{"id":164,"peso":16},{"id":86,"peso":7},{"id":152,"peso":15}]}