{"docente":{"nome":"Auri","departamento":"IF","id":1073},"atividades":[{"id":63,"peso":1},{"id":122,"peso":1},{"id":39,"peso":0},{"id":157,"peso":16},{"id":13,"peso":20},{"id":27,"peso":15},{"id":23,"peso":10},{"id":167,"peso":14},{"id":51,"peso":4},{"id":45,"peso":16},{"id":139,"peso":4},{"id":106,"peso":15},{"id":69,"peso":12},{"id":119,"peso":15},{"id":85,"peso":2},{"id":130,"peso":18},{"id":95,"peso":14},{"id":116,"peso":7},{"id":61,"peso":1},{"id":132,"peso":14},{"id":117,"peso":13},{"id":193,"peso":15},{"id":98,"peso":20},{"id":160,"peso":15},{"id":1,"peso":13},{"id":145,"peso":15},{"id":93,"peso":10},{"id":90,"peso":9},{"id":37,"peso":7},{"id":100,"peso":15},{"id":104,"peso":16},{"id":190,"peso":11},{"id":143,"peso":5},{"id":173,"peso":14},{"id":121,"peso":12},{"id":68,"peso":11},{"id":191,"peso":15},{"id":197,"peso":12},{"id":15,"peso":6},{"id":168,"peso":11},{"id":101,"peso":4},{"id":103,"peso":20},{"id":159,"peso":9},{"id":6,"peso":6},{"id":102,"peso":8},{"id":43,"peso":8},{"id":161,"peso":16},{"id":4,"peso":12},{"id":81,"peso":0},{"id":21,"peso":19},{"id":24,"peso":17},{"id":178,"peso":17},{"id":188,"peso":8},{"id":19,"peso":3},{"id":36,"peso":7},{"id":155,"peso":14},{"id":96,"peso":16},{"id":134,"peso":9},{"id":154,"peso":16},{"id":40,"peso":2},{"id":170,"peso":6},{"id":149,"peso":13},{"id":177,"peso":14},{"id":114,"peso":20},{"id":165,"peso":12},{"id":163,"peso":3},{"id":87,"peso":15},{"id":194,"peso":12},{"id":50,"peso":12},{"id":92,"peso":17},{"id":174,"peso":10},{"id":82,"peso":17},{"id":162,"peso":18},{"id":66,"peso":2},{"id":183,"peso":5}]}