{"docente":{"nome":"Laerte","departamento":"FEF","id":1362},"atividades":[{"id":3,"peso":7},{"id":165,"peso":0},{"id":10,"peso":5},{"id":80,"peso":17},{"id":149,"peso":4},{"id":1,"peso":11},{"id":24,"peso":1},{"id":169,"peso":6},{"id":160,"peso":2},{"id":141,"peso":19},{"id":143,"peso":1},{"id":66,"peso":8},{"id":9,"peso":3},{"id":29,"peso":16},{"id":195,"peso":4},{"id":172,"peso":10},{"id":179,"peso":18},{"id":175,"peso":19},{"id":135,"peso":12},{"id":107,"peso":14},{"id":182,"peso":11},{"id":68,"peso":10},{"id":106,"peso":8},{"id":152,"peso":16},{"id":185,"peso":7},{"id":125,"peso":9},{"id":48,"peso":3},{"id":158,"peso":2},{"id":104,"peso":4},{"id":40,"peso":4},{"id":69,"peso":13},{"id":38,"peso":20},{"id":61,"peso":16},{"id":174,"peso":2},{"id":90,"peso":10},{"id":112,"peso":5},{"id":7,"peso":1},{"id":5,"peso":8},{"id":79,"peso":20},{"id":73,"peso":17},{"id":71,"peso":6},{"id":20,"peso":0},{"id":86,"peso":4},{"id":183,"peso":15},{"id":96,"peso":14},{"id":46,"peso":18},{"id":43,"peso":11},{"id":196,"peso":17},{"id":59,"peso":5},{"id":26,"peso":3},{"id":178,"peso":20},{"id":142,"peso":20},{"id":198,"peso":19},{"id":76,"peso":5},{"id":128,"peso":17},{"id":35,"peso":6},{"id":13,"peso":13},{"id":63,"peso":13},{"id":83,"peso":15},{"id":122,"peso":18},{"id":103,"peso":8},{"id":167,"peso":6},{"id":37,"peso":10},{"id":27,"peso":8},{"id":124,"peso":1},{"id":31,"peso":17},{"id":146,"peso":5},{"id":116,"peso":4},{"id":78,"peso":7},{"id":190,"peso":5},{"id":144,"peso":0},{"id":45,"peso":12},{"id":85,"peso":0},{"id":57,"peso":16},{"id":156,"peso":15}]}