{"docente":{"nome":"Auri","departamento":"ICB","id":1340},"atividades":[{"id":143,"peso":2},{"id":89,"peso":20},{"id":133,"peso":20},{"id":10,"peso":14},{"id":165,"peso":4},{"id":169,"peso":10},{"id":164,"peso":0},{"id":155,"peso":1},{"id":46,"peso":14},{"id":2,"peso":8},{"id":168,"peso":20},{"id":14,"peso":8},{"id":42,"peso":13},{"id":160,"peso":14},{"id":193,"peso":3},{"id":101,"peso":11},{"id":121,"peso":11},{"id":66,"peso":17},{"id":156,"peso":8},{"id":176,"peso":10},{"id":12,"peso":14},{"id":3,"peso":10},{"id":25,"peso":15},{"id":109,"peso":1},{"id":80,"peso":19},{"id":74,"peso":20},{"id":62,"peso":9},{"id":174,"peso":16},{"id":83,"peso":0},{"id":105,"peso":1},{"id":20,"peso":17},{"id":136,"peso":12},{"id":53,"peso":5},{"id":81,"peso":10},{"id":47,"peso":5},{"id":4,"peso":11},{"id":100,"peso":11},{"id":31,"peso":3},{"id":21,"peso":15},{"id":72,"peso":3},{"id":104,"peso":9},{"id":162,"peso":12},{"id":23,"peso":3},{"id":78,"peso":11},{"id":34,"peso":7},{"id":123,"peso":17},{"id":28,"peso":10},{"id":158,"peso":0},{"id":161,"peso":8},{"id":30,"peso":18},{"id":127,"peso":18},{"id":27,"peso":16},{"id":6,"peso":16},{"id":37,"peso":16},{"id":132,"peso":7},{"id":94,"peso":8},{"id":182,"peso":9},{"id":192,"peso":8},{"id":91,"peso":1},{"id":180,"peso":14},{"id":52,"peso":3},{"id":112,"peso":13},{"id":197,"peso":2},{"id":129,"peso":14},{"id":116,"peso":17},{"id":144,"peso":0},{"id":11,"peso":14},{"id":7,"peso":15},{"id":107,"peso":8},{"id":128,"peso":1},{"id":24,"peso":5},{"id":106,"peso":14},{"id":93,"peso":15},{"id":79,"peso":7},{"id":188,"peso":5},{"id":70,"peso":19},{"id":140,"peso":18},{"id":198,"peso":18},{"id":86,"peso":6},{"id":45,"peso":7},{"id":8,"peso":5},{"id":41,"peso":11},{"id":108,"peso":3}]}