{"docente":{"nome":"Fernanda","departamento":"FIC","id":1055},"atividades":[{"id":191,"peso":10},{"id":51,"peso":16},{"id":162,"peso":0},{"id":1,"peso":2},{"id":57,"peso":20},{"id":180,"peso":17},{"id":10,"peso":7},{"id":40,"peso":2},{"id":119,"peso":17},{"id":151,"peso":4},{"id":48,"peso":14},{"id":169,"peso":6},{"id":7,"peso":13},{"id":174,"peso":18},{"id":150,"peso":8},{"id":181,"peso":3},{"id":147,"peso":8},{"id":165,"peso":16},{"id":124,"peso":8},{"id":73,"peso":5},{"id":179,"peso":20},{"id":155,"peso":5},{"id":116,"peso":14},{"id":30,"peso":12},{"id":172,"peso":8},{"id":14,"peso":20},{"id":60,"peso":4},{"id":126,"peso":7},{"id":185,"peso":2},{"id":132,"peso":18},{"id":52,"peso":1},{"id":77,"peso":10},{"id":114,"peso":10},{"id":63,"peso":19},{"id":17,"peso":6},{"id":6,"peso":20},{"id":128,"peso":10},{"id":22,"peso":17},{"id":28,"peso":19},{"id":177,"peso":17},{"id":76,"peso":6},{"id":105,"peso":0},{"id":39,"peso":19},{"id":82,"peso":7},{"id":171,"peso":10},{"id":131,"peso":1},{"id":102,"peso":18},{"id":54,"peso":6},{"id":104,"peso":18},{"id":79,"peso":11},{"id":98,"peso":13},{"id":15,"peso":9},{"id":20,"peso":9},{"id":125,"peso":13},{"id":59,"peso":5},{"id":74,"peso":18},{"id":159,"peso":1},{"id":193,"peso":0},{"id":91,"peso":19},{"id":106,"peso":11},{"id":134,"peso":16},{"id":157,"peso":18},{"id":64,"peso":4},{"id":5,"peso":0},{"id":110,"peso":12},{"id":142,"peso":4},{"id":8,"peso":10},{"id":38,"peso":7},{"id":92,"peso":11},{"id":67,"peso":10},{"id":189,"peso":17},{"id":36,"peso":9},{"id":137,"peso":1}]}