{"docente":{"nome":"Auri","departamento":"ICB","id":1080},"atividades":[{"id":147,"peso":3},{"id":158,"peso":20},{"id":53,"peso":4},{"id":175,"peso":10},{"id":91,"peso":18},{"id":140,"peso":2},{"id":105,"peso":19},{"id":107,"peso":3},{"id":154,"peso":0},{"id":183,"peso":3},{"id":4,"peso":20},{"id":193,"peso":1},{"id":20,"peso":10},{"id":11,"peso":7},{"id":89,"peso":17},{"id":127,"peso":5},{"id":113,"peso":9},{"id":27,"peso":10},{"id":88,"peso":10},{"id":103,"peso":5},{"id":159,"peso":3},{"id":34,"peso":20},{"id":26,"peso":10},{"id":87,"peso":5},{"id":182,"peso":0},{"id":70,"peso":13},{"id":196,"peso":1},{"id":10,"peso":3},{"id":7,"peso":1},{"id":131,"peso":10},{"id":78,"peso":20},{"id":144,"peso":14},{"id":120,"peso":17},{"id":65,"peso":3},{"id":123,"peso":2},{"id":76,"peso":16},{"id":25,"peso":5},{"id":36,"peso":19},{"id":58,"peso":18},{"id":191,"peso":7},{"id":37,"peso":6},{"id":132,"peso":19},{"id":171,"peso":9},{"id":29,"peso":16},{"id":172,"peso":14},{"id":38,"peso":19},{"id":84,"peso":18},{"id":149,"peso":19},{"id":48,"peso":8},{"id":14,"peso":6},{"id":64,"peso":15},{"id":128,"peso":8},{"id":39,"peso":19},{"id":177,"peso":1},{"id":156,"peso":0},{"id":139,"peso":14},{"id":90,"peso":11},{"id":57,"peso":10},{"id":115,"peso":5},{"id":54,"peso":9},{"id":43,"peso":1},{"id":195,"peso":13},{"id":92,"peso":2},{"id":165,"peso":18},{"id":129,"peso":12},{"id":146,"peso":18},{"id":169,"peso":10},{"id":21,"peso":18},{"id":164,"peso":5},{"id":6,"peso":13},{"id":142,"peso":9},{"id":197,"peso":19},{"id":180,"peso":9},{"id":52,"peso":11},{"id":67,"peso":17}]}