{"docente":{"nome":"Henrique","departamento":"IF","id":1301},"atividades":[{"id":147,"peso":4},{"id":143,"peso":15},{"id":113,"peso":2},{"id":187,"peso":4},{"id":6,"peso":1},{"id":70,"peso":14},{"id":38,"peso":13},{"id":138,"peso":4},{"id":18,"peso":20},{"id":110,"peso":0},{"id":64,"peso":20},{"id":163,"peso":9},{"id":58,"peso":0},{"id":30,"peso":2},{"id":79,"peso":4},{"id":145,"peso":4},{"id":196,"peso":11},{"id":84,"peso":18},{"id":152,"peso":19},{"id":63,"peso":14},{"id":186,"peso":4},{"id":5,"peso":5},{"id":93,"peso":7},{"id":72,"peso":3},{"id":137,"peso":15},{"id":48,"peso":6},{"id":11,"peso":9},{"id":54,"peso":3},{"id":121,"peso":17},{"id":131,"peso":0},{"id":35,"peso":1},{"id":124,"peso":11},{"id":19,"peso":3},{"id":49,"peso":5},{"id":47,"peso":18},{"id":97,"peso":16},{"id":17,"peso":1},{"id":165,"peso":13},{"id":114,"peso":8},{"id":86,"peso":0},{"id":90,"peso":18},{"id":160,"peso":7},{"id":118,"peso":2},{"id":96,"peso":11},{"id":179,"peso":2},{"id":168,"peso":14},{"id":36,"peso":0},{"id":128,"peso":9},{"id":59,"peso":14},{"id":140,"peso":6},{"id":32,"peso":16},{"id":24,"peso":0},{"id":34,"peso":5},{"id":190,"peso":6},{"id":92,"peso":20},{"id":175,"peso":3},{"id":132,"peso":19},{"id":125,"peso":4},{"id":170,"peso":0},{"id":42,"peso":0},{"id":155,"peso":9},{"id":103,"peso":0},{"id":55,"peso":8},{"id":50,"peso":2},{"id":176,"peso":18},{"id":153,"peso":18},{"id":167,"peso":8},{"id":1,"peso":9},{"id":158,"peso":20},{"id":73,"peso":0},{"id":116,"peso":18},{"id":56,"peso":11},{"id":14,"peso":17},{"id":144,"peso":12},{"id":62,"peso":5},{"id":123,"peso":16},{"id":192,"peso":20}]}