{"docente":{"nome":"Berenice","departamento":"FEF","id":1295},"atividades":[{"id":197,"peso":19},{"id":160,"peso":3},{"id":180,"peso":15},{"id":49,"peso":11},{"id":142,"peso":12},{"id":149,"peso":18},{"id":158,"peso":12},{"id":16,"peso":20},{"id":46,"peso":14},{"id":74,"peso":13},{"id":181,"peso":10},{"id":133,"peso":3},{"id":35,"peso":6},{"id":177,"peso":3},{"id":94,"peso":13},{"id":170,"peso":9},{"id":20,"peso":2},{"id":65,"peso":9},{"id":68,"peso":9},{"id":36,"peso":11},{"id":84,"peso":0},{"id":168,"peso":0},{"id":126,"peso":13},{"id":111,"peso":11},{"id":167,"peso":15},{"id":72,"peso":15},{"id":63,"peso":0},{"id":23,"peso":4},{"id":50,"peso":8},{"id":106,"peso":2},{"id":107,"peso":0},{"id":153,"peso":19},{"id":103,"peso":12},{"id":191,"peso":12},{"id":71,"peso":17},{"id":164,"peso":19},{"id":25,"peso":14},{"id":101,"peso":4},{"id":195,"peso":14},{"id":139,"peso":10},{"id":82,"peso":6},{"id":131,"peso":20},{"id":120,"peso":7},{"id":150,"peso":1},{"id":90,"peso":7},{"id":118,"peso":9},{"id":43,"peso":12},{"id":57,"peso":15},{"id":134,"peso":15},{"id":78,"peso":18},{"id":86,"peso":12},{"id":97,"peso":13},{"id":196,"peso":20},{"id":83,"peso":5},{"id":66,"peso":7},{"id":128,"peso":20},{"id":64,"peso":12},{"id":198,"peso":20},{"id":77,"peso":11},{"id":132,"peso":7},{"id":102,"peso":2},{"id":62,"peso":19},{"id":37,"peso":15},{"id":6,"peso":0},{"id":115,"peso":8},{"id":114,"peso":7},{"id":193,"peso":16},{"id":100,"peso":19},{"id":169,"peso":1},{"id":113,"peso":17},{"id":60,"peso":2},{"id":157,"peso":16},{"id":69,"peso":0},{"id":179,"peso":0},{"id":31,"peso":10},{"id":154,"peso":15},{"id":173,"peso":4},{"id":122,"peso":20},{"id":80,"peso":11}]}