{"docente":{"nome":"Laerte","departamento":"ICB","id":1051},"atividades":[{"id":112,"peso":0},{"id":20,"peso":5},{"id":128,"peso":4},{"id":107,"peso":4},{"id":118,"peso":12},{"id":11,"peso":20},{"id":139,"peso":8},{"id":149,"peso":2},{"id":181,"peso":12},{"id":135,"peso":13},{"id":32,"peso":14},{"id":27,"peso":13},{"id":71,"peso":5},{"id":153,"peso":6},{"id":176,"peso":19},{"id":93,"peso":8},{"id":130,"peso":13},{"id":101,"peso":2},{"id":36,"peso":8},{"id":33,"peso":14},{"id":10,"peso":1},{"id":35,"peso":19},{"id":174,"peso":0},{"id":42,"peso":13},{"id":133,"peso":4},{"id":84,"peso":20},{"id":40,"peso":19},{"id":184,"peso":10},{"id":49,"peso":19},{"id":82,"peso":1},{"id":100,"peso":12},{"id":13,"peso":16},{"id":39,"peso":16},{"id":115,"peso":2},{"id":90,"peso":15},{"id":134,"peso":16},{"id":195,"peso":6},{"id":122,"peso":14},{"id":29,"peso":6},{"id":57,"peso":16},{"id":168,"peso":8},{"id":4,"peso":17},{"id":68,"peso":1},{"id":69,"peso":10},{"id":58,"peso":2},{"id":7,"peso":14},{"id":196,"peso":4},{"id":6,"peso":20},{"id":142,"peso":14},{"id":16,"peso":3},{"id":148,"peso":3},{"id":117,"peso":10},{"id":17,"peso":8},{"id":73,"peso":0},{"id":110,"peso":9},{"id":61,"peso":13},{"id":189,"peso":19},{"id":44,"peso":5},{"id":53,"peso":18},{"id":183,"peso":12},{"id":86,"peso":9},{"id":113,"peso":4},{"id":116,"peso":13},{"id":121,"peso":19},{"id":104,"peso":11},{"id":178,"peso":12},{"id":63,"peso":13},{"id":37,"peso":17},{"id":131,"peso":13},{"id":95,"peso":10},{"id":24,"peso":5},{"id":159,"peso":18},{"id":45,"peso":20},{"id":83,"peso":0},{"id":59,"peso":2},{"id":67,"peso":2},{"id":155,"peso":18},{"id":38,"peso":19},{"id":72,"peso":10}]}