{"docente":{"nome":"Paulo","departamento":"IF","id":1409},"atividades":[{"id":23,"peso":12},{"id":150,"peso":11},{"id":176,"peso":8},{"id":96,"peso":15},{"id":104,"peso":12},{"id":124,"peso":9},{"id":132,"peso":14},{"id":87,"peso":5},{"id":119,"peso":7},{"id":177,"peso":18},{"id":110,"peso":11},{"id":88,"peso":10},{"id":3,"peso":3},{"id":36,"peso":0},{"id":97,"peso":1},{"id":7,"peso":1},{"id":186,"peso":18},{"id":26,"peso":15},{"id":60,"peso":15},{"id":58,"peso":19},{"id":120,"peso":2},{"id":194,"peso":6},{"id":171,"peso":16},{"id":195,"peso":18},{"id":48,"peso":12},{"id":31,"peso":14},{"id":161,"peso":18},{"id":79,"peso":13},{"id":116,"peso":18},{"id":197,"peso":9},{"id":40,"peso":5},{"id":24,"peso":8},{"id":11,"peso":10},{"id":19,"peso":16},{"id":133,"peso":12},{"id":170,"peso":3},{"id":78,"peso":17},{"id":33,"peso":2},{"id":155,"peso":12},{"id":54,"peso":10},{"id":43,"peso":13},{"id":38,"peso":11},{"id":135,"peso":14},{"id":71,"peso":11},{"id":102,"peso":2},{"id":45,"peso":13},{"id":92,"peso":9},{"id":51,"peso":17},{"id":141,"peso":0},{"id":175,"peso":7},{"id":165,"peso":8},{"id":125,"peso":1},{"id":47,"peso":7},{"id":148,"peso":13},{"id":67,"peso":18},{"id":107,"peso":4},{"id":163,"peso":7},{"id":159,"peso":4},{"id":28,"peso":0},{"id":76,"peso":12},{"id":183,"peso":11},{"id":117,"peso":7},{"id":34,"peso":0},{"id":64,"peso":7},{"id":146,"peso":7},{"id":8,"peso":13},{"id":55,"peso":4},{"id":127,"peso":9},{"id":115,"peso":18},{"id":50,"peso":16},{"id":99,"peso":19},{"id":151,"peso":5},{"id":25,"peso":3},{"id":20,"peso":3},{"id":179,"peso":2},{"id":105,"peso":16},{"id":109,"peso":0},{"id":80,"peso":1},{"id":157,"peso":2},{"id":114,"peso":13},{"id":178,"peso":20}]}