{"docente":{"nome":"Berenice","departamento":"IF","id":1424},"atividades":[{"id":191,"peso":4},{"id":81,"peso":9},{"id":189,"peso":1},{"id":144,"peso":3},{"id":98,"peso":9},{"id":142,"peso":20},{"id":107,"peso":13},{"id":136,"peso":9},{"id":134,"peso":3},{"id":99,"peso":11},{"id":173,"peso":9},{"id":50,"peso":19},{"id":53,"peso":17},{"id":122,"peso":15},{"id":108,"peso":13},{"id":87,"peso":20},{"id":82,"peso":3},{"id":117,"peso":12},{"id":161,"peso":10},{"id":19,"peso":16},{"id":45,"peso":12},{"id":56,"peso":7},{"id":40,"peso":16},{"id":22,"peso":1},{"id":57,"peso":7},{"id":118,"peso":16},{"id":153,"peso":8},{"id":49,"peso":1},{"id":78,"peso":3},{"id":10,"peso":13},{"id":194,"peso":7},{"id":101,"peso":13},{"id":154,"peso":0},{"id":48,"peso":0},{"id":43,"peso":16},{"id":174,"peso":0},{"id":24,"peso":7},{"id":91,"peso":19},{"id":1,"peso":11},{"id":150,"peso":6},{"id":195,"peso":11},{"id":54,"peso":6},{"id":26,"peso":4},{"id":16,"peso":3},{"id":127,"peso":2},{"id":32,"peso":14},{"id":148,"peso":5},{"id":67,"peso":11},{"id":188,"peso":17},{"id":68,"peso":4},{"id":59,"peso":15},{"id":27,"peso":3},{"id":9,"peso":18},{"id":71,"peso":1},{"id":125,"peso":15},{"id":21,"peso":8},{"id":74,"peso":1},{"id":77,"peso":8},{"id":7,"peso":3},{"id":139,"peso":15},{"id":51,"peso":4},{"id":60,"peso":3},{"id":102,"peso":18},{"id":192,"peso":4},{"id":70,"peso":0},{"id":52,"peso":11},{"id":15,"peso":19},{"id":72,"peso":10},{"id":4,"peso":4},{"id":197,"peso":11},{"id":151,"peso":14},{"id":75,"peso":17},{"id":84,"peso":17},{"id":163,"peso":20},{"id":147,"peso":3},{"id":179,"peso":4},{"id":6,"peso":13},{"id":111,"peso":5},{"id":196,"peso":15},{"id":124,"peso":4},{"id":17,"peso":20},{"id":12,"peso":12}]}