{"docente":{"nome":"Marcelo","departamento":"FIC","id":1274},"atividades":[{"id":52,"peso":17},{"id":18,"peso":19},{"id":72,"peso":19},{"id":55,"peso":5},{"id":142,"peso":3},{"id":66,"peso":9},{"id":167,"peso":20},{"id":104,"peso":10},{"id":101,"peso":1},{"id":16,"peso":11},{"id":106,"peso":9},{"id":124,"peso":19},{"id":129,"peso":10},{"id":105,"peso":5},{"id":162,"peso":19},{"id":26,"peso":0},{"id":63,"peso":5},{"id":23,"peso":2},{"id":86,"peso":8},{"id":184,"peso":14},{"id":46,"peso":19},{"id":56,"peso":9},{"id":117,"peso":14},{"id":49,"peso":8},{"id":163,"peso":16},{"id":192,"peso":0},{"id":119,"peso":15},{"id":166,"peso":12},{"id":12,"peso":5},{"id":115,"peso":7},{"id":120,"peso":0},{"id":27,"peso":10},{"id":19,"peso":16},{"id":13,"peso":15},{"id":138,"peso":15},{"id":139,"peso":12},{"id":76,"peso":4},{"id":32,"peso":18},{"id":70,"peso":1},{"id":40,"peso":13},{"id":97,"peso":2},{"id":5,"peso":1},{"id":96,"peso":16},{"id":127,"peso":8},{"id":92,"peso":19},{"id":94,"peso":15},{"id":159,"peso":6},{"id":147,"peso":10},{"id":180,"peso":8},{"id":158,"peso":20},{"id":141,"peso":18},{"id":84,"peso":13},{"id":196,"peso":0},{"id":7,"peso":9},{"id":144,"peso":0},{"id":122,"peso":16},{"id":93,"peso":13},{"id":178,"peso":13},{"id":8,"peso":12},{"id":165,"peso":8},{"id":14,"peso":15},{"id":30,"peso":11},{"id":59,"peso":5},{"id":28,"peso":16},{"id":42,"peso":10},{"id":171,"peso":18},{"id":103,"peso":1},{"id":69,"peso":15},{"id":89,"peso":19},{"id":82,"peso":11},{"id":188,"peso":12},{"id":132,"peso":11},{"id":57,"peso":4},{"id":148,"peso":14},{"id":153,"peso":9},{"id":88,"peso":4},{"id":29,"peso":5},{"id":179,"peso":7},{"id":194,"peso":14},{"id":102,"peso":11}]}