{"docente":{"nome":"Laerte","departamento":"INF","id":1245},"atividades":[{"id":173,"peso":12},{"id":142,"peso":1},{"id":25,"peso":14},{"id":172,"peso":6},{"id":188,"peso":9},{"id":149,"peso":7},{"id":139,"peso":11},{"id":113,"peso":9},{"id":148,"peso":1},{"id":120,"peso":0},{"id":104,"peso":12},{"id":100,"peso":18},{"id":97,"peso":20},{"id":61,"peso":14},{"id":84,"peso":10},{"id":133,"peso":19},{"id":57,"peso":12},{"id":145,"peso":18},{"id":95,"peso":12},{"id":176,"peso":0},{"id":52,"peso":19},{"id":43,"peso":0},{"id":74,"peso":2},{"id":127,"peso":17},{"id":5,"peso":12},{"id":76,"peso":17},{"id":182,"peso":19},{"id":29,"peso":12},{"id":144,"peso":16},{"id":114,"peso":6},{"id":10,"peso":19},{"id":122,"peso":6},{"id":8,"peso":10},{"id":21,"peso":12},{"id":73,"peso":5},{"id":35,"peso":4},{"id":167,"peso":19},{"id":42,"peso":20},{"id":18,"peso":11},{"id":53,"peso":12},{"id":192,"peso":5},{"id":99,"peso":9},{"id":88,"peso":20},{"id":77,"peso":7},{"id":111,"peso":12},{"id":103,"peso":3},{"id":179,"peso":0},{"id":28,"peso":1},{"id":158,"peso":17},{"id":2,"peso":0},{"id":34,"peso":0},{"id":178,"peso":8},{"id":54,"peso":13},{"id":79,"peso":1},{"id":175,"peso":9},{"id":15,"peso":3},{"id":24,"peso":10},{"id":116,"peso":10},{"id":168,"peso":6},{"id":86,"peso":1},{"id":32,"peso":11},{"id":115,"peso":20},{"id":92,"peso":5},{"id":68,"peso":12},{"id":17,"peso":6},{"id":166,"peso":15},{"id":187,"peso":1},{"id":40,"peso":4},{"id":7,"peso":0},{"id":171,"peso":6},{"id":1,"peso":2},{"id":163,"peso":1},{"id":109,"peso":18},{"id":195,"peso":8},{"id":164,"peso":6},{"id":154,"peso":14}]}