{"docente":{"nome":"Fabio","departamento":"IQ","id":1430},"atividades":[{"id":23,"peso":10},{"id":66,"peso":0},{"id":90,"peso":17},{"id":17,"peso":1},{"id":187,"peso":17},{"id":2,"peso":16},{"id":131,"peso":11},{"id":60,"peso":7},{"id":181,"peso":8},{"id":99,"peso":18},{"id":112,"peso":1},{"id":148,"peso":15},{"id":143,"peso":14},{"id":100,"peso":11},{"id":68,"peso":1},{"id":80,"peso":17},{"id":77,"peso":8},{"id":154,"peso":20},{"id":42,"peso":17},{"id":52,"peso":7},{"id":150,"peso":4},{"id":11,"peso":9},{"id":29,"peso":12},{"id":22,"peso":17},{"id":135,"peso":12},{"id":51,"peso":5},{"id":105,"peso":5},{"id":57,"peso":4},{"id":159,"peso":8},{"id":178,"peso":4},{"id":163,"peso":16},{"id":84,"peso":1},{"id":75,"peso":20},{"id":170,"peso":3},{"id":71,"peso":18},{"id":106,"peso":1},{"id":162,"peso":15},{"id":185,"peso":6},{"id":28,"peso":17},{"id":92,"peso":13},{"id":189,"peso":18},{"id":155,"peso":11},{"id":149,"peso":19},{"id":116,"peso":2},{"id":175,"peso":6},{"id":21,"peso":1},{"id":129,"peso":12},{"id":38,"peso":15},{"id":19,"peso":13},{"id":25,"peso":10},{"id":144,"peso":17},{"id":48,"peso":11},{"id":4,"peso":19},{"id":14,"peso":13},{"id":26,"peso":2},{"id":88,"peso":2},{"id":177,"peso":9},{"id":30,"peso":14},{"id":174,"peso":18},{"id":97,"peso":7},{"id":63,"peso":0},{"id":24,"peso":7},{"id":35,"peso":10},{"id":151,"peso":9},{"id":53,"peso":11},{"id":101,"peso":9},{"id":50,"peso":0},{"id":109,"peso":1},{"id":115,"peso":19},{"id":69,"peso":18},{"id":13,"peso":19},{"id":138,"peso":19},{"id":44,"peso":13},{"id":166,"peso":12},{"id":20,"peso":10},{"id":191,"peso":19},{"id":137,"peso":19},{"id":76,"peso":3},{"id":134,"peso":7}]}