{"docente":{"nome":"Paulo","departamento":"INF","id":1383},"atividades":[{"id":169,"peso":5},{"id":8,"peso":19},{"id":108,"peso":17},{"id":35,"peso":10},{"id":7,"peso":15},{"id":119,"peso":13},{"id":49,"peso":5},{"id":72,"peso":19},{"id":44,"peso":9},{"id":162,"peso":0},{"id":190,"peso":16},{"id":15,"peso":11},{"id":186,"peso":0},{"id":115,"peso":7},{"id":95,"peso":8},{"id":39,"peso":1},{"id":61,"peso":8},{"id":84,"peso":4},{"id":54,"peso":5},{"id":10,"peso":15},{"id":48,"peso":3},{"id":40,"peso":15},{"id":159,"peso":11},{"id":158,"peso":13},{"id":143,"peso":18},{"id":130,"peso":10},{"id":174,"peso":5},{"id":191,"peso":16},{"id":5,"peso":4},{"id":59,"peso":2},{"id":153,"peso":8},{"id":147,"peso":1},{"id":183,"peso":7},{"id":30,"peso":8},{"id":9,"peso":5},{"id":42,"peso":16},{"id":17,"peso":5},{"id":97,"peso":0},{"id":173,"peso":8},{"id":149,"peso":7},{"id":145,"peso":0},{"id":138,"peso":15},{"id":194,"peso":2},{"id":99,"peso":17},{"id":90,"peso":14},{"id":16,"peso":18},{"id":86,"peso":0},{"id":29,"peso":1},{"id":160,"peso":8},{"id":91,"peso":12},{"id":62,"peso":10},{"id":26,"peso":7},{"id":38,"peso":15},{"id":81,"peso":3},{"id":21,"peso":9},{"id":112,"peso":19},{"id":167,"peso":16},{"id":1,"peso":14},{"id":110,"peso":13},{"id":188,"peso":5},{"id":46,"peso":7},{"id":176,"peso":15},{"id":47,"peso":12},{"id":157,"peso":6},{"id":79,"peso":13},{"id":43,"peso":3},{"id":111,"peso":3},{"id":189,"peso":20},{"id":109,"peso":7},{"id":41,"peso":6},{"id":172,"peso":13},{"id":137,"peso":15},{"id":100,"peso":20},{"id":125,"peso":16}]}