{"docente":{"nome":"Ingrid","departamento":"ICB","id":134},"atividades":[{"id":77,"peso":7},{"id":42,"peso":11},{"id":22,"peso":3},{"id":195,"peso":17},{"id":144,"peso":3},{"id":90,"peso":6},{"id":24,"peso":6},{"id":66,"peso":5},{"id":98,"peso":16},{"id":142,"peso":6},{"id":119,"peso":5},{"id":154,"peso":0},{"id":31,"peso":7},{"id":156,"peso":10},{"id":51,"peso":4},{"id":21,"peso":20},{"id":187,"peso":5},{"id":173,"peso":4},{"id":188,"peso":20},{"id":18,"peso":19},{"id":151,"peso":2},{"id":145,"peso":5},{"id":91,"peso":17},{"id":166,"peso":1},{"id":69,"peso":5},{"id":13,"peso":4},{"id":72,"peso":1},{"id":14,"peso":1},{"id":197,"peso":15},{"id":110,"peso":9},{"id":53,"peso":11},{"id":161,"peso":11},{"id":115,"peso":8},{"id":59,"peso":4},{"id":82,"peso":13},{"id":190,"peso":10},{"id":105,"peso":8},{"id":1,"peso":12},{"id":57,"peso":10},{"id":175,"peso":19},{"id":139,"peso":11},{"id":99,"peso":15},{"id":128,"peso":6},{"id":92,"peso":7},{"id":198,"peso":6},{"id":135,"peso":18},{"id":2,"peso":17},{"id":11,"peso":4},{"id":140,"peso":0},{"id":37,"peso":5},{"id":39,"peso":6},{"id":146,"peso":18},{"id":131,"peso":6},{"id":132,"peso":0},{"id":81,"peso":18},{"id":177,"peso":13},{"id":68,"peso":6},{"id":73,"peso":14},{"id":180,"peso":10},{"id":47,"peso":3},{"id":124,"peso":0},{"id":118,"peso":15},{"id":5,"peso":20},{"id":129,"peso":7},{"id":29,"peso":19},{"id":10,"peso":13},{"id":58,"peso":16},{"id":45,"peso":17},{"id":134,"peso":9},{"id":152,"peso":14},{"id":183,"peso":0},{"id":194,"peso":16},{"id":65,"peso":14},{"id":133,"peso":20},{"id":169,"peso":8},{"id":148,"peso":17},{"id":41,"peso":5},{"id":46,"peso":4},{"id":102,"peso":5},{"id":171,"peso":9},{"id":172,"peso":19},{"id":160,"peso":8},{"id":120,"peso":16}]}