{"docente":{"nome":"Guilherme","departamento":"IF","id":1179},"atividades":[{"id":64,"peso":18},{"id":155,"peso":10},{"id":117,"peso":3},{"id":130,"peso":16},{"id":146,"peso":15},{"id":149,"peso":9},{"id":26,"peso":0},{"id":5,"peso":15},{"id":115,"peso":10},{"id":8,"peso":14},{"id":79,"peso":8},{"id":124,"peso":19},{"id":120,"peso":3},{"id":1,"peso":3},{"id":190,"peso":9},{"id":192,"peso":20},{"id":92,"peso":16},{"id":17,"peso":3},{"id":127,"peso":11},{"id":125,"peso":14},{"id":137,"peso":14},{"id":54,"peso":4},{"id":113,"peso":14},{"id":4,"peso":6},{"id":164,"peso":16},{"id":84,"peso":16},{"id":88,"peso":12},{"id":16,"peso":7},{"id":81,"peso":20},{"id":39,"peso":3},{"id":157,"peso":20},{"id":103,"peso":9},{"id":93,"peso":9},{"id":109,"peso":7},{"id":70,"peso":0},{"id":112,"peso":10},{"id":25,"peso":20},{"id":176,"peso":17},{"id":182,"peso":5},{"id":85,"peso":15},{"id":141,"peso":17},{"id":179,"peso":11},{"id":51,"peso":2},{"id":94,"peso":19},{"id":71,"peso":20},{"id":193,"peso":15},{"id":74,"peso":12},{"id":52,"peso":2},{"id":142,"peso":12},{"id":132,"peso":13},{"id":32,"peso":17},{"id":55,"peso":20},{"id":133,"peso":16},{"id":36,"peso":2},{"id":24,"peso":17},{"id":173,"peso":17},{"id":66,"peso":5},{"id":111,"peso":0},{"id":101,"peso":6},{"id":18,"peso":0},{"id":135,"peso":6},{"id":34,"peso":0},{"id":50,"peso":1},{"id":37,"peso":3},{"id":105,"peso":14},{"id":177,"peso":15},{"id":197,"peso":4},{"id":181,"peso":0},{"id":136,"peso":14},{"id":35,"peso":16},{"id":186,"peso":2},{"id":144,"peso":5},{"id":126,"peso":0},{"id":21,"peso":5},{"id":58,"peso":8},{"id":170,"peso":13},{"id":175,"peso":13},{"id":49,"peso":8},{"id":187,"peso":7},{"id":194,"peso":19}]}