{"docente":{"nome":"Henrique","departamento":"FEF","id":1018},"atividades":[{"id":179,"peso":13},{"id":62,"peso":17},{"id":197,"peso":7},{"id":60,"peso":19},{"id":39,"peso":18},{"id":150,"peso":9},{"id":112,"peso":15},{"id":58,"peso":2},{"id":135,"peso":19},{"id":44,"peso":1},{"id":5,"peso":9},{"id":9,"peso":16},{"id":145,"peso":3},{"id":188,"peso":19},{"id":90,"peso":14},{"id":31,"peso":5},{"id":167,"peso":9},{"id":184,"peso":4},{"id":146,"peso":15},{"id":143,"peso":16},{"id":68,"peso":10},{"id":2,"peso":6},{"id":164,"peso":11},{"id":89,"peso":6},{"id":196,"peso":0},{"id":134,"peso":9},{"id":165,"peso":15},{"id":186,"peso":12},{"id":21,"peso":2},{"id":40,"peso":18},{"id":123,"peso":9},{"id":12,"peso":6},{"id":172,"peso":16},{"id":115,"peso":7},{"id":105,"peso":5},{"id":37,"peso":3},{"id":113,"peso":16},{"id":151,"peso":14},{"id":55,"peso":16},{"id":163,"peso":9},{"id":85,"peso":0},{"id":111,"peso":18},{"id":54,"peso":8},{"id":19,"peso":4},{"id":76,"peso":7},{"id":141,"peso":13},{"id":13,"peso":9},{"id":81,"peso":12},{"id":83,"peso":5},{"id":190,"peso":17},{"id":155,"peso":6},{"id":7,"peso":18},{"id":6,"peso":13},{"id":133,"peso":16},{"id":98,"peso":19},{"id":77,"peso":18},{"id":174,"peso":11},{"id":142,"peso":1},{"id":108,"peso":11},{"id":45,"peso":5},{"id":86,"peso":4},{"id":79,"peso":20},{"id":126,"peso":8},{"id":138,"peso":16},{"id":178,"peso":0},{"id":120,"peso":13},{"id":99,"peso":14},{"id":100,"peso":11},{"id":17,"peso":15},{"id":118,"peso":9},{"id":198,"peso":7},{"id":140,"peso":11},{"id":149,"peso":13},{"id":169,"peso":7},{"id":159,"peso":8},{"id":87,"peso":0},{"id":52,"peso":8},{"id":117,"peso":10},{"id":28,"peso":0},{"id":148,"peso":7},{"id":1,"peso":12}]}