{"docente":{"nome":"Ana","departamento":"ICB","id":1271},"atividades":[{"id":168,"peso":1},{"id":194,"peso":13},{"id":13,"peso":12},{"id":91,"peso":6},{"id":59,"peso":4},{"id":4,"peso":18},{"id":136,"peso":15},{"id":73,"peso":20},{"id":103,"peso":9},{"id":171,"peso":8},{"id":12,"peso":19},{"id":152,"peso":5},{"id":187,"peso":17},{"id":143,"peso":20},{"id":28,"peso":18},{"id":29,"peso":13},{"id":108,"peso":5},{"id":27,"peso":6},{"id":181,"peso":19},{"id":41,"peso":18},{"id":120,"peso":5},{"id":20,"peso":4},{"id":111,"peso":5},{"id":128,"peso":8},{"id":175,"peso":18},{"id":158,"peso":0},{"id":118,"peso":16},{"id":32,"peso":6},{"id":76,"peso":20},{"id":61,"peso":15},{"id":72,"peso":16},{"id":174,"peso":18},{"id":196,"peso":12},{"id":106,"peso":18},{"id":82,"peso":12},{"id":40,"peso":11},{"id":159,"peso":17},{"id":65,"peso":15},{"id":191,"peso":17},{"id":49,"peso":18},{"id":195,"peso":11},{"id":176,"peso":5},{"id":121,"peso":14},{"id":74,"peso":20},{"id":45,"peso":19},{"id":123,"peso":9},{"id":119,"peso":13},{"id":6,"peso":16},{"id":179,"peso":4},{"id":124,"peso":15},{"id":192,"peso":3},{"id":67,"peso":12},{"id":52,"peso":8},{"id":133,"peso":2},{"id":186,"peso":5},{"id":83,"peso":17},{"id":66,"peso":3},{"id":60,"peso":1},{"id":51,"peso":20},{"id":165,"peso":8},{"id":134,"peso":3},{"id":163,"peso":13},{"id":107,"peso":11},{"id":68,"peso":9},{"id":15,"peso":12},{"id":25,"peso":8},{"id":94,"peso":0},{"id":34,"peso":4},{"id":38,"peso":7},{"id":80,"peso":12},{"id":17,"peso":2},{"id":147,"peso":8},{"id":35,"peso":12},{"id":167,"peso":16},{"id":56,"peso":15},{"id":50,"peso":12},{"id":78,"peso":13},{"id":155,"peso":1},{"id":177,"peso":1},{"id":11,"peso":12}]}