{"docente":{"nome":"Marcelo","departamento":"ICB","id":1112},"atividades":[{"id":196,"peso":13},{"id":57,"peso":0},{"id":47,"peso":4},{"id":87,"peso":12},{"id":19,"peso":2},{"id":44,"peso":14},{"id":109,"peso":12},{"id":101,"peso":1},{"id":68,"peso":12},{"id":9,"peso":11},{"id":12,"peso":1},{"id":162,"peso":15},{"id":120,"peso":16},{"id":198,"peso":12},{"id":14,"peso":16},{"id":184,"peso":17},{"id":138,"peso":11},{"id":140,"peso":2},{"id":183,"peso":4},{"id":112,"peso":5},{"id":73,"peso":13},{"id":154,"peso":20},{"id":178,"peso":17},{"id":191,"peso":2},{"id":25,"peso":15},{"id":10,"peso":9},{"id":106,"peso":15},{"id":181,"peso":18},{"id":50,"peso":14},{"id":84,"peso":14},{"id":136,"peso":9},{"id":82,"peso":6},{"id":66,"peso":8},{"id":103,"peso":0},{"id":151,"peso":16},{"id":113,"peso":15},{"id":137,"peso":15},{"id":83,"peso":19},{"id":80,"peso":12},{"id":46,"peso":14},{"id":168,"peso":4},{"id":156,"peso":20},{"id":148,"peso":15},{"id":65,"peso":5},{"id":31,"peso":5},{"id":17,"peso":0},{"id":104,"peso":17},{"id":133,"peso":13},{"id":72,"peso":2},{"id":43,"peso":17},{"id":129,"peso":13},{"id":127,"peso":0},{"id":166,"peso":12},{"id":55,"peso":2},{"id":194,"peso":4},{"id":34,"peso":11},{"id":24,"peso":19},{"id":45,"peso":2},{"id":160,"peso":6},{"id":179,"peso":5},{"id":90,"peso":4},{"id":180,"peso":19},{"id":170,"peso":2},{"id":131,"peso":20},{"id":186,"peso":1},{"id":167,"peso":12},{"id":76,"peso":10},{"id":175,"peso":15},{"id":61,"peso":8},{"id":5,"peso":9},{"id":11,"peso":0},{"id":187,"peso":18},{"id":142,"peso":10},{"id":149,"peso":1},{"id":13,"peso":11},{"id":53,"peso":8},{"id":74,"peso":10},{"id":114,"peso":6},{"id":23,"peso":17},{"id":20,"peso":2},{"id":128,"peso":3},{"id":134,"peso":3}]}