{"docente":{"nome":"Adriana","departamento":"IF","id":1394},"atividades":[{"id":77,"peso":9},{"id":166,"peso":9},{"id":22,"peso":4},{"id":71,"peso":0},{"id":45,"peso":5},{"id":123,"peso":12},{"id":109,"peso":9},{"id":185,"peso":19},{"id":149,"peso":0},{"id":11,"peso":0},{"id":146,"peso":14},{"id":186,"peso":11},{"id":182,"peso":19},{"id":181,"peso":2},{"id":39,"peso":5},{"id":187,"peso":0},{"id":183,"peso":10},{"id":99,"peso":14},{"id":62,"peso":6},{"id":141,"peso":11},{"id":130,"peso":5},{"id":103,"peso":13},{"id":110,"peso":19},{"id":174,"peso":9},{"id":55,"peso":15},{"id":133,"peso":16},{"id":65,"peso":6},{"id":4,"peso":17},{"id":47,"peso":7},{"id":119,"peso":18},{"id":192,"peso":0},{"id":6,"peso":19},{"id":26,"peso":13},{"id":198,"peso":20},{"id":165,"peso":12},{"id":32,"peso":19},{"id":120,"peso":9},{"id":88,"peso":16},{"id":25,"peso":18},{"id":175,"peso":6},{"id":172,"peso":19},{"id":85,"peso":6},{"id":44,"peso":3},{"id":159,"peso":14},{"id":162,"peso":4},{"id":33,"peso":1},{"id":145,"peso":13},{"id":19,"peso":11},{"id":178,"peso":20},{"id":66,"peso":3},{"id":152,"peso":10},{"id":171,"peso":18},{"id":150,"peso":2},{"id":73,"peso":6},{"id":21,"peso":19},{"id":92,"peso":13},{"id":10,"peso":4},{"id":104,"peso":13},{"id":9,"peso":18},{"id":167,"peso":20},{"id":83,"peso":19},{"id":107,"peso":19},{"id":81,"peso":19},{"id":180,"peso":2},{"id":195,"peso":8},{"id":124,"peso":2},{"id":188,"peso":5},{"id":143,"peso":19},{"id":2,"peso":17},{"id":105,"peso":5},{"id":191,"peso":4},{"id":154,"peso":0},{"id":106,"peso":10},{"id":193,"peso":18},{"id":70,"peso":10},{"id":3,"peso":4},{"id":170,"peso":16},{"id":122,"peso":14},{"id":153,"peso":12}]}