{"docente":{"nome":"Ingrid","departamento":"FIC","id":1000},"atividades":[{"id":99,"peso":10},{"id":70,"peso":6},{"id":167,"peso":4},{"id":85,"peso":16},{"id":110,"peso":10},{"id":138,"peso":15},{"id":47,"peso":6},{"id":166,"peso":7},{"id":16,"peso":11},{"id":82,"peso":0},{"id":40,"peso":6},{"id":101,"peso":1},{"id":168,"peso":20},{"id":103,"peso":10},{"id":34,"peso":14},{"id":189,"peso":2},{"id":197,"peso":15},{"id":84,"peso":2},{"id":152,"peso":9},{"id":179,"peso":18},{"id":51,"peso":3},{"id":42,"peso":7},{"id":127,"peso":3},{"id":182,"peso":4},{"id":126,"peso":12},{"id":183,"peso":14},{"id":193,"peso":15},{"id":46,"peso":10},{"id":142,"peso":1},{"id":139,"peso":7},{"id":180,"peso":16},{"id":155,"peso":9},{"id":111,"peso":9},{"id":17,"peso":8},{"id":52,"peso":14},{"id":173,"peso":13},{"id":187,"peso":0},{"id":140,"peso":5},{"id":143,"peso":6},{"id":15,"peso":7},{"id":90,"peso":7},{"id":134,"peso":6},{"id":44,"peso":4},{"id":37,"peso":20},{"id":141,"peso":11},{"id":23,"peso":11},{"id":137,"peso":7},{"id":24,"peso":1},{"id":107,"peso":7},{"id":12,"peso":6},{"id":174,"peso":5},{"id":78,"peso":10},{"id":71,"peso":5},{"id":158,"peso":18},{"id":43,"peso":11},{"id":28,"peso":9},{"id":35,"peso":15},{"id":67,"peso":1},{"id":125,"peso":20},{"id":131,"peso":19},{"id":80,"peso":12},{"id":27,"peso":3},{"id":129,"peso":20},{"id":95,"peso":3},{"id":161,"peso":0},{"id":4,"peso":5},{"id":13,"peso":9},{"id":115,"peso":4},{"id":136,"peso":11},{"id":118,"peso":18},{"id":175,"peso":2},{"id":83,"peso":19},{"id":104,"peso":2},{"id":81,"peso":1},{"id":148,"peso":10},{"id":21,"peso":7},{"id":38,"peso":5},{"id":45,"peso":10},{"id":14,"peso":2},{"id":122,"peso":12}]}