{"docente":{"nome":"Marcelo","departamento":"ICB","id":1380},"atividades":[{"id":116,"peso":20},{"id":191,"peso":15},{"id":134,"peso":7},{"id":159,"peso":13},{"id":67,"peso":14},{"id":69,"peso":1},{"id":26,"peso":2},{"id":95,"peso":13},{"id":11,"peso":13},{"id":76,"peso":9},{"id":71,"peso":16},{"id":35,"peso":17},{"id":34,"peso":6},{"id":97,"peso":16},{"id":176,"peso":2},{"id":124,"peso":17},{"id":142,"peso":4},{"id":93,"peso":17},{"id":167,"peso":17},{"id":89,"peso":0},{"id":33,"peso":20},{"id":181,"peso":0},{"id":185,"peso":18},{"id":169,"peso":13},{"id":10,"peso":1},{"id":52,"peso":17},{"id":17,"peso":17},{"id":22,"peso":5},{"id":49,"peso":6},{"id":31,"peso":10},{"id":90,"peso":18},{"id":7,"peso":7},{"id":112,"peso":11},{"id":65,"peso":4},{"id":43,"peso":5},{"id":117,"peso":14},{"id":113,"peso":4},{"id":30,"peso":3},{"id":59,"peso":2},{"id":46,"peso":11},{"id":107,"peso":0},{"id":39,"peso":7},{"id":66,"peso":2},{"id":25,"peso":11},{"id":86,"peso":12},{"id":196,"peso":5},{"id":197,"peso":3},{"id":190,"peso":10},{"id":51,"peso":8},{"id":173,"peso":5},{"id":115,"peso":19},{"id":122,"peso":15},{"id":171,"peso":1},{"id":194,"peso":2},{"id":36,"peso":14},{"id":130,"peso":16},{"id":101,"peso":9},{"id":160,"peso":18},{"id":32,"peso":15},{"id":186,"peso":2},{"id":4,"peso":6},{"id":82,"peso":17},{"id":45,"peso":12},{"id":156,"peso":3},{"id":19,"peso":2},{"id":138,"peso":11},{"id":85,"peso":6},{"id":27,"peso":1},{"id":135,"peso":10},{"id":133,"peso":2},{"id":79,"peso":6},{"id":96,"peso":7},{"id":47,"peso":3},{"id":14,"peso":0},{"id":151,"peso":13},{"id":83,"peso":7},{"id":150,"peso":18},{"id":165,"peso":2}]}