{"docente":{"nome":"Marcelo","departamento":"FEF","id":1309},"atividades":[{"id":19,"peso":0},{"id":6,"peso":8},{"id":183,"peso":9},{"id":8,"peso":0},{"id":198,"peso":14},{"id":39,"peso":17},{"id":62,"peso":12},{"id":5,"peso":10},{"id":117,"peso":2},{"id":91,"peso":18},{"id":149,"peso":19},{"id":148,"peso":5},{"id":71,"peso":10},{"id":125,"peso":14},{"id":182,"peso":19},{"id":76,"peso":7},{"id":195,"peso":6},{"id":60,"peso":9},{"id":174,"peso":17},{"id":68,"peso":1},{"id":104,"peso":1},{"id":75,"peso":16},{"id":10,"peso":14},{"id":113,"peso":14},{"id":11,"peso":14},{"id":16,"peso":8},{"id":31,"peso":18},{"id":192,"peso":0},{"id":141,"peso":16},{"id":134,"peso":14},{"id":184,"peso":12},{"id":111,"peso":3},{"id":103,"peso":18},{"id":169,"peso":10},{"id":124,"peso":15},{"id":130,"peso":6},{"id":27,"peso":15},{"id":56,"peso":19},{"id":93,"peso":13},{"id":100,"peso":15},{"id":50,"peso":12},{"id":81,"peso":15},{"id":40,"peso":14},{"id":152,"peso":20},{"id":133,"peso":7},{"id":189,"peso":12},{"id":136,"peso":19},{"id":45,"peso":0},{"id":99,"peso":14},{"id":160,"peso":16},{"id":165,"peso":20},{"id":21,"peso":19},{"id":86,"peso":17},{"id":164,"peso":7},{"id":153,"peso":11},{"id":177,"peso":7},{"id":109,"peso":18},{"id":170,"peso":4},{"id":52,"peso":4},{"id":196,"peso":10},{"id":20,"peso":16},{"id":63,"peso":2},{"id":110,"peso":0},{"id":147,"peso":9},{"id":1,"peso":4},{"id":154,"peso":1},{"id":82,"peso":16},{"id":55,"peso":0},{"id":94,"peso":6},{"id":22,"peso":16},{"id":194,"peso":8},{"id":43,"peso":7},{"id":49,"peso":3},{"id":144,"peso":16},{"id":13,"peso":16},{"id":25,"peso":14},{"id":127,"peso":16},{"id":116,"peso":19},{"id":34,"peso":1}]}