{"docente":{"nome":"Marcelo","departamento":"IF","id":1013},"atividades":[{"id":129,"peso":16},{"id":110,"peso":4},{"id":24,"peso":15},{"id":73,"peso":20},{"id":165,"peso":19},{"id":65,"peso":15},{"id":191,"peso":18},{"id":198,"peso":4},{"id":185,"peso":1},{"id":35,"peso":4},{"id":116,"peso":3},{"id":174,"peso":18},{"id":3,"peso":0},{"id":101,"peso":7},{"id":155,"peso":4},{"id":149,"peso":6},{"id":49,"peso":6},{"id":84,"peso":17},{"id":100,"peso":17},{"id":59,"peso":16},{"id":164,"peso":14},{"id":196,"peso":10},{"id":15,"peso":13},{"id":48,"peso":14},{"id":34,"peso":7},{"id":30,"peso":8},{"id":81,"peso":8},{"id":70,"peso":12},{"id":119,"peso":15},{"id":54,"peso":17},{"id":148,"peso":1},{"id":8,"peso":11},{"id":141,"peso":6},{"id":112,"peso":14},{"id":85,"peso":6},{"id":189,"peso":1},{"id":128,"peso":17},{"id":111,"peso":20},{"id":144,"peso":1},{"id":86,"peso":1},{"id":125,"peso":0},{"id":6,"peso":20},{"id":57,"peso":7},{"id":135,"peso":11},{"id":10,"peso":10},{"id":142,"peso":8},{"id":88,"peso":13},{"id":9,"peso":20},{"id":16,"peso":10},{"id":68,"peso":4},{"id":187,"peso":6},{"id":193,"peso":0},{"id":45,"peso":4},{"id":105,"peso":4},{"id":130,"peso":17},{"id":7,"peso":5},{"id":13,"peso":11},{"id":69,"peso":8},{"id":91,"peso":15},{"id":46,"peso":12},{"id":12,"peso":5},{"id":62,"peso":2},{"id":178,"peso":20},{"id":183,"peso":12},{"id":71,"peso":16},{"id":115,"peso":11},{"id":96,"peso":11},{"id":89,"peso":5},{"id":117,"peso":16},{"id":39,"peso":1},{"id":107,"peso":7},{"id":169,"peso":12},{"id":134,"peso":14},{"id":20,"peso":7},{"id":23,"peso":9},{"id":66,"peso":4},{"id":41,"peso":16},{"id":132,"peso":20},{"id":32,"peso":13},{"id":120,"peso":3},{"id":2,"peso":2},{"id":150,"peso":3}]}