{"docente":{"nome":"Karla","departamento":"FEF","id":1103},"atividades":[{"id":185,"peso":6},{"id":17,"peso":20},{"id":56,"peso":9},{"id":43,"peso":8},{"id":75,"peso":18},{"id":81,"peso":4},{"id":187,"peso":8},{"id":65,"peso":20},{"id":157,"peso":19},{"id":184,"peso":11},{"id":196,"peso":15},{"id":151,"peso":20},{"id":155,"peso":19},{"id":82,"peso":11},{"id":83,"peso":5},{"id":86,"peso":19},{"id":193,"peso":8},{"id":131,"peso":10},{"id":142,"peso":20},{"id":13,"peso":19},{"id":181,"peso":0},{"id":21,"peso":6},{"id":22,"peso":17},{"id":41,"peso":11},{"id":144,"peso":15},{"id":135,"peso":15},{"id":59,"peso":0},{"id":57,"peso":2},{"id":55,"peso":4},{"id":172,"peso":10},{"id":167,"peso":10},{"id":164,"peso":0},{"id":52,"peso":9},{"id":76,"peso":0},{"id":19,"peso":13},{"id":79,"peso":7},{"id":166,"peso":19},{"id":189,"peso":15},{"id":108,"peso":6},{"id":20,"peso":20},{"id":46,"peso":12},{"id":156,"peso":14},{"id":179,"peso":2},{"id":33,"peso":7},{"id":64,"peso":18},{"id":122,"peso":17},{"id":67,"peso":6},{"id":94,"peso":8},{"id":45,"peso":14},{"id":99,"peso":3},{"id":106,"peso":20},{"id":11,"peso":11},{"id":170,"peso":17},{"id":93,"peso":20},{"id":147,"peso":9},{"id":114,"peso":2},{"id":111,"peso":8},{"id":140,"peso":20},{"id":128,"peso":9},{"id":116,"peso":18},{"id":112,"peso":3},{"id":63,"peso":0},{"id":130,"peso":14},{"id":16,"peso":9},{"id":115,"peso":11},{"id":176,"peso":8},{"id":104,"peso":8},{"id":5,"peso":12},{"id":107,"peso":19},{"id":134,"peso":1},{"id":191,"peso":5},{"id":154,"peso":5},{"id":165,"peso":0},{"id":84,"peso":19},{"id":101,"peso":9},{"id":192,"peso":12},{"id":143,"peso":3},{"id":183,"peso":18},{"id":38,"peso":8},{"id":109,"peso":15},{"id":4,"peso":20},{"id":126,"peso":6},{"id":178,"peso":6}]}