{"docente":{"nome":"Adriana","departamento":"INF","id":1379},"atividades":[{"id":144,"peso":15},{"id":88,"peso":19},{"id":98,"peso":15},{"id":31,"peso":15},{"id":87,"peso":3},{"id":150,"peso":5},{"id":35,"peso":1},{"id":140,"peso":6},{"id":122,"peso":13},{"id":180,"peso":20},{"id":56,"peso":7},{"id":182,"peso":10},{"id":79,"peso":11},{"id":161,"peso":3},{"id":193,"peso":19},{"id":145,"peso":4},{"id":69,"peso":7},{"id":74,"peso":0},{"id":125,"peso":9},{"id":91,"peso":17},{"id":186,"peso":5},{"id":133,"peso":0},{"id":153,"peso":13},{"id":22,"peso":0},{"id":32,"peso":20},{"id":42,"peso":9},{"id":168,"peso":13},{"id":93,"peso":8},{"id":26,"peso":17},{"id":83,"peso":14},{"id":129,"peso":17},{"id":14,"peso":0},{"id":28,"peso":0},{"id":170,"peso":8},{"id":95,"peso":5},{"id":118,"peso":4},{"id":163,"peso":6},{"id":142,"peso":12},{"id":147,"peso":8},{"id":100,"peso":16},{"id":68,"peso":4},{"id":29,"peso":11},{"id":124,"peso":20},{"id":61,"peso":8},{"id":189,"peso":10},{"id":106,"peso":2},{"id":10,"peso":0},{"id":103,"peso":18},{"id":37,"peso":11},{"id":96,"peso":11},{"id":80,"peso":8},{"id":158,"peso":4},{"id":59,"peso":8},{"id":197,"peso":17},{"id":194,"peso":19},{"id":159,"peso":8},{"id":13,"peso":14},{"id":34,"peso":5},{"id":17,"peso":14},{"id":108,"peso":3},{"id":54,"peso":14},{"id":152,"peso":17},{"id":11,"peso":1},{"id":67,"peso":13},{"id":149,"peso":3},{"id":160,"peso":17},{"id":195,"peso":9},{"id":51,"peso":17},{"id":137,"peso":19},{"id":66,"peso":12},{"id":70,"peso":8},{"id":112,"peso":8},{"id":64,"peso":16},{"id":190,"peso":7},{"id":75,"peso":15},{"id":102,"peso":20},{"id":9,"peso":20},{"id":154,"peso":7},{"id":52,"peso":9},{"id":92,"peso":11},{"id":176,"peso":8}]}