{"docente":{"nome":"Karla","departamento":"INF","id":1004},"atividades":[{"id":18,"peso":7},{"id":45,"peso":15},{"id":175,"peso":12},{"id":172,"peso":10},{"id":13,"peso":2},{"id":101,"peso":5},{"id":7,"peso":11},{"id":5,"peso":0},{"id":192,"peso":16},{"id":185,"peso":4},{"id":87,"peso":11},{"id":145,"peso":9},{"id":155,"peso":17},{"id":39,"peso":8},{"id":102,"peso":16},{"id":32,"peso":13},{"id":49,"peso":1},{"id":3,"peso":11},{"id":54,"peso":12},{"id":76,"peso":9},{"id":183,"peso":8},{"id":11,"peso":18},{"id":150,"peso":20},{"id":52,"peso":12},{"id":112,"peso":13},{"id":174,"peso":17},{"id":124,"peso":16},{"id":194,"peso":3},{"id":79,"peso":19},{"id":72,"peso":7},{"id":132,"peso":1},{"id":41,"peso":0},{"id":61,"peso":20},{"id":71,"peso":18},{"id":84,"peso":6},{"id":85,"peso":7},{"id":43,"peso":5},{"id":123,"peso":0},{"id":127,"peso":20},{"id":169,"peso":11},{"id":37,"peso":20},{"id":38,"peso":4},{"id":29,"peso":4},{"id":186,"peso":14},{"id":171,"peso":14},{"id":47,"peso":3},{"id":196,"peso":3},{"id":161,"peso":17},{"id":177,"peso":0},{"id":9,"peso":15},{"id":136,"peso":1},{"id":119,"peso":8},{"id":86,"peso":2},{"id":147,"peso":5},{"id":98,"peso":5},{"id":81,"peso":2},{"id":42,"peso":1},{"id":99,"peso":8},{"id":117,"peso":15},{"id":116,"peso":9},{"id":141,"peso":15},{"id":74,"peso":4},{"id":128,"peso":9},{"id":139,"peso":18},{"id":142,"peso":15},{"id":48,"peso":15},{"id":73,"peso":17},{"id":191,"peso":10},{"id":63,"peso":5},{"id":27,"peso":15},{"id":180,"peso":20},{"id":14,"peso":8},{"id":78,"peso":8},{"id":16,"peso":12},{"id":8,"peso":13},{"id":21,"peso":8},{"id":158,"peso":1}]}