{"docente":{"nome":"Karla","departamento":"ICB","id":1085},"atividades":[{"id":173,"peso":5},{"id":186,"peso":9},{"id":68,"peso":17},{"id":67,"peso":5},{"id":143,"peso":18},{"id":9,"peso":0},{"id":34,"peso":20},{"id":64,"peso":14},{"id":30,"peso":0},{"id":105,"peso":3},{"id":73,"peso":16},{"id":72,"peso":15},{"id":83,"peso":17},{"id":11,"peso":9},{"id":190,"peso":6},{"id":163,"peso":4},{"id":125,"peso":6},{"id":41,"peso":11},{"id":97,"peso":4},{"id":124,"peso":6},{"id":144,"peso":6},{"id":94,"peso":15},{"id":60,"peso":9},{"id":148,"peso":18},{"id":58,"peso":19},{"id":96,"peso":3},{"id":171,"peso":13},{"id":98,"peso":18},{"id":119,"peso":3},{"id":100,"peso":18},{"id":180,"peso":3},{"id":19,"peso":14},{"id":101,"peso":8},{"id":24,"peso":8},{"id":91,"peso":20},{"id":62,"peso":16},{"id":169,"peso":20},{"id":179,"peso":15},{"id":181,"peso":0},{"id":111,"peso":7},{"id":194,"peso":16},{"id":8,"peso":14},{"id":151,"peso":1},{"id":141,"peso":14},{"id":25,"peso":19},{"id":153,"peso":11},{"id":164,"peso":12},{"id":130,"peso":18},{"id":7,"peso":17},{"id":29,"peso":3},{"id":87,"peso":1},{"id":99,"peso":5},{"id":82,"peso":4},{"id":154,"peso":9},{"id":80,"peso":18},{"id":122,"peso":10},{"id":140,"peso":1},{"id":22,"peso":20},{"id":137,"peso":0},{"id":192,"peso":8},{"id":176,"peso":10},{"id":21,"peso":15},{"id":175,"peso":17},{"id":115,"peso":5},{"id":132,"peso":20},{"id":178,"peso":17},{"id":6,"peso":6},{"id":88,"peso":3},{"id":104,"peso":16},{"id":81,"peso":5},{"id":131,"peso":2},{"id":152,"peso":3},{"id":142,"peso":15},{"id":50,"peso":16},{"id":149,"peso":9},{"id":138,"peso":15},{"id":40,"peso":8},{"id":63,"peso":9},{"id":195,"peso":3}]}