{"docente":{"nome":"Ingrid","departamento":"FEF","id":1010},"atividades":[{"id":78,"peso":10},{"id":138,"peso":20},{"id":173,"peso":5},{"id":139,"peso":11},{"id":88,"peso":20},{"id":193,"peso":7},{"id":36,"peso":11},{"id":97,"peso":14},{"id":192,"peso":13},{"id":52,"peso":11},{"id":197,"peso":11},{"id":103,"peso":5},{"id":116,"peso":10},{"id":101,"peso":5},{"id":135,"peso":20},{"id":68,"peso":1},{"id":176,"peso":10},{"id":28,"peso":12},{"id":86,"peso":5},{"id":13,"peso":17},{"id":188,"peso":19},{"id":21,"peso":10},{"id":164,"peso":2},{"id":73,"peso":15},{"id":130,"peso":12},{"id":45,"peso":7},{"id":16,"peso":17},{"id":85,"peso":8},{"id":47,"peso":7},{"id":179,"peso":12},{"id":191,"peso":2},{"id":69,"peso":14},{"id":80,"peso":9},{"id":149,"peso":18},{"id":119,"peso":1},{"id":156,"peso":16},{"id":134,"peso":18},{"id":64,"peso":5},{"id":126,"peso":6},{"id":24,"peso":9},{"id":39,"peso":11},{"id":19,"peso":3},{"id":3,"peso":10},{"id":115,"peso":7},{"id":189,"peso":0},{"id":37,"peso":0},{"id":67,"peso":5},{"id":98,"peso":17},{"id":38,"peso":9},{"id":72,"peso":20},{"id":163,"peso":11},{"id":166,"peso":1},{"id":159,"peso":2},{"id":180,"peso":10},{"id":183,"peso":14},{"id":196,"peso":1},{"id":94,"peso":1},{"id":195,"peso":19},{"id":95,"peso":10},{"id":152,"peso":3},{"id":154,"peso":13},{"id":43,"peso":18},{"id":82,"peso":4},{"id":187,"peso":4},{"id":185,"peso":2},{"id":158,"peso":2},{"id":33,"peso":19},{"id":171,"peso":15},{"id":17,"peso":3},{"id":20,"peso":10},{"id":30,"peso":16},{"id":132,"peso":8},{"id":2,"peso":17},{"id":91,"peso":17},{"id":170,"peso":1},{"id":32,"peso":2}]}