{"docente":{"nome":"Ana","departamento":"IQ","id":1390},"atividades":[{"id":180,"peso":16},{"id":36,"peso":5},{"id":86,"peso":19},{"id":110,"peso":19},{"id":156,"peso":7},{"id":175,"peso":15},{"id":20,"peso":10},{"id":90,"peso":10},{"id":94,"peso":11},{"id":89,"peso":10},{"id":66,"peso":6},{"id":107,"peso":3},{"id":32,"peso":10},{"id":121,"peso":11},{"id":140,"peso":15},{"id":101,"peso":12},{"id":119,"peso":10},{"id":1,"peso":7},{"id":169,"peso":14},{"id":129,"peso":14},{"id":111,"peso":14},{"id":173,"peso":15},{"id":24,"peso":0},{"id":98,"peso":3},{"id":96,"peso":9},{"id":55,"peso":18},{"id":155,"peso":12},{"id":54,"peso":16},{"id":52,"peso":11},{"id":142,"peso":9},{"id":81,"peso":5},{"id":76,"peso":4},{"id":77,"peso":13},{"id":154,"peso":6},{"id":187,"peso":11},{"id":18,"peso":4},{"id":144,"peso":17},{"id":9,"peso":13},{"id":97,"peso":7},{"id":73,"peso":15},{"id":30,"peso":17},{"id":58,"peso":2},{"id":13,"peso":19},{"id":12,"peso":12},{"id":168,"peso":10},{"id":61,"peso":14},{"id":190,"peso":10},{"id":4,"peso":18},{"id":197,"peso":8},{"id":91,"peso":1},{"id":19,"peso":18},{"id":39,"peso":16},{"id":141,"peso":0},{"id":124,"peso":18},{"id":15,"peso":20},{"id":134,"peso":4},{"id":135,"peso":16},{"id":84,"peso":11},{"id":159,"peso":6},{"id":43,"peso":17},{"id":35,"peso":20},{"id":6,"peso":5},{"id":78,"peso":5},{"id":147,"peso":14},{"id":116,"peso":10},{"id":7,"peso":13},{"id":136,"peso":11},{"id":44,"peso":20},{"id":157,"peso":7},{"id":85,"peso":20},{"id":63,"peso":6},{"id":131,"peso":0},{"id":99,"peso":6},{"id":48,"peso":0},{"id":8,"peso":14},{"id":113,"peso":18},{"id":166,"peso":9},{"id":16,"peso":20},{"id":130,"peso":0}]}