{"docente":{"nome":"Auri","departamento":"INF","id":1263},"atividades":[{"id":116,"peso":18},{"id":104,"peso":16},{"id":159,"peso":17},{"id":107,"peso":16},{"id":140,"peso":14},{"id":23,"peso":14},{"id":60,"peso":6},{"id":171,"peso":13},{"id":46,"peso":12},{"id":96,"peso":11},{"id":145,"peso":1},{"id":59,"peso":12},{"id":42,"peso":11},{"id":164,"peso":2},{"id":81,"peso":1},{"id":184,"peso":17},{"id":183,"peso":0},{"id":174,"peso":14},{"id":35,"peso":20},{"id":129,"peso":16},{"id":103,"peso":15},{"id":195,"peso":5},{"id":55,"peso":12},{"id":93,"peso":0},{"id":124,"peso":11},{"id":105,"peso":13},{"id":192,"peso":13},{"id":67,"peso":6},{"id":147,"peso":19},{"id":71,"peso":17},{"id":33,"peso":5},{"id":87,"peso":12},{"id":83,"peso":17},{"id":197,"peso":9},{"id":182,"peso":5},{"id":97,"peso":5},{"id":188,"peso":9},{"id":98,"peso":13},{"id":17,"peso":0},{"id":163,"peso":11},{"id":161,"peso":6},{"id":3,"peso":2},{"id":64,"peso":7},{"id":151,"peso":17},{"id":118,"peso":4},{"id":179,"peso":13},{"id":131,"peso":10},{"id":120,"peso":14},{"id":112,"peso":15},{"id":57,"peso":18},{"id":119,"peso":12},{"id":123,"peso":11},{"id":135,"peso":5},{"id":138,"peso":11},{"id":54,"peso":20},{"id":117,"peso":5},{"id":158,"peso":3},{"id":65,"peso":5},{"id":155,"peso":13},{"id":114,"peso":13},{"id":11,"peso":1},{"id":156,"peso":4},{"id":150,"peso":3},{"id":76,"peso":5},{"id":177,"peso":8},{"id":4,"peso":2},{"id":44,"peso":0},{"id":40,"peso":14},{"id":136,"peso":3},{"id":180,"peso":15},{"id":125,"peso":1},{"id":173,"peso":1},{"id":157,"peso":19},{"id":190,"peso":5},{"id":28,"peso":14},{"id":185,"peso":9},{"id":102,"peso":13},{"id":6,"peso":4},{"id":18,"peso":8},{"id":21,"peso":9},{"id":38,"peso":7}]}