{"docente":{"nome":"Iasmin","departamento":"ICB","id":1120},"atividades":[{"id":73,"peso":15},{"id":187,"peso":6},{"id":134,"peso":0},{"id":58,"peso":8},{"id":159,"peso":13},{"id":6,"peso":6},{"id":17,"peso":3},{"id":4,"peso":10},{"id":1,"peso":5},{"id":22,"peso":9},{"id":19,"peso":3},{"id":67,"peso":4},{"id":128,"peso":7},{"id":14,"peso":12},{"id":38,"peso":6},{"id":162,"peso":14},{"id":154,"peso":12},{"id":178,"peso":15},{"id":75,"peso":13},{"id":100,"peso":6},{"id":173,"peso":14},{"id":182,"peso":18},{"id":183,"peso":12},{"id":69,"peso":10},{"id":112,"peso":6},{"id":32,"peso":5},{"id":53,"peso":15},{"id":11,"peso":8},{"id":103,"peso":6},{"id":46,"peso":11},{"id":171,"peso":16},{"id":43,"peso":15},{"id":197,"peso":3},{"id":83,"peso":6},{"id":90,"peso":4},{"id":87,"peso":8},{"id":84,"peso":12},{"id":172,"peso":10},{"id":85,"peso":12},{"id":155,"peso":8},{"id":78,"peso":7},{"id":152,"peso":11},{"id":181,"peso":3},{"id":45,"peso":12},{"id":150,"peso":6},{"id":168,"peso":13},{"id":133,"peso":0},{"id":141,"peso":4},{"id":77,"peso":13},{"id":98,"peso":19},{"id":96,"peso":7},{"id":59,"peso":13},{"id":20,"peso":4},{"id":174,"peso":12},{"id":123,"peso":18},{"id":33,"peso":10},{"id":34,"peso":13},{"id":50,"peso":1},{"id":115,"peso":6},{"id":97,"peso":12},{"id":119,"peso":10},{"id":131,"peso":4},{"id":95,"peso":11},{"id":175,"peso":7},{"id":27,"peso":10},{"id":122,"peso":14},{"id":114,"peso":14},{"id":94,"peso":13},{"id":190,"peso":17},{"id":71,"peso":8},{"id":49,"peso":0},{"id":126,"peso":11},{"id":125,"peso":9},{"id":186,"peso":9},{"id":41,"peso":7},{"id":166,"peso":3},{"id":188,"peso":1},{"id":145,"peso":14},{"id":191,"peso":10},{"id":105,"peso":6}]}