{"docente":{"nome":"Henrique","departamento":"ICB","id":1327},"atividades":[{"id":62,"peso":6},{"id":191,"peso":13},{"id":129,"peso":13},{"id":118,"peso":16},{"id":40,"peso":15},{"id":29,"peso":16},{"id":44,"peso":15},{"id":31,"peso":12},{"id":147,"peso":15},{"id":70,"peso":15},{"id":131,"peso":7},{"id":126,"peso":3},{"id":116,"peso":12},{"id":84,"peso":9},{"id":14,"peso":18},{"id":153,"peso":13},{"id":52,"peso":14},{"id":172,"peso":20},{"id":102,"peso":20},{"id":108,"peso":17},{"id":162,"peso":1},{"id":186,"peso":6},{"id":58,"peso":8},{"id":130,"peso":7},{"id":194,"peso":19},{"id":179,"peso":14},{"id":164,"peso":18},{"id":68,"peso":15},{"id":158,"peso":16},{"id":43,"peso":10},{"id":96,"peso":13},{"id":114,"peso":14},{"id":74,"peso":0},{"id":196,"peso":17},{"id":54,"peso":5},{"id":132,"peso":7},{"id":117,"peso":15},{"id":36,"peso":0},{"id":93,"peso":17},{"id":100,"peso":20},{"id":67,"peso":10},{"id":156,"peso":20},{"id":3,"peso":12},{"id":141,"peso":12},{"id":13,"peso":6},{"id":128,"peso":0},{"id":119,"peso":17},{"id":46,"peso":16},{"id":85,"peso":3},{"id":109,"peso":8},{"id":24,"peso":16},{"id":9,"peso":5},{"id":123,"peso":16},{"id":64,"peso":6},{"id":49,"peso":13},{"id":115,"peso":20},{"id":48,"peso":18},{"id":197,"peso":10},{"id":10,"peso":18},{"id":76,"peso":18},{"id":139,"peso":12},{"id":51,"peso":19},{"id":107,"peso":1},{"id":154,"peso":6},{"id":133,"peso":0},{"id":144,"peso":8},{"id":60,"peso":2},{"id":177,"peso":15},{"id":32,"peso":14},{"id":55,"peso":3},{"id":168,"peso":5},{"id":72,"peso":15},{"id":111,"peso":15},{"id":188,"peso":16},{"id":120,"peso":2},{"id":2,"peso":5},{"id":180,"peso":16}]}