{"docente":{"nome":"Fabio","departamento":"INF","id":1098},"atividades":[{"id":124,"peso":13},{"id":167,"peso":14},{"id":141,"peso":15},{"id":24,"peso":4},{"id":17,"peso":6},{"id":171,"peso":19},{"id":192,"peso":14},{"id":196,"peso":3},{"id":162,"peso":7},{"id":9,"peso":14},{"id":118,"peso":8},{"id":89,"peso":15},{"id":94,"peso":13},{"id":187,"peso":4},{"id":155,"peso":13},{"id":138,"peso":8},{"id":66,"peso":19},{"id":19,"peso":12},{"id":147,"peso":17},{"id":152,"peso":12},{"id":173,"peso":13},{"id":191,"peso":4},{"id":79,"peso":8},{"id":64,"peso":8},{"id":7,"peso":3},{"id":113,"peso":10},{"id":132,"peso":4},{"id":172,"peso":8},{"id":119,"peso":9},{"id":148,"peso":12},{"id":144,"peso":6},{"id":129,"peso":13},{"id":185,"peso":6},{"id":48,"peso":15},{"id":178,"peso":13},{"id":151,"peso":2},{"id":145,"peso":7},{"id":127,"peso":4},{"id":44,"peso":0},{"id":46,"peso":7},{"id":83,"peso":13},{"id":35,"peso":17},{"id":56,"peso":11},{"id":85,"peso":9},{"id":99,"peso":10},{"id":65,"peso":10},{"id":177,"peso":13},{"id":194,"peso":14},{"id":12,"peso":2},{"id":128,"peso":8},{"id":57,"peso":4},{"id":51,"peso":9},{"id":69,"peso":13},{"id":131,"peso":10},{"id":174,"peso":1},{"id":175,"peso":11},{"id":136,"peso":10},{"id":37,"peso":11},{"id":130,"peso":0},{"id":137,"peso":6},{"id":146,"peso":4},{"id":96,"peso":4},{"id":188,"peso":5},{"id":161,"peso":14},{"id":102,"peso":5},{"id":75,"peso":4},{"id":34,"peso":19},{"id":54,"peso":10},{"id":150,"peso":13},{"id":114,"peso":5},{"id":21,"peso":10},{"id":97,"peso":6},{"id":101,"peso":7},{"id":121,"peso":20},{"id":18,"peso":2},{"id":29,"peso":5},{"id":181,"peso":11},{"id":86,"peso":4},{"id":176,"peso":0},{"id":163,"peso":18},{"id":1,"peso":16}]}