{"docente":{"nome":"Ingrid","departamento":"INF","id":1335},"atividades":[{"id":154,"peso":1},{"id":180,"peso":10},{"id":64,"peso":9},{"id":41,"peso":20},{"id":57,"peso":0},{"id":13,"peso":12},{"id":33,"peso":13},{"id":49,"peso":1},{"id":27,"peso":13},{"id":67,"peso":8},{"id":60,"peso":11},{"id":82,"peso":10},{"id":111,"peso":12},{"id":35,"peso":16},{"id":135,"peso":13},{"id":36,"peso":16},{"id":123,"peso":14},{"id":193,"peso":4},{"id":132,"peso":9},{"id":12,"peso":15},{"id":117,"peso":18},{"id":66,"peso":12},{"id":97,"peso":9},{"id":24,"peso":14},{"id":198,"peso":18},{"id":130,"peso":6},{"id":119,"peso":6},{"id":30,"peso":18},{"id":152,"peso":4},{"id":48,"peso":19},{"id":80,"peso":6},{"id":118,"peso":10},{"id":73,"peso":2},{"id":70,"peso":0},{"id":84,"peso":6},{"id":88,"peso":15},{"id":28,"peso":8},{"id":11,"peso":4},{"id":179,"peso":9},{"id":197,"peso":20},{"id":121,"peso":5},{"id":108,"peso":10},{"id":1,"peso":7},{"id":188,"peso":7},{"id":20,"peso":11},{"id":76,"peso":13},{"id":109,"peso":1},{"id":195,"peso":15},{"id":58,"peso":16},{"id":95,"peso":4},{"id":165,"peso":4},{"id":107,"peso":3},{"id":166,"peso":8},{"id":87,"peso":19},{"id":54,"peso":10},{"id":160,"peso":11},{"id":91,"peso":15},{"id":172,"peso":20},{"id":22,"peso":19},{"id":55,"peso":17},{"id":189,"peso":4},{"id":2,"peso":12},{"id":149,"peso":15},{"id":19,"peso":4},{"id":196,"peso":12},{"id":6,"peso":15},{"id":34,"peso":0},{"id":158,"peso":17},{"id":161,"peso":14},{"id":175,"peso":7},{"id":51,"peso":9},{"id":150,"peso":4},{"id":74,"peso":4}]}