{"docente":{"nome":"Ingrid","departamento":"FIC","id":1068},"atividades":[{"id":122,"peso":4},{"id":67,"peso":13},{"id":131,"peso":0},{"id":147,"peso":3},{"id":137,"peso":12},{"id":125,"peso":4},{"id":196,"peso":9},{"id":127,"peso":15},{"id":30,"peso":17},{"id":55,"peso":10},{"id":69,"peso":9},{"id":9,"peso":20},{"id":70,"peso":13},{"id":56,"peso":20},{"id":24,"peso":4},{"id":73,"peso":20},{"id":146,"peso":3},{"id":129,"peso":3},{"id":8,"peso":19},{"id":194,"peso":11},{"id":111,"peso":11},{"id":23,"peso":16},{"id":54,"peso":10},{"id":29,"peso":13},{"id":72,"peso":14},{"id":105,"peso":9},{"id":18,"peso":4},{"id":81,"peso":19},{"id":191,"peso":3},{"id":14,"peso":9},{"id":110,"peso":10},{"id":172,"peso":14},{"id":59,"peso":15},{"id":168,"peso":9},{"id":33,"peso":0},{"id":192,"peso":16},{"id":175,"peso":16},{"id":35,"peso":11},{"id":38,"peso":4},{"id":188,"peso":6},{"id":88,"peso":14},{"id":190,"peso":9},{"id":96,"peso":8},{"id":3,"peso":8},{"id":57,"peso":1},{"id":149,"peso":20},{"id":44,"peso":12},{"id":61,"peso":14},{"id":12,"peso":0},{"id":126,"peso":9},{"id":112,"peso":4},{"id":71,"peso":16},{"id":93,"peso":15},{"id":189,"peso":19},{"id":142,"peso":3},{"id":145,"peso":20},{"id":28,"peso":7},{"id":124,"peso":16},{"id":4,"peso":3},{"id":184,"peso":14},{"id":26,"peso":16},{"id":52,"peso":6},{"id":113,"peso":5},{"id":162,"peso":10},{"id":90,"peso":11},{"id":5,"peso":12},{"id":144,"peso":14},{"id":45,"peso":10},{"id":16,"peso":20},{"id":21,"peso":19},{"id":181,"peso":12},{"id":158,"peso":12},{"id":107,"peso":6},{"id":132,"peso":16},{"id":19,"peso":0}]}