{"docente":{"nome":"Pedro","departamento":"IF","id":1005},"atividades":[{"id":127,"peso":3},{"id":54,"peso":10},{"id":166,"peso":9},{"id":80,"peso":6},{"id":57,"peso":9},{"id":20,"peso":18},{"id":191,"peso":11},{"id":46,"peso":3},{"id":16,"peso":19},{"id":104,"peso":13},{"id":120,"peso":14},{"id":14,"peso":6},{"id":105,"peso":4},{"id":116,"peso":9},{"id":89,"peso":13},{"id":98,"peso":2},{"id":64,"peso":1},{"id":72,"peso":3},{"id":154,"peso":3},{"id":25,"peso":2},{"id":186,"peso":6},{"id":173,"peso":4},{"id":158,"peso":1},{"id":52,"peso":1},{"id":160,"peso":9},{"id":108,"peso":4},{"id":101,"peso":9},{"id":185,"peso":11},{"id":42,"peso":2},{"id":193,"peso":17},{"id":32,"peso":10},{"id":179,"peso":2},{"id":136,"peso":13},{"id":93,"peso":4},{"id":61,"peso":19},{"id":29,"peso":10},{"id":103,"peso":2},{"id":142,"peso":4},{"id":3,"peso":5},{"id":134,"peso":8},{"id":69,"peso":8},{"id":53,"peso":19},{"id":190,"peso":20},{"id":135,"peso":5},{"id":130,"peso":13},{"id":18,"peso":0},{"id":181,"peso":0},{"id":107,"peso":18},{"id":137,"peso":20},{"id":195,"peso":15},{"id":174,"peso":19},{"id":77,"peso":4},{"id":44,"peso":12},{"id":9,"peso":17},{"id":165,"peso":16},{"id":148,"peso":15},{"id":159,"peso":8},{"id":175,"peso":2},{"id":15,"peso":16},{"id":102,"peso":3},{"id":78,"peso":20},{"id":192,"peso":4},{"id":30,"peso":3},{"id":152,"peso":13},{"id":27,"peso":9},{"id":170,"peso":12},{"id":49,"peso":20},{"id":171,"peso":15},{"id":60,"peso":6},{"id":110,"peso":10},{"id":109,"peso":9},{"id":138,"peso":11},{"id":168,"peso":14},{"id":131,"peso":1},{"id":71,"peso":11}]}