{"docente":{"nome":"Marcelo","departamento":"IF","id":1206},"atividades":[{"id":112,"peso":20},{"id":157,"peso":9},{"id":128,"peso":2},{"id":69,"peso":20},{"id":107,"peso":12},{"id":22,"peso":15},{"id":146,"peso":12},{"id":83,"peso":8},{"id":113,"peso":2},{"id":40,"peso":3},{"id":11,"peso":17},{"id":125,"peso":14},{"id":122,"peso":4},{"id":90,"peso":9},{"id":137,"peso":5},{"id":198,"peso":17},{"id":48,"peso":11},{"id":108,"peso":4},{"id":91,"peso":2},{"id":38,"peso":16},{"id":169,"peso":2},{"id":102,"peso":20},{"id":181,"peso":9},{"id":164,"peso":9},{"id":97,"peso":1},{"id":99,"peso":12},{"id":82,"peso":6},{"id":2,"peso":3},{"id":5,"peso":0},{"id":150,"peso":2},{"id":26,"peso":13},{"id":154,"peso":20},{"id":39,"peso":14},{"id":138,"peso":3},{"id":103,"peso":15},{"id":95,"peso":16},{"id":120,"peso":13},{"id":51,"peso":0},{"id":45,"peso":1},{"id":186,"peso":3},{"id":197,"peso":6},{"id":10,"peso":2},{"id":63,"peso":3},{"id":121,"peso":9},{"id":110,"peso":13},{"id":65,"peso":14},{"id":35,"peso":3},{"id":161,"peso":11},{"id":94,"peso":8},{"id":114,"peso":19},{"id":28,"peso":20},{"id":71,"peso":18},{"id":49,"peso":9},{"id":73,"peso":20},{"id":156,"peso":13},{"id":70,"peso":4},{"id":117,"peso":16},{"id":105,"peso":10},{"id":163,"peso":17},{"id":79,"peso":5},{"id":192,"peso":11},{"id":132,"peso":3},{"id":43,"peso":2},{"id":85,"peso":12},{"id":33,"peso":1},{"id":159,"peso":12},{"id":127,"peso":14},{"id":134,"peso":18},{"id":4,"peso":6},{"id":100,"peso":5},{"id":139,"peso":4},{"id":93,"peso":6},{"id":84,"peso":2},{"id":42,"peso":2},{"id":62,"peso":3},{"id":193,"peso":8},{"id":191,"peso":2},{"id":174,"peso":12}]}