{"docente":{"nome":"Fabio","departamento":"ICB","id":1127},"atividades":[{"id":125,"peso":15},{"id":74,"peso":10},{"id":15,"peso":12},{"id":182,"peso":2},{"id":143,"peso":1},{"id":139,"peso":1},{"id":181,"peso":9},{"id":122,"peso":7},{"id":189,"peso":11},{"id":126,"peso":16},{"id":28,"peso":10},{"id":82,"peso":1},{"id":151,"peso":18},{"id":164,"peso":3},{"id":114,"peso":3},{"id":103,"peso":13},{"id":123,"peso":8},{"id":25,"peso":3},{"id":84,"peso":3},{"id":178,"peso":18},{"id":167,"peso":19},{"id":70,"peso":7},{"id":105,"peso":10},{"id":106,"peso":1},{"id":42,"peso":11},{"id":33,"peso":10},{"id":44,"peso":15},{"id":166,"peso":19},{"id":161,"peso":10},{"id":184,"peso":6},{"id":90,"peso":18},{"id":148,"peso":15},{"id":10,"peso":0},{"id":173,"peso":17},{"id":71,"peso":10},{"id":32,"peso":0},{"id":171,"peso":16},{"id":152,"peso":2},{"id":38,"peso":10},{"id":2,"peso":7},{"id":134,"peso":16},{"id":77,"peso":0},{"id":172,"peso":19},{"id":1,"peso":16},{"id":163,"peso":14},{"id":17,"peso":18},{"id":183,"peso":14},{"id":69,"peso":5},{"id":144,"peso":12},{"id":93,"peso":12},{"id":78,"peso":7},{"id":113,"peso":14},{"id":31,"peso":7},{"id":6,"peso":14},{"id":87,"peso":7},{"id":158,"peso":4},{"id":41,"peso":9},{"id":21,"peso":4},{"id":192,"peso":0},{"id":120,"peso":18},{"id":190,"peso":1},{"id":7,"peso":4},{"id":188,"peso":8},{"id":50,"peso":8},{"id":36,"peso":0},{"id":5,"peso":1},{"id":165,"peso":8},{"id":52,"peso":5},{"id":81,"peso":13},{"id":96,"peso":11},{"id":154,"peso":4},{"id":13,"peso":4},{"id":23,"peso":18},{"id":115,"peso":12},{"id":128,"peso":10},{"id":51,"peso":13},{"id":75,"peso":15},{"id":24,"peso":2}]}