{"docente":{"nome":"Karla","departamento":"ICB","id":1377},"atividades":[{"id":112,"peso":0},{"id":13,"peso":13},{"id":17,"peso":4},{"id":147,"peso":3},{"id":135,"peso":16},{"id":44,"peso":16},{"id":92,"peso":15},{"id":114,"peso":1},{"id":30,"peso":8},{"id":196,"peso":8},{"id":49,"peso":4},{"id":180,"peso":8},{"id":28,"peso":3},{"id":48,"peso":8},{"id":148,"peso":17},{"id":43,"peso":4},{"id":193,"peso":10},{"id":100,"peso":6},{"id":160,"peso":7},{"id":38,"peso":1},{"id":113,"peso":1},{"id":110,"peso":8},{"id":72,"peso":7},{"id":25,"peso":13},{"id":133,"peso":2},{"id":39,"peso":10},{"id":129,"peso":4},{"id":119,"peso":16},{"id":55,"peso":19},{"id":90,"peso":13},{"id":19,"peso":13},{"id":32,"peso":14},{"id":177,"peso":18},{"id":109,"peso":7},{"id":56,"peso":13},{"id":85,"peso":0},{"id":51,"peso":1},{"id":6,"peso":14},{"id":172,"peso":9},{"id":2,"peso":0},{"id":88,"peso":0},{"id":68,"peso":16},{"id":185,"peso":2},{"id":18,"peso":9},{"id":70,"peso":13},{"id":161,"peso":11},{"id":175,"peso":13},{"id":173,"peso":0},{"id":124,"peso":0},{"id":184,"peso":17},{"id":192,"peso":8},{"id":46,"peso":13},{"id":20,"peso":17},{"id":131,"peso":7},{"id":31,"peso":7},{"id":77,"peso":15},{"id":140,"peso":4},{"id":16,"peso":12},{"id":118,"peso":16},{"id":61,"peso":17},{"id":97,"peso":0},{"id":170,"peso":13},{"id":71,"peso":0},{"id":27,"peso":7},{"id":58,"peso":0},{"id":64,"peso":5},{"id":158,"peso":2},{"id":127,"peso":10},{"id":78,"peso":16},{"id":123,"peso":5},{"id":134,"peso":2},{"id":190,"peso":12},{"id":141,"peso":19},{"id":126,"peso":4},{"id":155,"peso":9},{"id":62,"peso":4},{"id":87,"peso":0},{"id":104,"peso":17},{"id":73,"peso":13},{"id":1,"peso":14},{"id":106,"peso":1},{"id":21,"peso":19}]}