{"docente":{"nome":"Murilo","departamento":"FEF","id":125},"atividades":[{"id":128,"peso":12},{"id":50,"peso":8},{"id":54,"peso":10},{"id":148,"peso":18},{"id":171,"peso":2},{"id":129,"peso":13},{"id":63,"peso":2},{"id":167,"peso":10},{"id":189,"peso":20},{"id":35,"peso":8},{"id":126,"peso":18},{"id":42,"peso":20},{"id":41,"peso":9},{"id":19,"peso":0},{"id":49,"peso":13},{"id":146,"peso":1},{"id":104,"peso":5},{"id":137,"peso":14},{"id":147,"peso":17},{"id":107,"peso":6},{"id":180,"peso":7},{"id":3,"peso":16},{"id":151,"peso":10},{"id":190,"peso":9},{"id":72,"peso":11},{"id":57,"peso":0},{"id":97,"peso":9},{"id":14,"peso":20},{"id":158,"peso":3},{"id":153,"peso":14},{"id":130,"peso":1},{"id":45,"peso":17},{"id":127,"peso":18},{"id":32,"peso":7},{"id":134,"peso":18},{"id":99,"peso":17},{"id":141,"peso":17},{"id":95,"peso":18},{"id":51,"peso":0},{"id":55,"peso":10},{"id":157,"peso":3},{"id":113,"peso":3},{"id":139,"peso":0},{"id":2,"peso":4},{"id":186,"peso":0},{"id":30,"peso":7},{"id":58,"peso":7},{"id":27,"peso":6},{"id":188,"peso":18},{"id":144,"peso":10},{"id":185,"peso":8},{"id":28,"peso":6},{"id":135,"peso":14},{"id":191,"peso":14},{"id":17,"peso":11},{"id":5,"peso":15},{"id":168,"peso":4},{"id":91,"peso":9},{"id":56,"peso":0},{"id":120,"peso":0},{"id":4,"peso":16},{"id":18,"peso":16},{"id":170,"peso":19},{"id":132,"peso":12},{"id":112,"peso":0},{"id":81,"peso":19},{"id":103,"peso":18},{"id":183,"peso":11},{"id":177,"peso":2},{"id":192,"peso":9},{"id":155,"peso":19},{"id":197,"peso":2},{"id":79,"peso":1},{"id":64,"peso":13},{"id":53,"peso":14},{"id":87,"peso":2},{"id":143,"peso":15},{"id":70,"peso":14},{"id":164,"peso":13},{"id":100,"peso":6},{"id":133,"peso":16}]}