{"docente":{"nome":"Fernanda","departamento":"INF","id":120},"atividades":[{"id":86,"peso":14},{"id":176,"peso":2},{"id":104,"peso":17},{"id":91,"peso":3},{"id":48,"peso":6},{"id":172,"peso":15},{"id":188,"peso":9},{"id":108,"peso":8},{"id":93,"peso":4},{"id":54,"peso":11},{"id":193,"peso":7},{"id":18,"peso":9},{"id":134,"peso":14},{"id":143,"peso":10},{"id":165,"peso":1},{"id":17,"peso":0},{"id":113,"peso":12},{"id":187,"peso":19},{"id":189,"peso":3},{"id":77,"peso":9},{"id":111,"peso":12},{"id":81,"peso":3},{"id":132,"peso":7},{"id":171,"peso":15},{"id":96,"peso":1},{"id":20,"peso":11},{"id":37,"peso":20},{"id":125,"peso":3},{"id":120,"peso":8},{"id":198,"peso":13},{"id":64,"peso":7},{"id":121,"peso":14},{"id":44,"peso":14},{"id":10,"peso":9},{"id":167,"peso":8},{"id":19,"peso":7},{"id":124,"peso":2},{"id":128,"peso":9},{"id":158,"peso":5},{"id":92,"peso":19},{"id":50,"peso":3},{"id":95,"peso":7},{"id":138,"peso":6},{"id":170,"peso":16},{"id":147,"peso":10},{"id":192,"peso":20},{"id":32,"peso":8},{"id":163,"peso":2},{"id":133,"peso":0},{"id":89,"peso":14},{"id":184,"peso":18},{"id":139,"peso":9},{"id":22,"peso":8},{"id":69,"peso":0},{"id":25,"peso":12},{"id":126,"peso":1},{"id":16,"peso":10},{"id":85,"peso":2},{"id":103,"peso":11},{"id":191,"peso":19},{"id":30,"peso":8},{"id":6,"peso":0},{"id":175,"peso":13},{"id":39,"peso":7},{"id":119,"peso":8},{"id":152,"peso":16},{"id":146,"peso":19},{"id":75,"peso":15},{"id":84,"peso":8},{"id":40,"peso":19},{"id":5,"peso":17},{"id":94,"peso":15},{"id":57,"peso":9},{"id":112,"peso":2},{"id":182,"peso":1},{"id":23,"peso":13},{"id":24,"peso":5},{"id":161,"peso":10},{"id":131,"peso":8},{"id":65,"peso":18},{"id":55,"peso":4},{"id":7,"peso":16},{"id":144,"peso":16}]}