{"docente":{"nome":"Luiz","departamento":"IF","id":1334},"atividades":[{"id":101,"peso":18},{"id":67,"peso":0},{"id":168,"peso":15},{"id":87,"peso":5},{"id":60,"peso":9},{"id":166,"peso":15},{"id":183,"peso":8},{"id":55,"peso":1},{"id":137,"peso":14},{"id":23,"peso":3},{"id":45,"peso":7},{"id":173,"peso":10},{"id":22,"peso":18},{"id":49,"peso":1},{"id":123,"peso":18},{"id":136,"peso":15},{"id":117,"peso":11},{"id":48,"peso":18},{"id":174,"peso":17},{"id":6,"peso":15},{"id":126,"peso":14},{"id":91,"peso":16},{"id":149,"peso":6},{"id":97,"peso":19},{"id":140,"peso":5},{"id":155,"peso":2},{"id":172,"peso":3},{"id":106,"peso":11},{"id":59,"peso":5},{"id":76,"peso":4},{"id":154,"peso":19},{"id":119,"peso":16},{"id":62,"peso":18},{"id":120,"peso":6},{"id":71,"peso":8},{"id":167,"peso":1},{"id":66,"peso":5},{"id":153,"peso":18},{"id":24,"peso":4},{"id":192,"peso":1},{"id":197,"peso":6},{"id":65,"peso":16},{"id":124,"peso":9},{"id":146,"peso":1},{"id":151,"peso":6},{"id":198,"peso":4},{"id":152,"peso":4},{"id":118,"peso":8},{"id":43,"peso":5},{"id":74,"peso":18},{"id":108,"peso":16},{"id":72,"peso":14},{"id":164,"peso":7},{"id":94,"peso":10},{"id":44,"peso":3},{"id":130,"peso":3},{"id":107,"peso":8},{"id":179,"peso":15},{"id":68,"peso":18},{"id":20,"peso":18},{"id":61,"peso":9},{"id":28,"peso":13},{"id":127,"peso":4},{"id":7,"peso":10},{"id":37,"peso":9},{"id":110,"peso":2},{"id":160,"peso":7},{"id":83,"peso":8},{"id":125,"peso":6},{"id":90,"peso":18},{"id":128,"peso":1},{"id":159,"peso":5},{"id":189,"peso":19},{"id":178,"peso":19},{"id":12,"peso":16},{"id":3,"peso":20}]}