{"docente":{"nome":"Berenice","departamento":"FIC","id":1396},"atividades":[{"id":32,"peso":16},{"id":140,"peso":18},{"id":9,"peso":18},{"id":71,"peso":14},{"id":169,"peso":6},{"id":161,"peso":12},{"id":189,"peso":2},{"id":26,"peso":11},{"id":23,"peso":7},{"id":128,"peso":0},{"id":143,"peso":6},{"id":168,"peso":4},{"id":126,"peso":10},{"id":75,"peso":7},{"id":147,"peso":8},{"id":125,"peso":7},{"id":106,"peso":3},{"id":45,"peso":9},{"id":47,"peso":14},{"id":14,"peso":18},{"id":158,"peso":11},{"id":179,"peso":8},{"id":141,"peso":3},{"id":51,"peso":20},{"id":115,"peso":7},{"id":135,"peso":9},{"id":187,"peso":1},{"id":93,"peso":5},{"id":44,"peso":19},{"id":116,"peso":14},{"id":57,"peso":16},{"id":171,"peso":20},{"id":17,"peso":19},{"id":153,"peso":7},{"id":197,"peso":15},{"id":117,"peso":12},{"id":36,"peso":15},{"id":66,"peso":7},{"id":131,"peso":1},{"id":42,"peso":14},{"id":167,"peso":0},{"id":46,"peso":4},{"id":198,"peso":7},{"id":31,"peso":20},{"id":62,"peso":5},{"id":1,"peso":16},{"id":119,"peso":12},{"id":114,"peso":14},{"id":165,"peso":6},{"id":7,"peso":1},{"id":183,"peso":6},{"id":19,"peso":1},{"id":163,"peso":11},{"id":27,"peso":11},{"id":130,"peso":5},{"id":78,"peso":1},{"id":105,"peso":9},{"id":29,"peso":12},{"id":21,"peso":10},{"id":81,"peso":4},{"id":98,"peso":3},{"id":152,"peso":18},{"id":162,"peso":16},{"id":37,"peso":10},{"id":48,"peso":19},{"id":127,"peso":5},{"id":154,"peso":13},{"id":139,"peso":16},{"id":177,"peso":19},{"id":38,"peso":3},{"id":65,"peso":16},{"id":59,"peso":15},{"id":194,"peso":16},{"id":55,"peso":15},{"id":52,"peso":9},{"id":86,"peso":5}]}