{"docente":{"nome":"Paulo","departamento":"INF","id":1311},"atividades":[{"id":66,"peso":20},{"id":98,"peso":2},{"id":89,"peso":20},{"id":85,"peso":16},{"id":42,"peso":13},{"id":39,"peso":9},{"id":176,"peso":7},{"id":93,"peso":15},{"id":189,"peso":6},{"id":21,"peso":7},{"id":146,"peso":16},{"id":77,"peso":12},{"id":114,"peso":14},{"id":2,"peso":15},{"id":74,"peso":12},{"id":71,"peso":19},{"id":49,"peso":13},{"id":8,"peso":0},{"id":161,"peso":8},{"id":73,"peso":11},{"id":100,"peso":19},{"id":79,"peso":3},{"id":67,"peso":2},{"id":168,"peso":13},{"id":27,"peso":9},{"id":178,"peso":10},{"id":123,"peso":19},{"id":111,"peso":15},{"id":28,"peso":1},{"id":112,"peso":8},{"id":148,"peso":1},{"id":58,"peso":14},{"id":64,"peso":3},{"id":45,"peso":8},{"id":145,"peso":19},{"id":186,"peso":6},{"id":16,"peso":18},{"id":131,"peso":11},{"id":126,"peso":8},{"id":166,"peso":13},{"id":139,"peso":14},{"id":10,"peso":0},{"id":180,"peso":2},{"id":4,"peso":9},{"id":162,"peso":0},{"id":167,"peso":8},{"id":191,"peso":4},{"id":129,"peso":19},{"id":92,"peso":16},{"id":55,"peso":3},{"id":195,"peso":13},{"id":24,"peso":17},{"id":33,"peso":19},{"id":35,"peso":5},{"id":37,"peso":20},{"id":23,"peso":5},{"id":47,"peso":2},{"id":25,"peso":0},{"id":152,"peso":11},{"id":157,"peso":9},{"id":75,"peso":17},{"id":109,"peso":16},{"id":128,"peso":15},{"id":187,"peso":16},{"id":76,"peso":9},{"id":194,"peso":6},{"id":124,"peso":11},{"id":115,"peso":12},{"id":133,"peso":3},{"id":38,"peso":5},{"id":141,"peso":17},{"id":91,"peso":13},{"id":11,"peso":1},{"id":104,"peso":11},{"id":84,"peso":12},{"id":94,"peso":7},{"id":170,"peso":14},{"id":196,"peso":13}]}