{"docente":{"nome":"Murilo","departamento":"IF","id":1124},"atividades":[{"id":132,"peso":2},{"id":114,"peso":2},{"id":166,"peso":13},{"id":97,"peso":15},{"id":84,"peso":5},{"id":54,"peso":11},{"id":148,"peso":7},{"id":115,"peso":18},{"id":165,"peso":0},{"id":40,"peso":20},{"id":133,"peso":15},{"id":173,"peso":5},{"id":189,"peso":0},{"id":90,"peso":14},{"id":193,"peso":9},{"id":25,"peso":6},{"id":95,"peso":4},{"id":187,"peso":12},{"id":61,"peso":1},{"id":55,"peso":9},{"id":48,"peso":2},{"id":36,"peso":17},{"id":18,"peso":17},{"id":117,"peso":12},{"id":5,"peso":6},{"id":110,"peso":14},{"id":76,"peso":1},{"id":72,"peso":8},{"id":64,"peso":7},{"id":86,"peso":1},{"id":191,"peso":4},{"id":147,"peso":3},{"id":31,"peso":0},{"id":104,"peso":14},{"id":161,"peso":10},{"id":131,"peso":7},{"id":9,"peso":3},{"id":103,"peso":20},{"id":14,"peso":3},{"id":170,"peso":14},{"id":151,"peso":13},{"id":62,"peso":14},{"id":197,"peso":3},{"id":134,"peso":16},{"id":164,"peso":4},{"id":152,"peso":19},{"id":24,"peso":14},{"id":153,"peso":11},{"id":50,"peso":0},{"id":13,"peso":9},{"id":130,"peso":9},{"id":154,"peso":4},{"id":183,"peso":11},{"id":122,"peso":13},{"id":68,"peso":9},{"id":105,"peso":18},{"id":41,"peso":12},{"id":139,"peso":3},{"id":181,"peso":20},{"id":142,"peso":15},{"id":128,"peso":16},{"id":74,"peso":19},{"id":195,"peso":15},{"id":45,"peso":14},{"id":30,"peso":4},{"id":52,"peso":10},{"id":33,"peso":15},{"id":108,"peso":9},{"id":106,"peso":1},{"id":93,"peso":7},{"id":15,"peso":15},{"id":116,"peso":0},{"id":81,"peso":5},{"id":109,"peso":11},{"id":121,"peso":20},{"id":58,"peso":19},{"id":185,"peso":11},{"id":101,"peso":6},{"id":3,"peso":19},{"id":16,"peso":20},{"id":111,"peso":5},{"id":10,"peso":10},{"id":113,"peso":20},{"id":125,"peso":8},{"id":196,"peso":17}]}