{"docente":{"nome":"Iasmin","departamento":"FIC","id":1050},"atividades":[{"id":56,"peso":18},{"id":3,"peso":11},{"id":7,"peso":0},{"id":52,"peso":10},{"id":130,"peso":17},{"id":175,"peso":6},{"id":65,"peso":1},{"id":108,"peso":2},{"id":18,"peso":7},{"id":192,"peso":14},{"id":87,"peso":8},{"id":54,"peso":9},{"id":60,"peso":15},{"id":181,"peso":2},{"id":93,"peso":20},{"id":77,"peso":1},{"id":115,"peso":9},{"id":172,"peso":11},{"id":86,"peso":20},{"id":24,"peso":19},{"id":72,"peso":9},{"id":70,"peso":8},{"id":132,"peso":12},{"id":53,"peso":0},{"id":97,"peso":2},{"id":103,"peso":11},{"id":167,"peso":1},{"id":152,"peso":16},{"id":149,"peso":5},{"id":136,"peso":18},{"id":99,"peso":0},{"id":88,"peso":15},{"id":8,"peso":19},{"id":4,"peso":0},{"id":111,"peso":12},{"id":195,"peso":13},{"id":35,"peso":19},{"id":159,"peso":0},{"id":71,"peso":7},{"id":124,"peso":7},{"id":112,"peso":5},{"id":161,"peso":9},{"id":51,"peso":2},{"id":63,"peso":9},{"id":30,"peso":6},{"id":22,"peso":3},{"id":57,"peso":14},{"id":196,"peso":8},{"id":114,"peso":10},{"id":82,"peso":14},{"id":134,"peso":5},{"id":17,"peso":6},{"id":43,"peso":8},{"id":180,"peso":9},{"id":20,"peso":6},{"id":171,"peso":7},{"id":41,"peso":13},{"id":10,"peso":1},{"id":37,"peso":19},{"id":179,"peso":8},{"id":66,"peso":16},{"id":31,"peso":5},{"id":182,"peso":1},{"id":125,"peso":8},{"id":173,"peso":20},{"id":84,"peso":14},{"id":131,"peso":4},{"id":137,"peso":4},{"id":129,"peso":9},{"id":127,"peso":20},{"id":34,"peso":16},{"id":45,"peso":14},{"id":91,"peso":13},{"id":174,"peso":5},{"id":144,"peso":14},{"id":47,"peso":2},{"id":177,"peso":9}]}