{"docente":{"nome":"Ana","departamento":"FEF","id":1104},"atividades":[{"id":35,"peso":12},{"id":31,"peso":16},{"id":190,"peso":19},{"id":142,"peso":13},{"id":124,"peso":10},{"id":87,"peso":12},{"id":42,"peso":9},{"id":112,"peso":12},{"id":139,"peso":4},{"id":125,"peso":1},{"id":3,"peso":12},{"id":68,"peso":9},{"id":18,"peso":14},{"id":96,"peso":10},{"id":111,"peso":10},{"id":55,"peso":5},{"id":118,"peso":16},{"id":77,"peso":13},{"id":34,"peso":5},{"id":33,"peso":2},{"id":58,"peso":12},{"id":86,"peso":12},{"id":29,"peso":20},{"id":8,"peso":10},{"id":166,"peso":12},{"id":83,"peso":4},{"id":74,"peso":0},{"id":122,"peso":14},{"id":140,"peso":10},{"id":186,"peso":7},{"id":156,"peso":0},{"id":54,"peso":15},{"id":21,"peso":12},{"id":159,"peso":10},{"id":12,"peso":19},{"id":39,"peso":0},{"id":108,"peso":20},{"id":9,"peso":11},{"id":115,"peso":8},{"id":17,"peso":6},{"id":52,"peso":8},{"id":131,"peso":14},{"id":65,"peso":13},{"id":169,"peso":10},{"id":53,"peso":16},{"id":194,"peso":19},{"id":6,"peso":6},{"id":110,"peso":14},{"id":157,"peso":10},{"id":97,"peso":2},{"id":187,"peso":20},{"id":71,"peso":5},{"id":92,"peso":20},{"id":11,"peso":3},{"id":50,"peso":12},{"id":171,"peso":3},{"id":89,"peso":3},{"id":109,"peso":13},{"id":106,"peso":5},{"id":93,"peso":14},{"id":94,"peso":13},{"id":98,"peso":1},{"id":27,"peso":0},{"id":72,"peso":2},{"id":75,"peso":12},{"id":13,"peso":0},{"id":123,"peso":1},{"id":10,"peso":15},{"id":153,"peso":4},{"id":192,"peso":19},{"id":28,"peso":11},{"id":80,"peso":4},{"id":193,"peso":16},{"id":48,"peso":6},{"id":22,"peso":20},{"id":57,"peso":2}]}