{"docente":{"nome":"Adriana","departamento":"IQ","id":1033},"atividades":[{"id":91,"peso":9},{"id":64,"peso":0},{"id":166,"peso":15},{"id":125,"peso":18},{"id":47,"peso":16},{"id":129,"peso":19},{"id":181,"peso":20},{"id":151,"peso":13},{"id":33,"peso":17},{"id":48,"peso":6},{"id":122,"peso":2},{"id":16,"peso":11},{"id":124,"peso":3},{"id":37,"peso":4},{"id":132,"peso":13},{"id":149,"peso":1},{"id":142,"peso":1},{"id":52,"peso":7},{"id":51,"peso":8},{"id":12,"peso":8},{"id":154,"peso":16},{"id":173,"peso":13},{"id":27,"peso":7},{"id":162,"peso":13},{"id":109,"peso":7},{"id":56,"peso":14},{"id":189,"peso":4},{"id":187,"peso":19},{"id":93,"peso":10},{"id":32,"peso":1},{"id":146,"peso":1},{"id":152,"peso":11},{"id":192,"peso":6},{"id":103,"peso":10},{"id":169,"peso":1},{"id":46,"peso":4},{"id":119,"peso":19},{"id":136,"peso":9},{"id":191,"peso":15},{"id":13,"peso":10},{"id":138,"peso":18},{"id":144,"peso":5},{"id":22,"peso":3},{"id":43,"peso":0},{"id":174,"peso":13},{"id":112,"peso":12},{"id":88,"peso":11},{"id":143,"peso":9},{"id":121,"peso":5},{"id":1,"peso":19},{"id":18,"peso":12},{"id":140,"peso":17},{"id":193,"peso":1},{"id":147,"peso":13},{"id":54,"peso":16},{"id":15,"peso":14},{"id":188,"peso":13},{"id":55,"peso":11},{"id":28,"peso":3},{"id":108,"peso":14},{"id":50,"peso":14},{"id":98,"peso":6},{"id":123,"peso":19},{"id":21,"peso":5},{"id":102,"peso":6},{"id":99,"peso":3},{"id":175,"peso":17},{"id":157,"peso":17},{"id":30,"peso":19},{"id":165,"peso":20},{"id":85,"peso":1},{"id":73,"peso":14},{"id":7,"peso":4},{"id":167,"peso":17},{"id":150,"peso":10},{"id":170,"peso":19},{"id":159,"peso":20},{"id":60,"peso":10},{"id":42,"peso":12}]}