{"docente":{"nome":"Luiz","departamento":"IQ","id":1347},"atividades":[{"id":182,"peso":18},{"id":112,"peso":13},{"id":47,"peso":1},{"id":37,"peso":18},{"id":124,"peso":19},{"id":171,"peso":9},{"id":197,"peso":1},{"id":65,"peso":3},{"id":193,"peso":9},{"id":35,"peso":7},{"id":89,"peso":11},{"id":144,"peso":19},{"id":118,"peso":3},{"id":91,"peso":17},{"id":173,"peso":20},{"id":66,"peso":16},{"id":153,"peso":20},{"id":19,"peso":11},{"id":183,"peso":16},{"id":116,"peso":12},{"id":154,"peso":2},{"id":107,"peso":17},{"id":29,"peso":17},{"id":132,"peso":11},{"id":122,"peso":6},{"id":77,"peso":8},{"id":176,"peso":14},{"id":8,"peso":0},{"id":75,"peso":20},{"id":86,"peso":4},{"id":102,"peso":13},{"id":1,"peso":16},{"id":163,"peso":15},{"id":26,"peso":2},{"id":28,"peso":2},{"id":143,"peso":15},{"id":114,"peso":9},{"id":160,"peso":16},{"id":83,"peso":17},{"id":30,"peso":8},{"id":84,"peso":3},{"id":55,"peso":4},{"id":192,"peso":5},{"id":49,"peso":6},{"id":179,"peso":3},{"id":36,"peso":8},{"id":70,"peso":12},{"id":60,"peso":10},{"id":180,"peso":9},{"id":101,"peso":20},{"id":141,"peso":4},{"id":185,"peso":0},{"id":4,"peso":9},{"id":17,"peso":0},{"id":103,"peso":8},{"id":170,"peso":20},{"id":24,"peso":8},{"id":20,"peso":18},{"id":97,"peso":9},{"id":53,"peso":11},{"id":158,"peso":20},{"id":39,"peso":18},{"id":168,"peso":15},{"id":161,"peso":7},{"id":120,"peso":17},{"id":165,"peso":14},{"id":6,"peso":3},{"id":45,"peso":2},{"id":95,"peso":2},{"id":87,"peso":18},{"id":117,"peso":19},{"id":121,"peso":13},{"id":61,"peso":0}]}