{"docente":{"nome":"Adriana","departamento":"FEF","id":1258},"atividades":[{"id":25,"peso":0},{"id":31,"peso":17},{"id":162,"peso":0},{"id":127,"peso":6},{"id":112,"peso":2},{"id":123,"peso":17},{"id":48,"peso":9},{"id":87,"peso":10},{"id":170,"peso":4},{"id":40,"peso":8},{"id":9,"peso":3},{"id":41,"peso":2},{"id":141,"peso":20},{"id":186,"peso":7},{"id":153,"peso":15},{"id":129,"peso":10},{"id":194,"peso":15},{"id":94,"peso":8},{"id":150,"peso":14},{"id":42,"peso":14},{"id":47,"peso":1},{"id":49,"peso":11},{"id":166,"peso":14},{"id":16,"peso":11},{"id":169,"peso":14},{"id":100,"peso":11},{"id":177,"peso":13},{"id":23,"peso":2},{"id":156,"peso":8},{"id":181,"peso":1},{"id":159,"peso":16},{"id":117,"peso":10},{"id":15,"peso":4},{"id":137,"peso":11},{"id":106,"peso":8},{"id":115,"peso":6},{"id":51,"peso":4},{"id":53,"peso":1},{"id":119,"peso":9},{"id":97,"peso":15},{"id":79,"peso":11},{"id":109,"peso":11},{"id":176,"peso":15},{"id":164,"peso":5},{"id":178,"peso":5},{"id":93,"peso":19},{"id":134,"peso":0},{"id":4,"peso":5},{"id":147,"peso":11},{"id":84,"peso":5},{"id":83,"peso":3},{"id":140,"peso":0},{"id":196,"peso":15},{"id":85,"peso":6},{"id":81,"peso":10},{"id":11,"peso":6},{"id":19,"peso":8},{"id":63,"peso":4},{"id":28,"peso":3},{"id":187,"peso":4},{"id":13,"peso":12},{"id":70,"peso":17},{"id":46,"peso":14},{"id":125,"peso":12},{"id":36,"peso":3},{"id":104,"peso":5},{"id":168,"peso":1},{"id":165,"peso":8},{"id":33,"peso":10},{"id":1,"peso":11},{"id":58,"peso":11},{"id":50,"peso":10},{"id":32,"peso":3},{"id":17,"peso":15},{"id":43,"peso":8},{"id":114,"peso":7},{"id":18,"peso":15},{"id":152,"peso":20},{"id":167,"peso":9},{"id":55,"peso":9},{"id":130,"peso":6},{"id":61,"peso":17}]}