{"docente":{"nome":"Maria","departamento":"IF","id":1069},"atividades":[{"id":12,"peso":16},{"id":183,"peso":13},{"id":190,"peso":8},{"id":53,"peso":20},{"id":1,"peso":13},{"id":196,"peso":19},{"id":151,"peso":13},{"id":156,"peso":7},{"id":29,"peso":13},{"id":15,"peso":17},{"id":10,"peso":1},{"id":166,"peso":20},{"id":11,"peso":9},{"id":107,"peso":12},{"id":83,"peso":18},{"id":20,"peso":11},{"id":126,"peso":12},{"id":18,"peso":0},{"id":66,"peso":6},{"id":150,"peso":5},{"id":17,"peso":3},{"id":25,"peso":11},{"id":182,"peso":11},{"id":2,"peso":5},{"id":108,"peso":7},{"id":33,"peso":16},{"id":87,"peso":5},{"id":143,"peso":1},{"id":45,"peso":17},{"id":21,"peso":2},{"id":111,"peso":4},{"id":193,"peso":5},{"id":173,"peso":5},{"id":30,"peso":18},{"id":175,"peso":7},{"id":42,"peso":6},{"id":149,"peso":6},{"id":48,"peso":17},{"id":177,"peso":8},{"id":127,"peso":6},{"id":135,"peso":7},{"id":123,"peso":13},{"id":89,"peso":6},{"id":121,"peso":14},{"id":19,"peso":9},{"id":73,"peso":1},{"id":46,"peso":10},{"id":86,"peso":15},{"id":56,"peso":2},{"id":75,"peso":12},{"id":67,"peso":17},{"id":81,"peso":15},{"id":144,"peso":5},{"id":168,"peso":20},{"id":8,"peso":19},{"id":6,"peso":17},{"id":192,"peso":17},{"id":95,"peso":19},{"id":184,"peso":4},{"id":125,"peso":7},{"id":22,"peso":14},{"id":60,"peso":2},{"id":129,"peso":12},{"id":24,"peso":6},{"id":102,"peso":20},{"id":141,"peso":12},{"id":104,"peso":19},{"id":105,"peso":11},{"id":139,"peso":14},{"id":49,"peso":20},{"id":153,"peso":13},{"id":114,"peso":12},{"id":130,"peso":9}]}