{"docente":{"nome":"Marcelo","departamento":"IF","id":1257},"atividades":[{"id":145,"peso":14},{"id":103,"peso":7},{"id":24,"peso":17},{"id":85,"peso":17},{"id":50,"peso":2},{"id":179,"peso":10},{"id":189,"peso":2},{"id":108,"peso":2},{"id":169,"peso":13},{"id":8,"peso":8},{"id":194,"peso":20},{"id":88,"peso":17},{"id":171,"peso":11},{"id":25,"peso":9},{"id":66,"peso":12},{"id":87,"peso":1},{"id":44,"peso":14},{"id":147,"peso":12},{"id":28,"peso":20},{"id":22,"peso":11},{"id":90,"peso":3},{"id":142,"peso":16},{"id":181,"peso":17},{"id":120,"peso":14},{"id":127,"peso":20},{"id":73,"peso":20},{"id":109,"peso":2},{"id":185,"peso":18},{"id":74,"peso":8},{"id":112,"peso":15},{"id":123,"peso":11},{"id":191,"peso":13},{"id":101,"peso":15},{"id":198,"peso":14},{"id":153,"peso":20},{"id":159,"peso":19},{"id":125,"peso":2},{"id":150,"peso":2},{"id":27,"peso":8},{"id":39,"peso":18},{"id":61,"peso":15},{"id":36,"peso":17},{"id":135,"peso":17},{"id":158,"peso":2},{"id":168,"peso":7},{"id":131,"peso":13},{"id":79,"peso":16},{"id":149,"peso":20},{"id":94,"peso":9},{"id":187,"peso":2},{"id":81,"peso":4},{"id":164,"peso":16},{"id":57,"peso":9},{"id":53,"peso":4},{"id":32,"peso":14},{"id":9,"peso":14},{"id":186,"peso":13},{"id":4,"peso":16},{"id":114,"peso":4},{"id":80,"peso":16},{"id":40,"peso":8},{"id":2,"peso":13},{"id":83,"peso":17},{"id":54,"peso":15},{"id":26,"peso":8},{"id":196,"peso":17},{"id":160,"peso":11},{"id":195,"peso":6},{"id":154,"peso":7},{"id":5,"peso":13},{"id":151,"peso":5},{"id":192,"peso":18},{"id":116,"peso":14},{"id":117,"peso":17},{"id":42,"peso":5},{"id":99,"peso":4},{"id":144,"peso":13},{"id":183,"peso":9},{"id":97,"peso":17}]}