{"docente":{"nome":"Renato","departamento":"FEF","id":1400},"atividades":[{"id":31,"peso":5},{"id":42,"peso":13},{"id":97,"peso":12},{"id":177,"peso":7},{"id":21,"peso":20},{"id":100,"peso":15},{"id":198,"peso":14},{"id":182,"peso":17},{"id":103,"peso":6},{"id":19,"peso":11},{"id":157,"peso":5},{"id":122,"peso":13},{"id":75,"peso":7},{"id":107,"peso":3},{"id":77,"peso":4},{"id":52,"peso":8},{"id":61,"peso":10},{"id":53,"peso":17},{"id":35,"peso":17},{"id":143,"peso":19},{"id":147,"peso":15},{"id":71,"peso":1},{"id":174,"peso":2},{"id":49,"peso":2},{"id":145,"peso":13},{"id":34,"peso":19},{"id":194,"peso":12},{"id":90,"peso":4},{"id":1,"peso":13},{"id":8,"peso":5},{"id":154,"peso":12},{"id":72,"peso":13},{"id":14,"peso":12},{"id":104,"peso":15},{"id":28,"peso":17},{"id":179,"peso":15},{"id":45,"peso":13},{"id":37,"peso":0},{"id":9,"peso":8},{"id":91,"peso":6},{"id":12,"peso":15},{"id":121,"peso":14},{"id":59,"peso":12},{"id":113,"peso":1},{"id":40,"peso":0},{"id":165,"peso":10},{"id":175,"peso":10},{"id":115,"peso":20},{"id":185,"peso":1},{"id":167,"peso":19},{"id":164,"peso":15},{"id":142,"peso":7},{"id":36,"peso":0},{"id":186,"peso":15},{"id":88,"peso":12},{"id":169,"peso":2},{"id":127,"peso":18},{"id":98,"peso":7},{"id":99,"peso":3},{"id":68,"peso":2},{"id":181,"peso":1},{"id":102,"peso":20},{"id":190,"peso":9},{"id":155,"peso":10},{"id":47,"peso":20},{"id":67,"peso":7},{"id":66,"peso":2},{"id":196,"peso":4},{"id":76,"peso":3},{"id":27,"peso":12},{"id":139,"peso":3},{"id":117,"peso":2},{"id":173,"peso":14},{"id":112,"peso":5},{"id":152,"peso":11},{"id":168,"peso":6},{"id":25,"peso":20},{"id":26,"peso":14}]}