{"docente":{"nome":"Adriana","departamento":"INF","id":1266},"atividades":[{"id":119,"peso":20},{"id":197,"peso":1},{"id":28,"peso":8},{"id":185,"peso":11},{"id":183,"peso":8},{"id":173,"peso":4},{"id":91,"peso":12},{"id":103,"peso":3},{"id":82,"peso":12},{"id":4,"peso":11},{"id":49,"peso":18},{"id":97,"peso":7},{"id":162,"peso":14},{"id":87,"peso":5},{"id":99,"peso":9},{"id":164,"peso":17},{"id":139,"peso":8},{"id":175,"peso":7},{"id":126,"peso":17},{"id":44,"peso":0},{"id":43,"peso":6},{"id":42,"peso":10},{"id":155,"peso":6},{"id":85,"peso":6},{"id":21,"peso":13},{"id":176,"peso":16},{"id":41,"peso":4},{"id":132,"peso":14},{"id":22,"peso":2},{"id":51,"peso":3},{"id":84,"peso":6},{"id":127,"peso":7},{"id":181,"peso":6},{"id":23,"peso":1},{"id":79,"peso":11},{"id":34,"peso":8},{"id":150,"peso":14},{"id":130,"peso":16},{"id":110,"peso":15},{"id":187,"peso":1},{"id":160,"peso":3},{"id":89,"peso":6},{"id":64,"peso":11},{"id":6,"peso":11},{"id":94,"peso":19},{"id":154,"peso":2},{"id":67,"peso":8},{"id":70,"peso":12},{"id":113,"peso":11},{"id":148,"peso":5},{"id":198,"peso":11},{"id":63,"peso":4},{"id":31,"peso":19},{"id":29,"peso":3},{"id":112,"peso":4},{"id":153,"peso":16},{"id":133,"peso":19},{"id":53,"peso":5},{"id":13,"peso":19},{"id":186,"peso":13},{"id":118,"peso":0},{"id":191,"peso":6},{"id":171,"peso":9},{"id":136,"peso":20},{"id":180,"peso":1},{"id":88,"peso":15},{"id":172,"peso":10},{"id":26,"peso":10},{"id":96,"peso":20},{"id":108,"peso":18},{"id":106,"peso":15},{"id":151,"peso":1},{"id":159,"peso":1},{"id":65,"peso":11},{"id":73,"peso":4},{"id":60,"peso":8},{"id":7,"peso":14},{"id":189,"peso":13},{"id":86,"peso":10},{"id":17,"peso":12},{"id":134,"peso":11},{"id":166,"peso":7}]}