{"docente":{"nome":"Fernanda","departamento":"IQ","id":1136},"atividades":[{"id":113,"peso":8},{"id":179,"peso":10},{"id":118,"peso":13},{"id":144,"peso":1},{"id":126,"peso":9},{"id":82,"peso":20},{"id":77,"peso":11},{"id":145,"peso":18},{"id":133,"peso":13},{"id":8,"peso":15},{"id":75,"peso":14},{"id":168,"peso":1},{"id":35,"peso":10},{"id":197,"peso":4},{"id":44,"peso":0},{"id":59,"peso":10},{"id":92,"peso":11},{"id":147,"peso":4},{"id":158,"peso":12},{"id":157,"peso":4},{"id":76,"peso":7},{"id":87,"peso":4},{"id":84,"peso":6},{"id":194,"peso":9},{"id":20,"peso":13},{"id":22,"peso":6},{"id":191,"peso":13},{"id":81,"peso":12},{"id":172,"peso":4},{"id":53,"peso":6},{"id":129,"peso":4},{"id":149,"peso":12},{"id":55,"peso":3},{"id":151,"peso":19},{"id":64,"peso":16},{"id":88,"peso":19},{"id":15,"peso":7},{"id":36,"peso":3},{"id":61,"peso":1},{"id":25,"peso":20},{"id":176,"peso":18},{"id":78,"peso":4},{"id":114,"peso":17},{"id":165,"peso":18},{"id":125,"peso":15},{"id":187,"peso":6},{"id":183,"peso":10},{"id":94,"peso":19},{"id":85,"peso":1},{"id":117,"peso":7},{"id":127,"peso":11},{"id":192,"peso":6},{"id":74,"peso":6},{"id":170,"peso":12},{"id":67,"peso":6},{"id":97,"peso":8},{"id":146,"peso":7},{"id":58,"peso":10},{"id":30,"peso":18},{"id":65,"peso":14},{"id":52,"peso":9},{"id":166,"peso":4},{"id":120,"peso":0},{"id":143,"peso":11},{"id":57,"peso":3},{"id":164,"peso":20},{"id":90,"peso":16},{"id":100,"peso":5},{"id":2,"peso":17},{"id":13,"peso":3},{"id":33,"peso":1},{"id":29,"peso":1},{"id":198,"peso":9},{"id":152,"peso":10},{"id":95,"peso":8},{"id":121,"peso":15}]}