{"docente":{"nome":"Henrique","departamento":"FIC","id":1215},"atividades":[{"id":75,"peso":2},{"id":142,"peso":7},{"id":162,"peso":5},{"id":167,"peso":7},{"id":129,"peso":18},{"id":119,"peso":18},{"id":174,"peso":6},{"id":39,"peso":20},{"id":121,"peso":17},{"id":33,"peso":14},{"id":70,"peso":19},{"id":24,"peso":9},{"id":6,"peso":1},{"id":181,"peso":19},{"id":183,"peso":20},{"id":53,"peso":20},{"id":84,"peso":14},{"id":143,"peso":3},{"id":3,"peso":9},{"id":126,"peso":15},{"id":2,"peso":6},{"id":163,"peso":7},{"id":164,"peso":7},{"id":198,"peso":3},{"id":81,"peso":20},{"id":137,"peso":9},{"id":180,"peso":12},{"id":168,"peso":13},{"id":176,"peso":11},{"id":140,"peso":1},{"id":74,"peso":11},{"id":115,"peso":3},{"id":145,"peso":7},{"id":10,"peso":15},{"id":149,"peso":5},{"id":72,"peso":9},{"id":79,"peso":17},{"id":87,"peso":3},{"id":66,"peso":2},{"id":103,"peso":10},{"id":93,"peso":16},{"id":71,"peso":13},{"id":136,"peso":11},{"id":77,"peso":1},{"id":95,"peso":5},{"id":57,"peso":19},{"id":169,"peso":4},{"id":99,"peso":8},{"id":155,"peso":2},{"id":11,"peso":9},{"id":172,"peso":1},{"id":127,"peso":6},{"id":23,"peso":1},{"id":112,"peso":5},{"id":22,"peso":7},{"id":194,"peso":11},{"id":42,"peso":20},{"id":177,"peso":12},{"id":123,"peso":2},{"id":31,"peso":19},{"id":197,"peso":12},{"id":29,"peso":16},{"id":36,"peso":6},{"id":188,"peso":2},{"id":88,"peso":0},{"id":185,"peso":0},{"id":21,"peso":5},{"id":148,"peso":3},{"id":9,"peso":13},{"id":120,"peso":8},{"id":96,"peso":6},{"id":56,"peso":0},{"id":139,"peso":20},{"id":138,"peso":12},{"id":190,"peso":16},{"id":86,"peso":18},{"id":179,"peso":0},{"id":44,"peso":1}]}