{"docente":{"nome":"Murilo","departamento":"IQ","id":1392},"atividades":[{"id":64,"peso":1},{"id":141,"peso":16},{"id":157,"peso":20},{"id":15,"peso":8},{"id":172,"peso":13},{"id":66,"peso":11},{"id":119,"peso":20},{"id":38,"peso":11},{"id":72,"peso":5},{"id":104,"peso":8},{"id":12,"peso":15},{"id":55,"peso":20},{"id":97,"peso":10},{"id":65,"peso":5},{"id":21,"peso":8},{"id":76,"peso":12},{"id":98,"peso":9},{"id":168,"peso":14},{"id":100,"peso":20},{"id":84,"peso":7},{"id":184,"peso":18},{"id":124,"peso":20},{"id":77,"peso":6},{"id":91,"peso":19},{"id":143,"peso":20},{"id":25,"peso":13},{"id":186,"peso":6},{"id":188,"peso":13},{"id":95,"peso":11},{"id":83,"peso":12},{"id":52,"peso":17},{"id":113,"peso":9},{"id":192,"peso":16},{"id":153,"peso":14},{"id":4,"peso":5},{"id":174,"peso":4},{"id":90,"peso":3},{"id":121,"peso":1},{"id":105,"peso":5},{"id":159,"peso":8},{"id":75,"peso":5},{"id":78,"peso":3},{"id":156,"peso":1},{"id":138,"peso":15},{"id":43,"peso":19},{"id":31,"peso":11},{"id":118,"peso":6},{"id":22,"peso":5},{"id":106,"peso":12},{"id":7,"peso":2},{"id":158,"peso":9},{"id":79,"peso":16},{"id":134,"peso":6},{"id":51,"peso":5},{"id":14,"peso":9},{"id":130,"peso":20},{"id":46,"peso":16},{"id":32,"peso":1},{"id":62,"peso":7},{"id":140,"peso":14},{"id":128,"peso":20},{"id":10,"peso":19},{"id":160,"peso":1},{"id":161,"peso":14},{"id":9,"peso":4},{"id":127,"peso":0},{"id":148,"peso":15},{"id":93,"peso":11},{"id":166,"peso":1},{"id":24,"peso":4},{"id":103,"peso":0},{"id":195,"peso":4},{"id":135,"peso":14},{"id":41,"peso":12},{"id":99,"peso":4},{"id":150,"peso":11},{"id":6,"peso":3},{"id":71,"peso":17},{"id":170,"peso":6},{"id":88,"peso":13}]}