{"docente":{"nome":"Pedro","departamento":"INF","id":1100},"atividades":[{"id":116,"peso":15},{"id":118,"peso":1},{"id":171,"peso":3},{"id":55,"peso":14},{"id":139,"peso":18},{"id":140,"peso":3},{"id":53,"peso":1},{"id":144,"peso":6},{"id":31,"peso":17},{"id":104,"peso":0},{"id":174,"peso":2},{"id":13,"peso":16},{"id":158,"peso":0},{"id":108,"peso":18},{"id":83,"peso":13},{"id":153,"peso":3},{"id":123,"peso":3},{"id":192,"peso":10},{"id":76,"peso":3},{"id":178,"peso":18},{"id":160,"peso":9},{"id":98,"peso":15},{"id":173,"peso":13},{"id":75,"peso":16},{"id":143,"peso":7},{"id":37,"peso":3},{"id":93,"peso":13},{"id":36,"peso":15},{"id":163,"peso":7},{"id":59,"peso":2},{"id":119,"peso":9},{"id":9,"peso":13},{"id":105,"peso":1},{"id":103,"peso":8},{"id":73,"peso":14},{"id":131,"peso":16},{"id":149,"peso":19},{"id":30,"peso":19},{"id":72,"peso":18},{"id":133,"peso":12},{"id":68,"peso":17},{"id":27,"peso":2},{"id":172,"peso":18},{"id":19,"peso":0},{"id":71,"peso":20},{"id":113,"peso":9},{"id":167,"peso":6},{"id":70,"peso":1},{"id":146,"peso":19},{"id":58,"peso":9},{"id":20,"peso":0},{"id":152,"peso":14},{"id":69,"peso":19},{"id":162,"peso":17},{"id":23,"peso":15},{"id":194,"peso":10},{"id":80,"peso":4},{"id":193,"peso":17},{"id":96,"peso":4},{"id":122,"peso":0},{"id":26,"peso":18},{"id":147,"peso":13},{"id":44,"peso":3},{"id":64,"peso":6},{"id":84,"peso":14},{"id":62,"peso":3},{"id":128,"peso":12},{"id":120,"peso":3},{"id":61,"peso":17},{"id":126,"peso":12},{"id":180,"peso":1},{"id":196,"peso":6},{"id":78,"peso":5},{"id":54,"peso":11},{"id":159,"peso":15},{"id":186,"peso":4},{"id":28,"peso":11},{"id":18,"peso":4},{"id":170,"peso":18},{"id":17,"peso":12},{"id":47,"peso":9},{"id":177,"peso":4}]}