{"docente":{"nome":"Luiz","departamento":"IF","id":1036},"atividades":[{"id":23,"peso":8},{"id":65,"peso":19},{"id":188,"peso":18},{"id":126,"peso":2},{"id":34,"peso":15},{"id":179,"peso":2},{"id":100,"peso":19},{"id":29,"peso":9},{"id":138,"peso":18},{"id":177,"peso":18},{"id":181,"peso":17},{"id":68,"peso":8},{"id":7,"peso":3},{"id":36,"peso":1},{"id":101,"peso":0},{"id":99,"peso":6},{"id":20,"peso":16},{"id":46,"peso":11},{"id":124,"peso":1},{"id":117,"peso":7},{"id":180,"peso":8},{"id":183,"peso":8},{"id":104,"peso":8},{"id":134,"peso":20},{"id":61,"peso":5},{"id":13,"peso":2},{"id":173,"peso":7},{"id":119,"peso":15},{"id":144,"peso":10},{"id":83,"peso":12},{"id":114,"peso":4},{"id":192,"peso":0},{"id":190,"peso":0},{"id":52,"peso":5},{"id":122,"peso":5},{"id":169,"peso":7},{"id":154,"peso":20},{"id":64,"peso":10},{"id":115,"peso":13},{"id":175,"peso":16},{"id":41,"peso":15},{"id":9,"peso":20},{"id":146,"peso":8},{"id":132,"peso":4},{"id":106,"peso":4},{"id":74,"peso":7},{"id":198,"peso":8},{"id":163,"peso":20},{"id":66,"peso":5},{"id":8,"peso":10},{"id":158,"peso":14},{"id":45,"peso":2},{"id":107,"peso":10},{"id":189,"peso":17},{"id":40,"peso":18},{"id":174,"peso":3},{"id":10,"peso":10},{"id":191,"peso":1},{"id":141,"peso":17},{"id":21,"peso":12},{"id":96,"peso":5},{"id":120,"peso":16},{"id":91,"peso":18},{"id":62,"peso":13},{"id":24,"peso":12},{"id":77,"peso":6},{"id":195,"peso":15},{"id":37,"peso":15},{"id":27,"peso":18},{"id":26,"peso":8},{"id":90,"peso":14},{"id":186,"peso":9},{"id":111,"peso":10},{"id":33,"peso":19}]}