{"docente":{"nome":"Paulo","departamento":"FEF","id":1318},"atividades":[{"id":180,"peso":14},{"id":172,"peso":14},{"id":104,"peso":11},{"id":176,"peso":19},{"id":121,"peso":0},{"id":43,"peso":7},{"id":75,"peso":0},{"id":11,"peso":19},{"id":54,"peso":19},{"id":94,"peso":5},{"id":67,"peso":19},{"id":189,"peso":11},{"id":166,"peso":16},{"id":194,"peso":15},{"id":197,"peso":20},{"id":136,"peso":11},{"id":144,"peso":8},{"id":52,"peso":2},{"id":191,"peso":16},{"id":31,"peso":9},{"id":64,"peso":15},{"id":114,"peso":4},{"id":157,"peso":2},{"id":99,"peso":20},{"id":122,"peso":17},{"id":126,"peso":4},{"id":110,"peso":14},{"id":20,"peso":9},{"id":14,"peso":1},{"id":9,"peso":2},{"id":19,"peso":18},{"id":18,"peso":6},{"id":127,"peso":12},{"id":88,"peso":2},{"id":87,"peso":18},{"id":198,"peso":4},{"id":188,"peso":13},{"id":102,"peso":13},{"id":171,"peso":10},{"id":86,"peso":7},{"id":38,"peso":5},{"id":109,"peso":6},{"id":123,"peso":20},{"id":147,"peso":11},{"id":128,"peso":2},{"id":129,"peso":15},{"id":46,"peso":20},{"id":25,"peso":8},{"id":33,"peso":10},{"id":196,"peso":8},{"id":175,"peso":9},{"id":45,"peso":19},{"id":158,"peso":6},{"id":186,"peso":13},{"id":57,"peso":14},{"id":2,"peso":6},{"id":78,"peso":1},{"id":160,"peso":19},{"id":71,"peso":13},{"id":165,"peso":20},{"id":134,"peso":0},{"id":100,"peso":11},{"id":96,"peso":18},{"id":97,"peso":1},{"id":120,"peso":19},{"id":89,"peso":6},{"id":81,"peso":8},{"id":168,"peso":4},{"id":69,"peso":0},{"id":187,"peso":11},{"id":26,"peso":18},{"id":83,"peso":20},{"id":28,"peso":9},{"id":58,"peso":19},{"id":183,"peso":1},{"id":193,"peso":19},{"id":55,"peso":16},{"id":70,"peso":15}]}