{"docente":{"nome":"Luiz","departamento":"FEF","id":1176},"atividades":[{"id":157,"peso":7},{"id":55,"peso":8},{"id":82,"peso":12},{"id":103,"peso":8},{"id":4,"peso":0},{"id":13,"peso":4},{"id":44,"peso":1},{"id":25,"peso":5},{"id":161,"peso":8},{"id":132,"peso":10},{"id":108,"peso":6},{"id":72,"peso":14},{"id":86,"peso":13},{"id":8,"peso":15},{"id":158,"peso":15},{"id":118,"peso":14},{"id":192,"peso":3},{"id":5,"peso":4},{"id":146,"peso":8},{"id":173,"peso":12},{"id":150,"peso":20},{"id":48,"peso":16},{"id":11,"peso":16},{"id":128,"peso":0},{"id":57,"peso":1},{"id":106,"peso":12},{"id":88,"peso":18},{"id":117,"peso":10},{"id":53,"peso":8},{"id":39,"peso":9},{"id":90,"peso":1},{"id":74,"peso":14},{"id":180,"peso":9},{"id":24,"peso":6},{"id":19,"peso":13},{"id":143,"peso":13},{"id":145,"peso":13},{"id":17,"peso":4},{"id":159,"peso":20},{"id":130,"peso":6},{"id":133,"peso":14},{"id":190,"peso":15},{"id":111,"peso":14},{"id":42,"peso":15},{"id":46,"peso":20},{"id":155,"peso":5},{"id":101,"peso":1},{"id":97,"peso":13},{"id":27,"peso":13},{"id":71,"peso":14},{"id":171,"peso":13},{"id":187,"peso":4},{"id":135,"peso":20},{"id":196,"peso":11},{"id":23,"peso":18},{"id":30,"peso":17},{"id":58,"peso":16},{"id":76,"peso":11},{"id":126,"peso":9},{"id":170,"peso":10},{"id":186,"peso":18},{"id":198,"peso":4},{"id":156,"peso":16},{"id":167,"peso":2},{"id":113,"peso":0},{"id":110,"peso":19},{"id":151,"peso":16},{"id":63,"peso":13},{"id":6,"peso":20},{"id":51,"peso":13},{"id":66,"peso":16},{"id":154,"peso":9},{"id":84,"peso":4},{"id":125,"peso":12}]}