{"docente":{"nome":"Ingrid","departamento":"INF","id":1188},"atividades":[{"id":96,"peso":10},{"id":8,"peso":2},{"id":37,"peso":1},{"id":143,"peso":14},{"id":197,"peso":6},{"id":116,"peso":9},{"id":174,"peso":2},{"id":189,"peso":15},{"id":45,"peso":13},{"id":191,"peso":5},{"id":70,"peso":19},{"id":162,"peso":1},{"id":64,"peso":7},{"id":171,"peso":5},{"id":68,"peso":9},{"id":14,"peso":15},{"id":41,"peso":3},{"id":97,"peso":1},{"id":40,"peso":11},{"id":108,"peso":17},{"id":3,"peso":13},{"id":183,"peso":12},{"id":11,"peso":14},{"id":13,"peso":20},{"id":180,"peso":20},{"id":121,"peso":16},{"id":69,"peso":2},{"id":144,"peso":1},{"id":134,"peso":20},{"id":92,"peso":14},{"id":127,"peso":8},{"id":153,"peso":0},{"id":170,"peso":4},{"id":98,"peso":13},{"id":137,"peso":0},{"id":152,"peso":5},{"id":27,"peso":0},{"id":128,"peso":6},{"id":25,"peso":8},{"id":187,"peso":5},{"id":163,"peso":11},{"id":168,"peso":11},{"id":139,"peso":1},{"id":113,"peso":20},{"id":114,"peso":13},{"id":93,"peso":9},{"id":120,"peso":4},{"id":33,"peso":4},{"id":2,"peso":7},{"id":196,"peso":12},{"id":9,"peso":19},{"id":106,"peso":13},{"id":155,"peso":4},{"id":84,"peso":3},{"id":36,"peso":19},{"id":149,"peso":15},{"id":101,"peso":9},{"id":107,"peso":8},{"id":158,"peso":14},{"id":181,"peso":18},{"id":159,"peso":4},{"id":172,"peso":17},{"id":194,"peso":17},{"id":54,"peso":9},{"id":135,"peso":12},{"id":49,"peso":4},{"id":130,"peso":5},{"id":173,"peso":12},{"id":167,"peso":12},{"id":165,"peso":16},{"id":100,"peso":9},{"id":52,"peso":7},{"id":72,"peso":8},{"id":145,"peso":1},{"id":6,"peso":2},{"id":24,"peso":12},{"id":73,"peso":11},{"id":192,"peso":8},{"id":154,"peso":7},{"id":195,"peso":16},{"id":19,"peso":15},{"id":85,"peso":11}]}