{"docente":{"nome":"Henrique","departamento":"IQ","id":1368},"atividades":[{"id":156,"peso":11},{"id":117,"peso":4},{"id":113,"peso":4},{"id":139,"peso":5},{"id":96,"peso":7},{"id":133,"peso":7},{"id":81,"peso":15},{"id":56,"peso":2},{"id":88,"peso":20},{"id":85,"peso":3},{"id":2,"peso":19},{"id":89,"peso":9},{"id":27,"peso":19},{"id":181,"peso":1},{"id":35,"peso":14},{"id":146,"peso":8},{"id":73,"peso":12},{"id":104,"peso":7},{"id":58,"peso":12},{"id":134,"peso":6},{"id":75,"peso":5},{"id":128,"peso":1},{"id":135,"peso":4},{"id":153,"peso":13},{"id":32,"peso":13},{"id":158,"peso":16},{"id":109,"peso":6},{"id":61,"peso":8},{"id":67,"peso":6},{"id":176,"peso":4},{"id":179,"peso":20},{"id":108,"peso":16},{"id":66,"peso":0},{"id":9,"peso":3},{"id":145,"peso":7},{"id":69,"peso":2},{"id":43,"peso":18},{"id":112,"peso":17},{"id":170,"peso":3},{"id":195,"peso":1},{"id":31,"peso":0},{"id":174,"peso":16},{"id":152,"peso":7},{"id":64,"peso":18},{"id":193,"peso":4},{"id":189,"peso":13},{"id":162,"peso":1},{"id":54,"peso":11},{"id":124,"peso":14},{"id":46,"peso":1},{"id":21,"peso":4},{"id":187,"peso":6},{"id":36,"peso":12},{"id":79,"peso":3},{"id":191,"peso":4},{"id":175,"peso":3},{"id":74,"peso":5},{"id":149,"peso":14},{"id":137,"peso":8},{"id":168,"peso":6},{"id":68,"peso":5},{"id":82,"peso":20},{"id":114,"peso":2},{"id":39,"peso":8},{"id":192,"peso":18},{"id":190,"peso":14},{"id":4,"peso":2},{"id":8,"peso":18},{"id":86,"peso":17},{"id":14,"peso":0},{"id":41,"peso":15},{"id":49,"peso":18},{"id":173,"peso":2},{"id":123,"peso":11},{"id":165,"peso":9},{"id":118,"peso":0},{"id":148,"peso":0},{"id":105,"peso":5},{"id":45,"peso":14},{"id":144,"peso":5}]}