{"docente":{"nome":"Ana","departamento":"IQ","id":1154},"atividades":[{"id":198,"peso":2},{"id":104,"peso":12},{"id":139,"peso":19},{"id":89,"peso":6},{"id":12,"peso":1},{"id":186,"peso":1},{"id":66,"peso":10},{"id":107,"peso":0},{"id":101,"peso":18},{"id":94,"peso":5},{"id":34,"peso":2},{"id":26,"peso":3},{"id":39,"peso":18},{"id":52,"peso":17},{"id":61,"peso":0},{"id":33,"peso":7},{"id":128,"peso":5},{"id":42,"peso":3},{"id":102,"peso":20},{"id":88,"peso":5},{"id":79,"peso":5},{"id":18,"peso":14},{"id":65,"peso":4},{"id":71,"peso":14},{"id":24,"peso":18},{"id":6,"peso":1},{"id":27,"peso":19},{"id":36,"peso":1},{"id":67,"peso":1},{"id":122,"peso":20},{"id":156,"peso":0},{"id":92,"peso":12},{"id":85,"peso":13},{"id":151,"peso":14},{"id":93,"peso":5},{"id":138,"peso":17},{"id":56,"peso":4},{"id":176,"peso":17},{"id":133,"peso":3},{"id":142,"peso":11},{"id":160,"peso":13},{"id":144,"peso":7},{"id":100,"peso":20},{"id":131,"peso":13},{"id":147,"peso":11},{"id":113,"peso":15},{"id":197,"peso":6},{"id":62,"peso":6},{"id":171,"peso":19},{"id":21,"peso":4},{"id":11,"peso":3},{"id":108,"peso":20},{"id":58,"peso":13},{"id":54,"peso":10},{"id":145,"peso":14},{"id":23,"peso":3},{"id":55,"peso":3},{"id":119,"peso":19},{"id":193,"peso":9},{"id":169,"peso":7},{"id":87,"peso":0},{"id":187,"peso":8},{"id":183,"peso":18},{"id":137,"peso":2},{"id":40,"peso":7},{"id":182,"peso":4},{"id":112,"peso":5},{"id":1,"peso":7},{"id":117,"peso":14},{"id":16,"peso":19},{"id":14,"peso":0},{"id":155,"peso":18},{"id":114,"peso":20},{"id":70,"peso":16},{"id":73,"peso":11},{"id":106,"peso":14},{"id":83,"peso":18},{"id":143,"peso":18},{"id":43,"peso":20},{"id":9,"peso":3},{"id":15,"peso":20}]}