-- --------------------------------------------------------
-- Host:                         127.0.0.1
-- Server version:               5.6.12-log - MySQL Community Server (GPL)
-- Server OS:                    Win32
-- HeidiSQL Version:             8.1.0.4545
-- --------------------------------------------------------

/*!40101 SET @OLD_CHARACTER_SET_CLIENT=@@CHARACTER_SET_CLIENT */;
/*!40101 SET NAMES utf8 */;
/*!40014 SET @OLD_FOREIGN_KEY_CHECKS=@@FOREIGN_KEY_CHECKS, FOREIGN_KEY_CHECKS=0 */;
/*!40101 SET @OLD_SQL_MODE=@@SQL_MODE, SQL_MODE='NO_AUTO_VALUE_ON_ZERO' */;

-- Dumping database structure for sad
CREATE DATABASE IF NOT EXISTS `sad` /*!40100 DEFAULT CHARACTER SET latin1 */;
USE `sad`;


-- Dumping structure for table sad.atividade
CREATE TABLE IF NOT EXISTS `atividade` (
  `id` int(11) NOT NULL AUTO_INCREMENT,
  `nome` longtext NOT NULL,
  PRIMARY KEY (`id`),
  UNIQUE KEY `id` (`id`)
) ENGINE=InnoDB AUTO_INCREMENT=199 DEFAULT CHARSET=latin1;

-- Dumping data for table sad.atividade: ~198 rows (approximately)
/*!40000 ALTER TABLE `atividade` DISABLE KEYS */;
INSERT INTO `atividade` (`id`, `nome`) VALUES
	(1, 'Aulas presenciais na graduação*'),
	(2, 'Aulas do ensino a distância na graduação'),
	(3, 'Aulas presenciais na pós-graduação'),
	(4, 'Aulas do ensino a distância na pós-graduação'),
	(5, 'Artigo completo ou texto literário publicado em periódico Com classificação no Qualis/CAPES'),
	(6, 'Artigo completo ou texto literário publicado em periódico Não sujeito à classificação no Qualis/CAPES '),
	(7, 'Resumo de artigo em periódicos especializados nacional ou internacional com corpo editorial'),
	(8, 'Artigos ou textos literários em repositórios de publicação eletrônica ligados a editoras ou universidades (total máximo a ser considerado neste item são 10 pontos)'),
	(9, 'Resumo expandido publicado em anais (total máximo a ser considerado neste item são 10 pontos) de congresso Internacional '),
	(10, 'Resumo expandido publicado em anais (total máximo a ser considerado neste item são 10 pontos) de congresso Nacional '),
	(11, 'Resumo expandido publicado em anais (total máximo a ser considerado neste item são 10 pontos) de congresso Regional ou Local  '),
	(12, 'Resumo simples publicado em anais (total máximo a ser considerado neste item são 10 pontos) de congresso  Internacional '),
	(13, 'Resumo simples publicado em anais (total máximo a ser considerado neste item são 10 pontos) de congresso  Nacional '),
	(14, 'Resumo simples publicado em anais (total máximo a ser considerado neste item são 10 pontos) de congresso  Regional ou Local '),
	(15, 'Trabalho completo publicado em anais de congresso cientificoTrabalho completo publicado em anais de congresso cientifico'),
	(16, 'Editor ou Coordenador editorial de livro publicado com selo de editora que possua corpo editorial'),
	(17, 'Livro publicado com selo de editora que possua corpo editorial '),
	(18, 'Livro publicado com selo de editora que não possua corpo editorial '),
	(19, 'Capítulo de livro publicado com selo de editora que possua corpo editorial (total máximo a ser considerado neste item são 40 pontos)'),
	(20, 'Edição ou organização de livro (coletânea) publicado com selo de editora que possua corpo editorial'),
	(21, 'Capítulo traduzido de livro publicado com selo de editora que possua corpo editorial (total máximo a ser considerado neste item são 20 pontos)'),
	(22, 'Tradução ou revisão científica de livro traduzido e publicado com selo de editora que possua corpo editorial'),
	(23, 'Resenhas, prefácios ou verbetes '),
	(24, 'Livro didático desenvolvido para projetos institucionais/governamentais  '),
	(25, 'Editor de periódicos especializados indexados com corpo editorial'),
	(26, 'Editor de jornais ou revistas com distribuição Local ou regional'),
	(27, 'Editor de jornais ou revistas com distribuição Local ou Nacional '),
	(28, 'Editor de jornais ou revistas com distribuição Local ou Internacional  '),
	(29, 'Dissertação de Mestrado defendida de aprovada (sendo o docente o autor da dissertação)'),
	(30, 'Tese de Doutorado defendida e aprovada (sendo o docente o autor da tese) '),
	(31, 'Criação, produção e direção de filmes, vídeos, discos, audiovisuais,coreografias, peças teatrais, óperas ou musicais, ou musicais apresentados em eventos locais ou regionais '),
	(32, 'Criação, produção e direção de filmes, vídeos, discos, audiovisuais,coreografias, peças teatrais, óperas ou musicais, ou musicais apresentados em eventos nacionais'),
	(33, 'Criação, produção e direção de filmes, vídeos, discos, audiovisuais,coreografias, peças teatrais, óperas ou musicais, ou musicais apresentados em eventos internacionais'),
	(34, 'Criação e produção do projeto gráfico de livros: concepção gráfica (mancha gráfica, diagramação, escolha de fonte)'),
	(35, 'Design (gráfico, de luz, de figurino e formas animadas, cenográfico e similares)'),
	(36, 'Design de impressos por peça (limitados a 20 pontos) '),
	(37, 'Design de interfaces digitais'),
	(38, 'Design de interfaces digitais ou produtos com inovação tecnológica'),
	(39, 'Exposições e apresentações artísticas locais ou regionais Participação individual, camerista, solista ou ator principal'),
	(40, 'Exposições e apresentações artísticas locais ou regionais Participação coletiva ou coadjuvante'),
	(41, 'Exposições e apresentações artísticas nacionais Participação individual, camerista, solista ou ator principal '),
	(42, 'Exposições e apresentações artísticas nacionais Participação coletiva ou coadjuvante  '),
	(43, 'Exposições e apresentações artísticas internacionais  Participação individual, camerista, solista ou ator principal '),
	(44, 'Exposições e apresentações artísticas internacionais  Participação coletiva ou coadjuvante '),
	(45, 'Composições musicais Editadas '),
	(46, 'Composições musicais Editadas Publicadas em revistas científicas'),
	(47, 'Composições musicais Editadas Gravadas '),
	(48, 'Composições musicais Executadas em apresentações públicas  '),
	(49, 'Produção artística, arquitetônica ou de design premiada em evento Local ou regional  '),
	(50, 'Produção artística, arquitetônica ou de design premiada em evento Nacional  '),
	(51, 'Produção artística, arquitetônica ou de design premiada em evento internacional  '),
	(52, 'Arranjos musicais (canto, coral e orquestral)  '),
	(53, 'Apresentação artística ou cultural em rádio ou TV  '),
	(54, 'Sonoplastia (cinema, música, rádio, televisão, teatro)   '),
	(55, 'Desenvolvimento de programa de computador (software) com registro no INPI ou com ampla disponibilização em ambientes de software livre'),
	(56, 'Desenvolvimento de software com divulgação em periódicos indexados e com corpo editorial ou em anais de congresso científico'),
	(57, 'Desenvolvimento de software para uso institucional (total máximo a ser considerado neste item são 10 pontos)'),
	(58, 'Desenvolvimento e registro no INPI de topografia de circuito integrado'),
	(59, 'Desenvolvimento de produto, processo ou técnica com registro de patente no INPI ou modelo de utilidade'),
	(60, 'Desenvolvimento e registro no INPI de desenho industrial'),
	(61, 'Desenvolvimento e registro no INPI de processo de indicação geográfica'),
	(62, 'Desenvolvimento e registro no INPI de marcas'),
	(63, 'Participação em comitê editorial de periódicos especializados indexados e de editoras universitárias'),
	(64, 'Parecer de consultoria ad hoc em comitês de avaliação de concursos e editais de publicação de livros de editoras com corpo editorial'),
	(65, 'Parecer de consultoria ad hoc para periódicos especializados com corpo editorial ou para instituições de fomento à pesquisa ou para livros de editoras com corpo editorial'),
	(66, 'Projeto, parecer ou relatório técnico realizado em consultoria ou assessoria oficializada por convite, convênio, contrato ou designação Parecer com anotação de responsabilidade técnica (ART) ou registro de responsabilidade técnica (RRT)'),
	(67, 'Projeto, parecer ou relatório técnico realizado em consultoria ou assessoria oficializada por convite, convênio, contrato ou designação Parecer sem anotação de responsabilidade técnica (ART) ou registro de responsabilidade técnica (RRT)'),
	(68, 'Projeto, parecer ou relatório técnico realizado em consultoria ou assessoria oficializada por convite, convênio, contrato ou designação Projeto ou Relatório Técnico com anotação de responsabilidade técnica'),
	(69, 'Projeto, parecer ou relatório técnico realizado em consultoria ou assessoria oficializada por convite, convênio, contrato ou designação Projeto ou Relatório Técnico sem anotação de responsabilidade técnica (ART) ou registro de responsabilidade técnica (RRT)'),
	(70, 'Anais, Manuais, catálogos, boletins, com ficha bibliográfica (organizador / redator)'),
	(71, 'Produção e publicação de mapas, cartas ou similares'),
	(72, 'Desenvolvimento de maquete'),
	(73, 'Manutenção de obra artística Restauração de obra artística'),
	(74, 'Manutenção de obra artística Conservação de obra artística'),
	(75, 'Manutenção de obra artística Curadoria de exposições'),
	(76, 'Produção de cinema, vídeo, rádio, TV ou mídias digitais Editor'),
	(77, 'Produção de cinema, vídeo, rádio, TV ou mídias digitais Participante (total máximo a ser considerado neste item são 9 pontos) '),
	(78, 'Artigos de opinião veiculados em jornais e revistas (eletrônico ou impresso)'),
	(79, 'Texto ou material didático para uso institucional (não fracionados e com ampla divulgação)'),
	(80, 'Artigos de divulgação científica, tecnológica e artística veiculados em jornais e revistas (eletrônico ou impresso)'),
	(81, 'Apresentação oral de trabalho publicado em anais de congresso científico (total máximo a ser considerado neste item são 9 pontos)'),
	(82, 'Apresentação em painel de trabalho publicado em anais de congresso científico (total máximo a ser considerado neste item são 3 pontos)'),
	(83, 'Trabalho premiado em evento científico nacional ou internacional '),
	(84, 'Tese, dissertação e trabalho de iniciação científica premiados por instituições de fomento (sendo o docente o autor ou orientador do produto) '),
	(85, 'Coordenador de projeto conjuntos de pesquisa e cooperação científica (tipo PRODOC, PROCAD, PNPD, entre outros) e de cursos MINTER e DINTER aprovados por órgãos oficiais de fomento'),
	(86, 'Coordenador de projeto de pesquisa aprovado com comprovação de financiamento (exceto bolsas)'),
	(87, 'Coordenador de projeto de pesquisa aprovado sem financiamento (total máximo a ser considerado neste item são 10 pontos)'),
	(88, 'Coordenador de projeto de extensão aprovado com comprovação de financiamento (exceto bolsas)'),
	(89, 'Coordenador de projeto ou programa de extensão/cultura cadastrado na PROEC (total máximo a ser considerado neste item são 15 pontos)'),
	(90, 'Coordenador de contratos e de convênios de cooperação institucional internacional'),
	(91, 'Coordenador de contratos e de convênios de cooperação institucional nacional'),
	(92, 'Participante de projeto de extensão/cultura cadastrado na PROEC (total máximo a ser considerado neste item são 15 pontos)'),
	(93, 'Curso de extensão ministrado com 20 ou mais horas (total máximo a ser considerado neste item são 15 pontos)'),
	(94, 'Curso de extensão ministrado com menos de 20 horas (total máximo a ser considerado neste item são 10 pontos)'),
	(95, 'Palestrante, conferencista ou participante em mesa redonda em evento científico, cultural ou artístico Evento internacional (total máximo a ser considerado neste item são 15 pontos)'),
	(96, 'Palestrante, conferencista ou participante em mesa redonda em evento científico, cultural ou artístico Evento nacional (total máximo a ser considerado neste item são 12 pontos)'),
	(97, 'Palestrante, conferencista ou participante em mesa redonda em evento científico, cultural ou artístico Evento regional ou local (total máximo a ser considerado neste item são 9 pontos)'),
	(98, 'Promoção ou produção de eventos artísticos e científicos locais Presidente'),
	(99, 'Promoção ou produção de eventos artísticos e científicos locais Comissão organizadora'),
	(100, 'Promoção ou produção de eventos artísticos e científicos regionais Presidente'),
	(101, 'Promoção ou produção de eventos artísticos e científicos regionais Comissão organizadora '),
	(102, 'Promoção ou produção de eventos artísticos e científicos nacionais presidente '),
	(103, 'Promoção ou produção de eventos artísticos e científicos nacionais comissão organizadora '),
	(104, 'Promoção ou produção de eventos artísticos e científicos internacionais presidente '),
	(105, 'Promoção ou produção de eventos artísticos e científicos internacionais presidente comissão organizadora'),
	(106, 'Reitor ou Vice-Reitor ou Pró-Reitor'),
	(107, 'Chefe de Gabinete'),
	(108, 'Coordenador ou assessor vinculado à Reitoria'),
	(109, 'Diretor de Unidade Acadêmica, de Unidade Acadêmica Especial ou do CEPAE'),
	(110, 'Diretor de Campus do interior'),
	(111, 'Vice-diretor de Campus do interior'),
	(112, 'Diretor Geral do Hospital das Clínicas '),
	(113, 'Coordenador ou assessor vinculado às Pró-Reitorias ou à Direção dos Campus do Interior'),
	(114, 'Coordenador de Programa de Pós-Graduação stricto sensu'),
	(115, 'Coordenador de Curso de Ensino Básico ou de Graduação'),
	(116, 'Vice-diretor de Unidade Acadêmica ou Unidade Acadêmica Especial ou do CEPAE'),
	(117, 'Diretor do Hospital Veterinário'),
	(118, 'Diretor de Órgão da Administração (CERCOMP, CGA, CEGRAF, CIAR, DDRH, CS, SIASS, Museu, Rádio, Biblioteca etc.)'),
	(119, 'Coordenador de projeto institucional com financiamento ou de contratos e convênio com plano de trabalho aprovado'),
	(120, 'Coordenador de curso de especialização, residência médica ou residência multiprofissional em saúde (total máximo a ser considerado neste item são 10 pontos)'),
	(121, 'Membro representante de classe da carreira docente no CONSUNI'),
	(122, 'Membro do Conselho de Curadores ou do Plenário do CEPEC ou de Conselho de Fundações'),
	(123, 'Atividades acadêmicas e administrativas designadas por portaria do Reitor, Pró-Reitor ou Diretor de Unidade Acadêmica com carga horária >=150 horas'),
	(124, 'Presidente da CPPD'),
	(125, 'Presidente da Comissão de Avaliação Institucional ou da Comissão Própria de Avaliação'),
	(126, 'Membros da Coordenação Permanente do Centro de Seleção '),
	(127, 'Diretores do HC '),
	(128, 'Presidente do Comitê de Ética em Pesquisa da UFG e do HC/UFG'),
	(129, 'Membros da CPPD ou da Comissão de Avaliação Institucional ou da Comissão Própria de Avaliação ou da CAD'),
	(130, 'Coordenador de Pesquisa ou de Ensino ou de Extensão ou de Estágio das Unidades Acadêmicas'),
	(131, 'Chefe de Departamento'),
	(132, 'Chefe do Pronto Socorro ou da Maternidade ou do CEROF do Hospital das Clínicas da UFG'),
	(133, 'Coordenador das Atividades de Interação com a Sociedade'),
	(134, 'Coordenador das Atividades de Pesquisa e de Pós–Graduação lato sensu'),
	(135, 'Membros do Comitê de Ética da UFG e do HC/UFG'),
	(136, 'Membros do Comitê Interno e Externo do PIBIC '),
	(137, 'Representante titular em conselho de classe profissional com carga horária igual ou superior a 150 horas'),
	(138, 'Presidente do Sindicato de Docentes da UFG '),
	(139, 'Diretor do Sindicato de Docentes da UFG '),
	(140, 'Representante sindical com carga horária igual ou superior a 150 horas '),
	(141, 'Representante em entidade científica, artística e cultural com carga horária igual ou superior a 150 horas '),
	(142, 'Representante em comissão de órgão governamental com carga horária igual ou superior a 150 horas'),
	(143, 'Aluno orientado em tese de doutorado defendida e aprovada'),
	(144, 'Aluno co-orientado em tese de doutorado defendida e aprovada'),
	(145, 'Aluno orientado em tese de doutorado em andamento'),
	(146, 'Aluno co-orientado em tese de doutorado em andamento'),
	(147, 'Aluno orientado em dissertação de mestrado defendida e aprovada'),
	(148, 'Aluno co-orientado em dissertação de mestrado defendida e aprovada '),
	(149, 'Aluno orientado em dissertação de mestrado em andamento'),
	(150, 'Aluno co-orientado em dissertação de mestrado em andamento'),
	(151, 'Aluno orientado em monografia de especialização aprovada (máximo de 24 pontos)'),
	(152, 'Aluno orientado em monografia de especialização em andamento (total máximo a ser considerado neste item são 12 pontos)'),
	(153, 'Aluno orientado em residência médica ou em residência multiprofissional em saúde '),
	(154, 'Aluno orientado em estágio supervisionado'),
	(155, 'Aluno orientado em projeto de final de curso'),
	(156, 'Aluno de outra IFE orientado em tese de doutorado defendida e aprovada'),
	(157, 'Aluno de outra IFE co-orientado em tese de doutorado defendida e aprovada '),
	(158, 'Aluno de outra IFE orientado em tese de doutorado em andamento'),
	(159, 'Aluno de outra IFE co-orientado em tese de doutorado em andamento'),
	(160, 'Aluno de outra IFE orientado em dissertação de mestrado defendida e aprovada '),
	(161, 'Aluno de outra IFE orientado em dissertação de mestrado em andamento'),
	(162, 'Aluno de outra IFE co-orientado em dissertação de mestrado em andamento'),
	(163, 'Aluno orientado em programa de iniciação científica (PIBIC/PIVIC/PROLICEN/PICME-OBMEP)'),
	(164, ' Aluno orientado em programa de iniciação científica júnior'),
	(165, ' Aluno orientado em programa especial de treinamento (PET)'),
	(166, ' Aluno orientado com bolsa de DTI, PIBIT, AT, Jovens Talentos e similares '),
	(167, 'Aluno orientado com bolsa de licenciatura (PIBID e similares)'),
	(168, 'Aluno orientado com bolsa extensão/cultura/ensino'),
	(169, 'Aluno orientado em projetos de extensão/cultura/ensino sem bolsa'),
	(170, 'Aluno orientado com bolsa PROCOM ou similar, vinculada a projeto de pesquisa/extensão/ensino'),
	(171, 'Aluno orientado em programa de monitoria'),
	(172, 'Aluno orientado em atividade não curricular com bolsa'),
	(173, 'Aluno orientado em atividade não curricular sem bolsa'),
	(174, 'Pesquisador supervisionado em estágio de pós-doutoramento (PRODOC, PNPD, DCR, entre outros)'),
	(175, 'Aluno orientado em Prática como Componente Curricular (PCC) '),
	(176, 'Presidente do Sindicato de Docentes da UFG '),
	(177, 'Membro de banca de concurso para docente efetivo Na instituição '),
	(178, 'Membro de banca de concurso para docente efetivo Em outra instituição  '),
	(179, 'Membro de banca de concurso para docente substituto '),
	(180, 'Membro de banca de defesa de dissertação de mestrado Na instituição'),
	(181, 'Membro de banca de defesa de dissertação de mestrado Em outra instituição '),
	(182, 'Membro de banca de defesa de tese de doutorado Na instituição'),
	(183, 'Membro de banca de defesa de tese de doutorado em outra instituição'),
	(184, 'Membro de banca de qualificação de mestrado na instituição'),
	(185, 'Membro de banca de qualificação de mestrado em outra instituição'),
	(186, 'Membro de banca de qualificação de doutorado Na instituição'),
	(187, 'Membro de banca de qualificação de doutorado em outra instituição'),
	(188, 'Membro de banca de defesa de monografia, projeto final de curso e outros tipos de bancas (total máximo a ser considerado neste item são 10 pontos)'),
	(189, 'Membro de corpo de júri Concursos internacionais'),
	(190, 'Membro de corpo de júri Concursos nacionais'),
	(191, 'Cursos, palestras ou treinamento não curricular ministrados para docentes, funcionários ou alunos da UFG '),
	(192, 'Coordenador de projeto institucional de intercâmbio internacional'),
	(193, 'Docente regularmente matriculado em curso de doutorado com relatórios de pós-graduação aprovados (pontuação por mês de curso)'),
	(194, 'Estágio Pós-Doutoral ou Estágio Sênior (pontuação por mês de estágio)'),
	(195, 'Docente em licença para capacitação (Artigo 87, Lei N.8112) (pontuação por mês de licença)'),
	(196, 'Curso de aperfeiçoamento realizado com carga horária superior a 40 horas'),
	(197, 'Curso de aperfeiçoamento realizado com carga horária inferior a 40 horas'),
	(198, 'Participação em Congressos, Seminários, Encontros, Jornadas etc. (total máximo a ser considerado neste item são 3 pontos)');
/*!40000 ALTER TABLE `atividade` ENABLE KEYS */;


-- Dumping structure for table sad.atividade_grupo
CREATE TABLE IF NOT EXISTS `atividade_grupo` (
  `grupo_id` int(11) NOT NULL,
  `atividade_id` int(11) NOT NULL,
  PRIMARY KEY (`atividade_id`,`grupo_id`),
  KEY `FK8B766B3186FD35F1` (`grupo_id`),
  KEY `FK8B766B312B9CC5B1` (`atividade_id`),
  CONSTRAINT `FK8B766B312B9CC5B1` FOREIGN KEY (`atividade_id`) REFERENCES `atividade` (`id`),
  CONSTRAINT `FK8B766B3186FD35F1` FOREIGN KEY (`grupo_id`) REFERENCES `grupo` (`id`)
) ENGINE=InnoDB DEFAULT CHARSET=latin1;

-- Dumping data for table sad.atividade_grupo: ~198 rows (approximately)
/*!40000 ALTER TABLE `atividade_grupo` DISABLE KEYS */;
INSERT INTO `atividade_grupo` (`grupo_id`, `atividade_id`) VALUES
	(2, 1),
	(2, 2),
	(3, 3),
	(3, 4),
	(5, 5),
	(5, 6),
	(5, 7),
	(5, 9),
	(5, 10),
	(5, 11),
	(5, 12),
	(5, 13),
	(5, 14),
	(5, 15),
	(5, 16),
	(5, 17),
	(5, 18),
	(5, 19),
	(5, 20),
	(5, 21),
	(5, 22),
	(5, 23),
	(5, 24),
	(5, 25),
	(5, 26),
	(5, 27),
	(5, 28),
	(5, 29),
	(5, 30),
	(6, 8),
	(6, 31),
	(6, 32),
	(6, 33),
	(6, 34),
	(6, 35),
	(6, 36),
	(6, 37),
	(6, 38),
	(6, 39),
	(6, 40),
	(6, 41),
	(6, 42),
	(6, 43),
	(6, 44),
	(6, 45),
	(6, 46),
	(6, 47),
	(6, 48),
	(6, 49),
	(6, 50),
	(6, 51),
	(6, 52),
	(6, 53),
	(6, 54),
	(7, 55),
	(7, 56),
	(7, 57),
	(7, 58),
	(7, 59),
	(7, 60),
	(7, 61),
	(7, 62),
	(7, 63),
	(7, 64),
	(7, 65),
	(7, 66),
	(7, 67),
	(7, 68),
	(7, 69),
	(7, 70),
	(7, 71),
	(7, 72),
	(7, 73),
	(7, 74),
	(7, 75),
	(7, 76),
	(7, 77),
	(8, 78),
	(8, 79),
	(8, 80),
	(8, 81),
	(8, 82),
	(8, 83),
	(8, 84),
	(10, 85),
	(10, 86),
	(10, 87),
	(10, 95),
	(10, 96),
	(10, 97),
	(10, 104),
	(11, 88),
	(11, 89),
	(11, 90),
	(11, 91),
	(11, 92),
	(11, 93),
	(11, 94),
	(11, 98),
	(11, 99),
	(11, 100),
	(11, 101),
	(11, 102),
	(11, 103),
	(11, 105),
	(13, 106),
	(13, 107),
	(13, 108),
	(13, 109),
	(13, 110),
	(13, 111),
	(13, 112),
	(13, 113),
	(13, 114),
	(13, 115),
	(13, 116),
	(13, 117),
	(13, 118),
	(14, 119),
	(14, 120),
	(14, 121),
	(14, 122),
	(14, 123),
	(15, 124),
	(15, 125),
	(15, 126),
	(15, 127),
	(15, 128),
	(15, 129),
	(15, 130),
	(15, 131),
	(15, 132),
	(15, 133),
	(15, 134),
	(15, 135),
	(15, 136),
	(16, 137),
	(16, 138),
	(16, 139),
	(16, 140),
	(16, 141),
	(16, 142),
	(18, 143),
	(18, 144),
	(18, 145),
	(18, 146),
	(18, 147),
	(18, 148),
	(18, 149),
	(18, 150),
	(18, 151),
	(18, 152),
	(18, 153),
	(18, 154),
	(18, 155),
	(18, 156),
	(18, 157),
	(18, 158),
	(18, 159),
	(18, 160),
	(18, 161),
	(18, 162),
	(18, 163),
	(18, 164),
	(18, 165),
	(18, 166),
	(18, 167),
	(18, 168),
	(18, 169),
	(18, 170),
	(18, 171),
	(18, 172),
	(18, 173),
	(18, 174),
	(18, 175),
	(19, 176),
	(19, 177),
	(19, 178),
	(19, 179),
	(19, 180),
	(19, 181),
	(19, 182),
	(19, 183),
	(19, 184),
	(19, 185),
	(19, 186),
	(19, 187),
	(19, 188),
	(19, 189),
	(19, 190),
	(19, 191),
	(19, 192),
	(20, 193),
	(20, 194),
	(20, 195),
	(20, 196),
	(20, 197),
	(20, 198);
/*!40000 ALTER TABLE `atividade_grupo` ENABLE KEYS */;


-- Dumping structure for table sad.atividade_resolucao
CREATE TABLE IF NOT EXISTS `atividade_resolucao` (
  `valor` double NOT NULL,
  `atividade_id` int(11) NOT NULL DEFAULT '0',
  `resolucao_id` int(11) NOT NULL DEFAULT '0',
  PRIMARY KEY (`atividade_id`,`resolucao_id`),
  KEY `FK74080201F7CB4071` (`resolucao_id`),
  KEY `FK740802012B9CC5B1` (`atividade_id`),
  CONSTRAINT `FK740802012B9CC5B1` FOREIGN KEY (`atividade_id`) REFERENCES `atividade` (`id`),
  CONSTRAINT `FK74080201F7CB4071` FOREIGN KEY (`resolucao_id`) REFERENCES `resolucao` (`id`)
) ENGINE=InnoDB DEFAULT CHARSET=latin1;

-- Dumping data for table sad.atividade_resolucao: ~198 rows (approximately)
/*!40000 ALTER TABLE `atividade_resolucao` DISABLE KEYS */;
INSERT INTO `atividade_resolucao` (`valor`, `atividade_id`, `resolucao_id`) VALUES
	(10, 1, 1),
	(10, 2, 1),
	(10, 3, 1),
	(10, 4, 1),
	(20, 5, 1),
	(10, 6, 1),
	(5, 7, 1),
	(5, 8, 1),
	(8, 9, 1),
	(6, 10, 1),
	(4, 11, 1),
	(4, 12, 1),
	(3, 13, 1),
	(2, 14, 1),
	(10, 15, 1),
	(20, 16, 1),
	(40, 17, 1),
	(10, 18, 1),
	(10, 19, 1),
	(12, 20, 1),
	(5, 21, 1),
	(10, 22, 1),
	(10, 23, 1),
	(10, 24, 1),
	(20, 25, 1),
	(15, 26, 1),
	(20, 27, 1),
	(20, 28, 1),
	(10, 29, 1),
	(15, 30, 1),
	(10, 31, 1),
	(15, 32, 1),
	(20, 33, 1),
	(10, 34, 1),
	(5, 35, 1),
	(1, 36, 1),
	(10, 37, 1),
	(20, 38, 1),
	(16, 39, 1),
	(5, 40, 1),
	(20, 41, 1),
	(10, 42, 1),
	(20, 43, 1),
	(15, 44, 1),
	(20, 45, 1),
	(20, 46, 1),
	(15, 47, 1),
	(15, 48, 1),
	(5, 49, 1),
	(10, 50, 1),
	(15, 51, 1),
	(5, 52, 1),
	(5, 53, 1),
	(3, 54, 1),
	(20, 55, 1),
	(10, 56, 1),
	(5, 57, 1),
	(20, 58, 1),
	(20, 59, 1),
	(20, 60, 1),
	(20, 61, 1),
	(5, 62, 1),
	(10, 63, 1),
	(3, 64, 1),
	(3, 65, 1),
	(10, 66, 1),
	(5, 67, 1),
	(20, 68, 1),
	(10, 69, 1),
	(5, 70, 1),
	(10, 71, 1),
	(5, 72, 1),
	(20, 73, 1),
	(10, 74, 1),
	(5, 75, 1),
	(20, 76, 1),
	(3, 77, 1),
	(1, 78, 1),
	(2, 79, 1),
	(3, 80, 1),
	(3, 81, 1),
	(1, 82, 1),
	(5, 83, 1),
	(8, 84, 1),
	(10, 85, 1),
	(10, 86, 1),
	(5, 87, 1),
	(10, 88, 1),
	(5, 89, 1),
	(5, 90, 1),
	(3, 91, 1),
	(3, 92, 1),
	(5, 93, 1),
	(2, 94, 1),
	(5, 95, 1),
	(4, 96, 1),
	(3, 97, 1),
	(4, 98, 1),
	(2, 99, 1),
	(6, 100, 1),
	(3, 101, 1),
	(8, 102, 1),
	(4, 103, 1),
	(10, 104, 1),
	(5, 105, 1),
	(14, 106, 1),
	(10, 107, 1),
	(10, 108, 1),
	(10, 109, 1),
	(12, 110, 1),
	(12, 111, 1),
	(10, 112, 1),
	(8, 113, 1),
	(8, 114, 1),
	(8, 115, 1),
	(8, 116, 1),
	(8, 117, 1),
	(8, 118, 1),
	(5, 119, 1),
	(10, 120, 1),
	(10, 121, 1),
	(10, 122, 1),
	(10, 123, 1),
	(7, 124, 1),
	(5, 125, 1),
	(5, 126, 1),
	(5, 127, 1),
	(5, 128, 1),
	(5, 129, 1),
	(3, 130, 1),
	(3, 131, 1),
	(3, 132, 1),
	(3, 133, 1),
	(3, 134, 1),
	(3, 135, 1),
	(3, 136, 1),
	(10, 137, 1),
	(10, 138, 1),
	(3, 139, 1),
	(10, 140, 1),
	(10, 141, 1),
	(10, 142, 1),
	(20, 143, 1),
	(7, 144, 1),
	(10, 145, 1),
	(4, 146, 1),
	(15, 147, 1),
	(5, 148, 1),
	(8, 149, 1),
	(3, 150, 1),
	(8, 151, 1),
	(4, 152, 1),
	(5, 153, 1),
	(3, 154, 1),
	(3, 155, 1),
	(6, 156, 1),
	(3, 157, 1),
	(3, 158, 1),
	(2, 159, 1),
	(4, 160, 1),
	(2, 161, 1),
	(1, 162, 1),
	(6, 163, 1),
	(5, 164, 1),
	(5, 165, 1),
	(5, 166, 1),
	(5, 167, 1),
	(5, 168, 1),
	(5, 169, 1),
	(5, 170, 1),
	(3, 171, 1),
	(2, 172, 1),
	(1, 173, 1),
	(8, 174, 1),
	(1, 175, 1),
	(10, 176, 1),
	(4, 177, 1),
	(6, 178, 1),
	(2, 179, 1),
	(4, 180, 1),
	(6, 181, 1),
	(6, 182, 1),
	(8, 183, 1),
	(3, 184, 1),
	(4, 185, 1),
	(5, 186, 1),
	(6, 187, 1),
	(2, 188, 1),
	(8, 189, 1),
	(6, 190, 1),
	(2, 191, 1),
	(10, 192, 1),
	(12, 193, 1),
	(12, 194, 1),
	(12, 195, 1),
	(3, 196, 1),
	(1, 197, 1),
	(1, 198, 1);
/*!40000 ALTER TABLE `atividade_resolucao` ENABLE KEYS */;


-- Dumping structure for table sad.grupo
CREATE TABLE IF NOT EXISTS `grupo` (
  `id` int(11) NOT NULL AUTO_INCREMENT,
  `nome` varchar(255) NOT NULL,
  `grupo_id` int(11) DEFAULT NULL,
  PRIMARY KEY (`id`),
  UNIQUE KEY `id` (`id`),
  KEY `FK5E10C6986FD35F1` (`grupo_id`),
  CONSTRAINT `FK5E10C6986FD35F1` FOREIGN KEY (`grupo_id`) REFERENCES `grupo` (`id`)
) ENGINE=InnoDB AUTO_INCREMENT=21 DEFAULT CHARSET=latin1;

-- Dumping data for table sad.grupo: ~18 rows (approximately)
/*!40000 ALTER TABLE `grupo` DISABLE KEYS */;
INSERT INTO `grupo` (`id`, `nome`, `grupo_id`) VALUES
	(1, 'I – ATIVIDADES DE ENSINO', NULL),
	(2, 'I -1 Graduação', 1),
	(3, 'I -2 Pós-Graduação stricto e lato sensu', 1),
	(4, 'II - PRODUÇÃO INTELECTUAL', NULL),
	(5, 'II -1 Produção Científica', 4),
	(6, 'II - 2 Produção Artística e Cultural ', 4),
	(7, 'II - 3 Produção Técnica e Tecnológica', 4),
	(8, 'II - 4 Outro Tipo de Produção', 4),
	(9, 'III – ATIVIDADES DE PESQUISA E EXTENSÃO', NULL),
	(10, 'III -1 Atividades de Coordenação de Pesquisa', 9),
	(11, 'III - 2 Atividades de Extensão', 9),
	(12, 'IV - ATIVIDADES ADMINISTRATIVAS E DE REPRESENTAÇÃO', NULL),
	(13, 'IV – 1 Direção e Função Gratificada ', 12),
	(14, 'IV – 2 Atividades Administrativas ', 12),
	(15, 'IV – 3 Outras Atividades Administrativas', 12),
	(16, 'IV – 4 Atividades de Representação Fora da UFG', 12),
	(17, 'V - OUTRAS ATIVIDADES', NULL),
	(18, 'V - 1 Atividades Acadêmicas - Orientação', 17),
	(19, 'V - 2 Atividades Acadêmicas – Bancas e Cursos', 17),
	(20, 'V - 3 Atividades de Aprendizado e Aperfeiçoamento', 17);
/*!40000 ALTER TABLE `grupo` ENABLE KEYS */;


-- Dumping structure for table sad.grupo_resolucao
CREATE TABLE IF NOT EXISTS `grupo_resolucao` (
  `grupo_id` int(11) NOT NULL,
  `resolucao_id` int(11) NOT NULL,
  PRIMARY KEY (`resolucao_id`,`grupo_id`),
  KEY `FKDB5F9EE3F7CB4071` (`resolucao_id`),
  KEY `FKDB5F9EE386FD35F1` (`grupo_id`),
  CONSTRAINT `FKDB5F9EE386FD35F1` FOREIGN KEY (`grupo_id`) REFERENCES `grupo` (`id`),
  CONSTRAINT `FKDB5F9EE3F7CB4071` FOREIGN KEY (`resolucao_id`) REFERENCES `resolucao` (`id`)
) ENGINE=InnoDB DEFAULT CHARSET=latin1;

-- Dumping data for table sad.grupo_resolucao: ~20 rows (approximately)
/*!40000 ALTER TABLE `grupo_resolucao` DISABLE KEYS */;
INSERT INTO `grupo_resolucao` (`grupo_id`, `resolucao_id`) VALUES
	(1, 1),
	(2, 1),
	(3, 1),
	(4, 1),
	(5, 1),
	(6, 1),
	(7, 1),
	(8, 1),
	(9, 1),
	(10, 1),
	(11, 1),
	(12, 1),
	(13, 1),
	(14, 1),
	(15, 1),
	(16, 1),
	(17, 1),
	(18, 1),
	(19, 1),
	(20, 1);
/*!40000 ALTER TABLE `grupo_resolucao` ENABLE KEYS */;


-- Dumping structure for table sad.resolucao
CREATE TABLE IF NOT EXISTS `resolucao` (
  `id` int(11) NOT NULL AUTO_INCREMENT,
  `nome` varchar(255) NOT NULL,
  PRIMARY KEY (`id`),
  UNIQUE KEY `id` (`id`)
) ENGINE=InnoDB AUTO_INCREMENT=2 DEFAULT CHARSET=latin1;

-- Dumping data for table sad.resolucao: ~0 rows (approximately)
/*!40000 ALTER TABLE `resolucao` DISABLE KEYS */;
INSERT INTO `resolucao` (`id`, `nome`) VALUES
	(1, 'Resolução 32/2013');
/*!40000 ALTER TABLE `resolucao` ENABLE KEYS */;
/*!40101 SET SQL_MODE=IFNULL(@OLD_SQL_MODE, '') */;
/*!40014 SET FOREIGN_KEY_CHECKS=IF(@OLD_FOREIGN_KEY_CHECKS IS NULL, 1, @OLD_FOREIGN_KEY_CHECKS) */;
/*!40101 SET CHARACTER_SET_CLIENT=@OLD_CHARACTER_SET_CLIENT */;
